symbol,start,end,turbo_exposure,ultra_threshold,brake_dd,return_pct,multiple,mdd_pct,liquidated,max_exposure_seen
BTCUSDT,2017-08-18 00:00:00+00:00,2019-08-18 00:00:00+00:00,1.5,1.15,0.1,50.52471239715912,1.5052471239715912,-20.031812245735125,0,1.5
BTCUSDT,2018-02-14 00:00:00+00:00,2020-02-14 00:00:00+00:00,1.5,1.15,0.1,56.03179527545461,1.560317952754546,-13.99747910445962,0,1.5
BTCUSDT,2018-08-13 00:00:00+00:00,2020-08-12 00:00:00+00:00,1.5,1.15,0.1,79.11136250482642,1.7911136250482642,-14.651419437541524,0,1.5
BTCUSDT,2019-02-09 00:00:00+00:00,2021-02-08 00:00:00+00:00,1.5,1.15,0.1,136.92018090057059,2.369201809005706,-17.363015216598665,0,1.5
BTCUSDT,2019-08-08 00:00:00+00:00,2021-08-07 00:00:00+00:00,1.5,1.15,0.1,49.43707077021302,1.4943707077021302,-18.700644368594443,0,1.5
BTCUSDT,2020-02-04 00:00:00+00:00,2022-02-03 00:00:00+00:00,1.5,1.15,0.1,45.715101593825565,1.4571510159382557,-20.166322660733083,0,1.5
BTCUSDT,2020-08-02 00:00:00+00:00,2022-08-02 00:00:00+00:00,1.5,1.15,0.1,12.713970782163898,1.127139707821639,-20.16632266073326,0,1.5
BTCUSDT,2021-01-29 00:00:00+00:00,2023-01-29 00:00:00+00:00,1.5,1.15,0.1,-17.74850433854427,0.8225149566145573,-20.15232444412073,0,1.5
BTCUSDT,2021-07-28 00:00:00+00:00,2023-07-28 00:00:00+00:00,1.5,1.15,0.1,-13.923102811763766,0.8607689718823623,-17.891297740780633,0,1.5
BTCUSDT,2022-01-24 00:00:00+00:00,2024-01-24 00:00:00+00:00,1.5,1.15,0.1,-5.104455333073865,0.9489554466692613,-17.891297740780608,0,1.5
BTCUSDT,2022-07-23 00:00:00+00:00,2024-07-22 00:00:00+00:00,1.5,1.15,0.1,-0.4124809446126254,0.9958751905538737,-17.89129774078053,0,1.5
BTCUSDT,2023-01-19 00:00:00+00:00,2025-01-18 00:00:00+00:00,1.5,1.15,0.1,2.6787557080892865,1.0267875570808929,-17.8912977407808,0,1.5
BTCUSDT,2023-07-18 00:00:00+00:00,2025-07-17 00:00:00+00:00,1.5,1.15,0.1,41.96976284993303,1.4196976284993303,-17.29137969701594,0,1.5
BTCUSDT,2024-01-14 00:00:00+00:00,2026-01-13 00:00:00+00:00,1.5,1.15,0.1,29.772588586375214,1.2977258858637521,-17.291379697016097,0,1.5
BTCUSDT,2024-07-12 00:00:00+00:00,2026-07-12 00:00:00+00:00,1.5,1.15,0.1,26.532716745602023,1.2653271674560203,-7.791282699605451,0,1.5
ETHUSDT,2017-08-18 00:00:00+00:00,2019-08-18 00:00:00+00:00,1.5,1.15,0.1,2.214589179714288,1.0221458917971429,-20.18497183897434,0,1.5
ETHUSDT,2018-02-14 00:00:00+00:00,2020-02-14 00:00:00+00:00,1.5,1.15,0.1,55.49653702112018,1.5549653702112018,-19.650332825698147,0,1.5
ETHUSDT,2018-08-13 00:00:00+00:00,2020-08-12 00:00:00+00:00,1.5,1.15,0.1,65.05465921116762,1.6505465921116762,-19.65033282569808,0,1.5
ETHUSDT,2019-02-09 00:00:00+00:00,2021-02-08 00:00:00+00:00,1.5,1.15,0.1,159.47273136015636,2.5947273136015636,-20.20166160854535,0,1.5
ETHUSDT,2019-08-08 00:00:00+00:00,2021-08-07 00:00:00+00:00,1.5,1.15,0.1,126.89653585408074,2.2689653585408074,-20.201661608545397,0,1.5
ETHUSDT,2020-02-04 00:00:00+00:00,2022-02-03 00:00:00+00:00,1.5,1.15,0.1,109.71807660606068,2.0971807660606068,-20.201661608545372,0,1.5
ETHUSDT,2020-08-02 00:00:00+00:00,2022-08-02 00:00:00+00:00,1.5,1.15,0.1,39.71293444560602,1.3971293444560602,-20.20166160854533,0,1.5
ETHUSDT,2021-01-29 00:00:00+00:00,2023-01-29 00:00:00+00:00,1.5,1.15,0.1,23.6768930348614,1.236768930348614,-19.57478742088351,0,1.5
ETHUSDT,2021-07-28 00:00:00+00:00,2023-07-28 00:00:00+00:00,1.5,1.15,0.1,-7.974259093518443,0.9202574090648156,-20.05589320581209,0,1.5
ETHUSDT,2022-01-24 00:00:00+00:00,2024-01-24 00:00:00+00:00,1.5,1.15,0.1,-16.36500399313674,0.8363499600686326,-20.002459191801858,0,1.5
ETHUSDT,2022-07-23 00:00:00+00:00,2024-07-22 00:00:00+00:00,1.5,1.15,0.1,-14.07242684865706,0.8592757315134294,-18.42250264281319,0,1.5
ETHUSDT,2023-01-19 00:00:00+00:00,2025-01-18 00:00:00+00:00,1.5,1.15,0.1,-15.886640147698783,0.8411335985230122,-18.621146001213408,0,1.5
ETHUSDT,2023-07-18 00:00:00+00:00,2025-07-17 00:00:00+00:00,1.5,1.15,0.1,19.023909241242222,1.1902390924124222,-18.582545733395108,0,1.5
ETHUSDT,2024-01-14 00:00:00+00:00,2026-01-13 00:00:00+00:00,1.5,1.15,0.1,34.00143913569613,1.3400143913569613,-18.582545733395172,0,1.5
ETHUSDT,2024-07-12 00:00:00+00:00,2026-07-12 00:00:00+00:00,1.5,1.15,0.1,37.84946245351388,1.3784946245351388,-15.049992202810625,0,1.5
BNBUSDT,2017-11-07 00:00:00+00:00,2019-11-07 00:00:00+00:00,1.5,1.15,0.1,15.78965415423783,1.1578965415423783,-20.03871299858678,0,1.5
BNBUSDT,2018-05-06 00:00:00+00:00,2020-05-05 00:00:00+00:00,1.5,1.15,0.1,85.9303352293774,1.859303352293774,-14.256703960116624,0,1.5
BNBUSDT,2018-11-02 00:00:00+00:00,2020-11-01 00:00:00+00:00,1.5,1.15,0.1,79.60384448821193,1.7960384448821194,-18.423832701062626,0,1.5
BNBUSDT,2019-05-01 00:00:00+00:00,2021-04-30 00:00:00+00:00,1.5,1.15,0.1,120.33934384577165,2.2033934384577165,-20.16139240297583,0,1.5
BNBUSDT,2019-10-28 00:00:00+00:00,2021-10-27 00:00:00+00:00,1.5,1.15,0.1,105.36573040386305,2.0536573040386306,-20.16139240297583,0,1.5
BNBUSDT,2020-04-25 00:00:00+00:00,2022-04-25 00:00:00+00:00,1.5,1.15,0.1,-14.35093009229902,0.8564906990770098,-19.989553413792606,0,1.5
BNBUSDT,2020-10-22 00:00:00+00:00,2022-10-22 00:00:00+00:00,1.5,1.15,0.1,160.13369707023682,2.601336970702368,-20.161392402975853,0,1.5
BNBUSDT,2021-04-20 00:00:00+00:00,2023-04-20 00:00:00+00:00,1.5,1.15,0.1,-20.136373229576453,0.7986362677042355,-20.136373229576453,0,1.5
BNBUSDT,2021-10-17 00:00:00+00:00,2023-10-17 00:00:00+00:00,1.5,1.15,0.1,5.860322090111292,1.058603220901113,-20.365122438741423,0,1.5
BNBUSDT,2022-04-15 00:00:00+00:00,2024-04-14 00:00:00+00:00,1.5,1.15,0.1,-18.098661032957175,0.8190133896704282,-20.602137780276898,0,1.5
BNBUSDT,2022-10-12 00:00:00+00:00,2024-10-11 00:00:00+00:00,1.5,1.15,0.1,18.607688762272588,1.186076887622726,-19.850336480254793,0,1.5
BNBUSDT,2023-04-10 00:00:00+00:00,2025-04-09 00:00:00+00:00,1.5,1.15,0.1,9.606139898285914,1.0960613989828591,-19.90657207365878,0,1.5
BNBUSDT,2023-10-07 00:00:00+00:00,2025-10-06 00:00:00+00:00,1.5,1.15,0.1,9.235161266129467,1.0923516126612947,-20.0907966312717,0,1.5
BNBUSDT,2024-04-04 00:00:00+00:00,2026-04-04 00:00:00+00:00,1.5,1.15,0.1,-9.405047437955416,0.9059495256204458,-19.069238796441855,0,1.5
XRPUSDT,2018-05-05 00:00:00+00:00,2020-05-04 00:00:00+00:00,1.5,1.15,0.1,38.6984056942522,1.386984056942522,-25.96341634884185,0,1.5
XRPUSDT,2018-11-01 00:00:00+00:00,2020-10-31 00:00:00+00:00,1.5,1.15,0.1,-9.617806364611404,0.903821936353886,-20.026763181653873,0,1.5
XRPUSDT,2019-04-30 00:00:00+00:00,2021-04-29 00:00:00+00:00,1.5,1.15,0.1,2.476441372343685,1.0247644137234369,-20.07696145399467,0,1.5
XRPUSDT,2019-10-27 00:00:00+00:00,2021-10-26 00:00:00+00:00,1.5,1.15,0.1,142.93108697032224,2.4293108697032224,-20.30426754085437,0,1.5
XRPUSDT,2020-04-24 00:00:00+00:00,2022-04-24 00:00:00+00:00,1.5,1.15,0.1,133.94564329147892,2.339456432914789,-20.30426754085437,0,1.5
XRPUSDT,2020-10-21 00:00:00+00:00,2022-10-21 00:00:00+00:00,1.5,1.15,0.1,127.61482685882899,2.27614826858829,-20.304267540854394,0,1.5
XRPUSDT,2021-04-19 00:00:00+00:00,2023-04-19 00:00:00+00:00,1.5,1.15,0.1,-15.561820651159476,0.8443817934884053,-20.249349531253657,0,0.75
XRPUSDT,2021-10-16 00:00:00+00:00,2023-10-16 00:00:00+00:00,1.5,1.15,0.1,-19.119635345446884,0.8088036465455312,-20.413099741104222,0,1.5
XRPUSDT,2022-04-14 00:00:00+00:00,2024-04-13 00:00:00+00:00,1.5,1.15,0.1,-9.287162039852237,0.9071283796014776,-20.092599432077296,0,1.5
XRPUSDT,2022-10-11 00:00:00+00:00,2024-10-10 00:00:00+00:00,1.5,1.15,0.1,-19.959974838876903,0.800400251611231,-20.091293333025295,0,1.5
XRPUSDT,2023-04-09 00:00:00+00:00,2025-04-08 00:00:00+00:00,1.5,1.15,0.1,0.07827125916184396,1.0007827125916184,-20.19441458699518,0,1.5
XRPUSDT,2023-10-06 00:00:00+00:00,2025-10-05 00:00:00+00:00,1.5,1.15,0.1,-2.85079866195187,0.9714920133804813,-20.19441458699518,0,1.5
XRPUSDT,2024-04-03 00:00:00+00:00,2026-04-03 00:00:00+00:00,1.5,1.15,0.1,86.2223569679267,1.862223569679267,-19.93638036176276,0,1.5
ADAUSDT,2018-04-18 00:00:00+00:00,2020-04-17 00:00:00+00:00,1.5,1.15,0.1,-18.712527160319283,0.8128747283968072,-20.140662255727438,0,1.5
ADAUSDT,2018-10-15 00:00:00+00:00,2020-10-14 00:00:00+00:00,1.5,1.15,0.1,-13.27591048157034,0.8672408951842966,-20.215198314907923,0,1.5
ADAUSDT,2019-04-13 00:00:00+00:00,2021-04-12 00:00:00+00:00,1.5,1.15,0.1,6.423100518693037,1.0642310051869304,-19.91695370538177,0,1.5
ADAUSDT,2019-10-10 00:00:00+00:00,2021-10-09 00:00:00+00:00,1.5,1.15,0.1,7.8073047123337735,1.0780730471233377,-20.198346175593695,0,1.5
ADAUSDT,2020-04-07 00:00:00+00:00,2022-04-07 00:00:00+00:00,1.5,1.15,0.1,13.250597821737898,1.132505978217379,-20.198346175593606,0,1.5
ADAUSDT,2020-10-04 00:00:00+00:00,2022-10-04 00:00:00+00:00,1.5,1.15,0.1,-2.3649122332207506,0.9763508776677925,-20.141795284870145,0,1.5
ADAUSDT,2021-04-02 00:00:00+00:00,2023-04-02 00:00:00+00:00,1.5,1.15,0.1,-8.821303044588047,0.9117869695541195,-20.228977349556978,0,1.5
ADAUSDT,2021-09-29 00:00:00+00:00,2023-09-29 00:00:00+00:00,1.5,1.15,0.1,-18.476574901361086,0.8152342509863891,-19.98566838411885,0,1.5
ADAUSDT,2022-03-28 00:00:00+00:00,2024-03-27 00:00:00+00:00,1.5,1.15,0.1,-17.617303141023665,0.8238269685897633,-20.204942261975845,0,1.5
ADAUSDT,2022-09-24 00:00:00+00:00,2024-09-23 00:00:00+00:00,1.5,1.15,0.1,-15.237933355478383,0.8476206664452162,-20.079204310889576,0,1.5
ADAUSDT,2023-03-23 00:00:00+00:00,2025-03-22 00:00:00+00:00,1.5,1.15,0.1,8.385904716918446,1.0838590471691845,-20.079204310889565,0,1.5
ADAUSDT,2023-09-19 00:00:00+00:00,2025-09-18 00:00:00+00:00,1.5,1.15,0.1,19.31086119198668,1.1931086119198668,-20.079204310889665,0,1.5
ADAUSDT,2024-03-17 00:00:00+00:00,2026-03-17 00:00:00+00:00,1.5,1.15,0.1,46.84332186042255,1.4684332186042255,-20.123340393185487,0,1.5
DOGEUSDT,2019-07-06 00:00:00+00:00,2021-07-05 00:00:00+00:00,1.5,1.15,0.1,60.23196932678025,1.6023196932678025,-23.352708342228023,0,1.5
DOGEUSDT,2020-01-02 00:00:00+00:00,2022-01-01 00:00:00+00:00,1.5,1.15,0.1,60.78703647282791,1.607870364728279,-23.352708342228045,0,1.5
DOGEUSDT,2020-06-30 00:00:00+00:00,2022-06-30 00:00:00+00:00,1.5,1.15,0.1,43.88653035777499,1.4388653035777499,-23.352708316872175,0,1.5
DOGEUSDT,2020-12-27 00:00:00+00:00,2022-12-27 00:00:00+00:00,1.5,1.15,0.1,76.16053847416117,1.7616053847416118,-34.497759130186964,0,1.5
DOGEUSDT,2021-06-25 00:00:00+00:00,2023-06-25 00:00:00+00:00,1.5,1.15,0.1,-19.696222704029942,0.8030377729597006,-20.19990291503281,0,1.5
DOGEUSDT,2021-12-22 00:00:00+00:00,2023-12-22 00:00:00+00:00,1.5,1.15,0.1,15.121055055891075,1.1512105505589108,-20.037817245544854,0,1.5
DOGEUSDT,2022-06-20 00:00:00+00:00,2024-06-19 00:00:00+00:00,1.5,1.15,0.1,49.3300607050059,1.493300607050059,-20.037817245544886,0,1.5
DOGEUSDT,2022-12-17 00:00:00+00:00,2024-12-16 00:00:00+00:00,1.5,1.15,0.1,-14.42641726755265,0.8557358273244735,-20.277837391077913,0,0.75
DOGEUSDT,2023-06-15 00:00:00+00:00,2025-06-14 00:00:00+00:00,1.5,1.15,0.1,-14.478434081509006,0.8552156591849099,-20.26549636882008,0,1.5
DOGEUSDT,2023-12-12 00:00:00+00:00,2025-12-11 00:00:00+00:00,1.5,1.15,0.1,97.33196829161955,1.9733196829161954,-20.09226366963063,0,1.5
DOGEUSDT,2024-06-09 00:00:00+00:00,2026-06-09 00:00:00+00:00,1.5,1.15,0.1,76.52833768227904,1.7652833768227905,-20.092263669630672,0,1.5
LINKUSDT,2019-01-17 00:00:00+00:00,2021-01-16 00:00:00+00:00,1.5,1.15,0.1,-9.438312243178448,0.9056168775682155,-20.152187117438036,0,1.5
LINKUSDT,2019-07-16 00:00:00+00:00,2021-07-15 00:00:00+00:00,1.5,1.15,0.1,-4.609364839400298,0.953906351605997,-20.334667115478076,0,1.5
LINKUSDT,2020-01-12 00:00:00+00:00,2022-01-11 00:00:00+00:00,1.5,1.15,0.1,21.04335626622229,1.210433562662223,-20.103535836688703,0,1.5
LINKUSDT,2020-07-10 00:00:00+00:00,2022-07-10 00:00:00+00:00,1.5,1.15,0.1,39.392721455077705,1.393927214550777,-20.0726017127424,0,1.5
LINKUSDT,2021-01-06 00:00:00+00:00,2023-01-06 00:00:00+00:00,1.5,1.15,0.1,-8.661228426558132,0.9133877157344187,-20.163634209763657,0,1.5
LINKUSDT,2021-07-05 00:00:00+00:00,2023-07-05 00:00:00+00:00,1.5,1.15,0.1,-13.91999079644155,0.8608000920355845,-20.072563329387695,0,1.5
LINKUSDT,2022-01-01 00:00:00+00:00,2024-01-01 00:00:00+00:00,1.5,1.15,0.1,-14.259502549297975,0.8574049745070202,-20.223848228499687,0,1.5
LINKUSDT,2022-06-30 00:00:00+00:00,2024-06-29 00:00:00+00:00,1.5,1.15,0.1,-15.572021266278647,0.8442797873372135,-20.552746986419045,0,1.5
LINKUSDT,2022-12-27 00:00:00+00:00,2024-12-26 00:00:00+00:00,1.5,1.15,0.1,0.7159536117556042,1.007159536117556,-20.022499170075147,0,1.5
LINKUSDT,2023-06-25 00:00:00+00:00,2025-06-24 00:00:00+00:00,1.5,1.15,0.1,35.750564824214905,1.357505648242149,-20.02249917007498,0,1.5
LINKUSDT,2023-12-22 00:00:00+00:00,2025-12-21 00:00:00+00:00,1.5,1.15,0.1,-14.984262118718107,0.8501573788128189,-20.609093166193492,0,1.5
LINKUSDT,2024-06-19 00:00:00+00:00,2026-06-19 00:00:00+00:00,1.5,1.15,0.1,-7.791163159791992,0.9220883684020801,-20.043424799817476,0,1.5
LTCUSDT,2017-12-14 00:00:00+00:00,2019-12-14 00:00:00+00:00,1.5,1.15,0.1,-19.50877252062586,0.8049122747937414,-20.0787710257346,0,1.5
LTCUSDT,2018-06-12 00:00:00+00:00,2020-06-11 00:00:00+00:00,1.5,1.15,0.1,10.651197122149991,1.1065119712215,-20.644827533453125,0,1.5
LTCUSDT,2018-12-09 00:00:00+00:00,2020-12-08 00:00:00+00:00,1.5,1.15,0.1,12.163094999184331,1.1216309499918433,-20.644827533453036,0,1.5
LTCUSDT,2019-06-07 00:00:00+00:00,2021-06-06 00:00:00+00:00,1.5,1.15,0.1,-17.363418421735787,0.8263658157826421,-20.096296009389658,0,1.5
LTCUSDT,2019-12-04 00:00:00+00:00,2021-12-03 00:00:00+00:00,1.5,1.15,0.1,2.8815556383158913,1.028815556383159,-19.968797479300427,0,1.5
LTCUSDT,2020-06-01 00:00:00+00:00,2022-06-01 00:00:00+00:00,1.5,1.15,0.1,-0.061291080013359256,0.9993870891998664,-20.053050599207133,0,1.5
LTCUSDT,2020-11-28 00:00:00+00:00,2022-11-28 00:00:00+00:00,1.5,1.15,0.1,8.630298164737859,1.0863029816473786,-20.053050599207122,0,1.5
LTCUSDT,2021-05-27 00:00:00+00:00,2023-05-27 00:00:00+00:00,1.5,1.15,0.1,-8.392545298988042,0.9160745470101196,-20.16661989295674,0,1.5
LTCUSDT,2021-11-23 00:00:00+00:00,2023-11-23 00:00:00+00:00,1.5,1.15,0.1,-14.630559700404945,0.8536944029959506,-20.256898661957678,0,0.75
LTCUSDT,2022-05-22 00:00:00+00:00,2024-05-21 00:00:00+00:00,1.5,1.15,0.1,-17.861444297019702,0.821385557029803,-20.09052447677894,0,0.75
LTCUSDT,2022-11-18 00:00:00+00:00,2024-11-17 00:00:00+00:00,1.5,1.15,0.1,-9.274262414538715,0.9072573758546129,-20.16183636713349,0,1.5
LTCUSDT,2023-05-17 00:00:00+00:00,2025-05-16 00:00:00+00:00,1.5,1.15,0.1,-19.11711286070784,0.8088288713929216,-20.241431221548467,0,1.5
LTCUSDT,2023-11-13 00:00:00+00:00,2025-11-12 00:00:00+00:00,1.5,1.15,0.1,-12.308706950908043,0.8769129304909196,-20.236159644630124,0,1.5
LTCUSDT,2024-05-11 00:00:00+00:00,2026-05-11 00:00:00+00:00,1.5,1.15,0.1,-0.18421146036727842,0.9981578853963272,-20.08991823222678,0,1.5
SOLUSDT,2020-08-12 00:00:00+00:00,2022-08-12 00:00:00+00:00,1.5,1.15,0.1,-6.953103735128385,0.9304689626487161,-20.284135072553244,0,1.5
SOLUSDT,2021-02-08 00:00:00+00:00,2023-02-08 00:00:00+00:00,1.5,1.15,0.1,10.734129651563084,1.1073412965156308,-20.04543270147653,0,1.5
SOLUSDT,2021-08-07 00:00:00+00:00,2023-08-07 00:00:00+00:00,1.5,1.15,0.1,112.90666715614944,2.1290666715614943,-20.128988639924838,0,1.5
SOLUSDT,2022-02-03 00:00:00+00:00,2024-02-03 00:00:00+00:00,1.5,1.15,0.1,-12.756673030970822,0.8724332696902918,-20.2099843692195,0,1.5
SOLUSDT,2022-08-02 00:00:00+00:00,2024-08-01 00:00:00+00:00,1.5,1.15,0.1,-18.00478485806464,0.8199521514193536,-20.510520859193203,0,1.5
SOLUSDT,2023-01-29 00:00:00+00:00,2025-01-28 00:00:00+00:00,1.5,1.15,0.1,-14.491228569615744,0.8550877143038426,-19.50581308944609,0,1.5
SOLUSDT,2023-07-28 00:00:00+00:00,2025-07-27 00:00:00+00:00,1.5,1.15,0.1,20.748874010531672,1.2074887401053167,-20.081527080263573,0,1.5
SOLUSDT,2024-01-24 00:00:00+00:00,2026-01-23 00:00:00+00:00,1.5,1.15,0.1,-0.2883585243981468,0.9971164147560185,-20.09553243754869,0,1.5
SOLUSDT,2024-07-22 00:00:00+00:00,2026-07-22 00:00:00+00:00,1.5,1.15,0.1,-20.038006892472737,0.7996199310752726,-20.038006892472737,0,1.5
AVAXUSDT,2020-09-23 00:00:00+00:00,2022-09-23 00:00:00+00:00,1.5,1.15,0.1,195.5959184139017,2.955959184139017,-20.314330337043472,0,1.5
AVAXUSDT,2021-03-22 00:00:00+00:00,2023-03-22 00:00:00+00:00,1.5,1.15,0.1,-15.42514918184066,0.8457485081815934,-20.725492958824344,0,1.5
AVAXUSDT,2021-09-18 00:00:00+00:00,2023-09-18 00:00:00+00:00,1.5,1.15,0.1,-13.511230704066657,0.8648876929593334,-20.072725378974354,0,1.5
AVAXUSDT,2022-03-17 00:00:00+00:00,2024-03-16 00:00:00+00:00,1.5,1.15,0.1,-17.45651043698314,0.8254348956301686,-20.06413324612736,0,1.5
AVAXUSDT,2022-09-13 00:00:00+00:00,2024-09-12 00:00:00+00:00,1.5,1.15,0.1,1.4022822252523603,1.0140228222525236,-20.117526015001598,0,1.5
AVAXUSDT,2023-03-12 00:00:00+00:00,2025-03-11 00:00:00+00:00,1.5,1.15,0.1,38.668321328638285,1.3866832132863829,-20.297237517890288,0,1.5
AVAXUSDT,2023-09-08 00:00:00+00:00,2025-09-07 00:00:00+00:00,1.5,1.15,0.1,54.45675828797949,1.544567582879795,-20.297237517890178,0,1.5
AVAXUSDT,2024-03-06 00:00:00+00:00,2026-03-06 00:00:00+00:00,1.5,1.15,0.1,-0.12261521442787915,0.9987738478557212,-20.037934663244595,0,1.5
BTCUSDT,2017-08-18 00:00:00+00:00,2019-08-18 00:00:00+00:00,1.5,1.15,0.15,55.47769792823387,1.5547769792823387,-25.11495940476094,0,1.5
BTCUSDT,2018-02-14 00:00:00+00:00,2020-02-14 00:00:00+00:00,1.5,1.15,0.15,72.73124547169685,1.7273124547169685,-15.12726925379473,0,1.5
BTCUSDT,2018-08-13 00:00:00+00:00,2020-08-12 00:00:00+00:00,1.5,1.15,0.15,97.71008941322488,1.9771008941322488,-15.127269253794717,0,1.5
BTCUSDT,2019-02-09 00:00:00+00:00,2021-02-08 00:00:00+00:00,1.5,1.15,0.15,184.2317102894611,2.842317102894611,-21.236488497646256,0,1.5
BTCUSDT,2019-08-08 00:00:00+00:00,2021-08-07 00:00:00+00:00,1.5,1.15,0.15,60.39315535847884,1.6039315535847884,-23.475514515161,0,1.5
BTCUSDT,2020-02-04 00:00:00+00:00,2022-02-03 00:00:00+00:00,1.5,1.15,0.15,56.065194408209294,1.560651944082093,-25.01516185805842,0,1.5
BTCUSDT,2020-08-02 00:00:00+00:00,2022-08-02 00:00:00+00:00,1.5,1.15,0.15,20.72000479176921,1.207200047917692,-25.015161858058544,0,1.5
BTCUSDT,2021-01-29 00:00:00+00:00,2023-01-29 00:00:00+00:00,1.5,1.15,0.15,-3.802775389278623,0.9619722461072138,-20.502110402925055,0,1.5
BTCUSDT,2021-07-28 00:00:00+00:00,2023-07-28 00:00:00+00:00,1.5,1.15,0.15,-10.59528796870759,0.8940471203129241,-19.213220737950255,0,1.5
BTCUSDT,2022-01-24 00:00:00+00:00,2024-01-24 00:00:00+00:00,1.5,1.15,0.15,2.9437307464412754,1.0294373074644128,-19.21322073795033,0,1.5
BTCUSDT,2022-07-23 00:00:00+00:00,2024-07-22 00:00:00+00:00,1.5,1.15,0.15,19.530694892696367,1.1953069489269637,-19.213220737950376,0,1.5
BTCUSDT,2023-01-19 00:00:00+00:00,2025-01-18 00:00:00+00:00,1.5,1.15,0.15,38.687464062077524,1.3868746406207753,-19.21322073795023,0,1.5
BTCUSDT,2023-07-18 00:00:00+00:00,2025-07-17 00:00:00+00:00,1.5,1.15,0.15,59.28153287530111,1.5928153287530111,-18.87300468022466,0,1.5
BTCUSDT,2024-01-14 00:00:00+00:00,2026-01-13 00:00:00+00:00,1.5,1.15,0.15,46.25105622950674,1.4625105622950674,-18.873004680224714,0,1.5
BTCUSDT,2024-07-12 00:00:00+00:00,2026-07-12 00:00:00+00:00,1.5,1.15,0.15,26.532716745602023,1.2653271674560203,-7.791282699605451,0,1.5
ETHUSDT,2017-08-18 00:00:00+00:00,2019-08-18 00:00:00+00:00,1.5,1.15,0.15,14.817023707697864,1.1481702370769786,-25.30067059172758,0,1.5
ETHUSDT,2018-02-14 00:00:00+00:00,2020-02-14 00:00:00+00:00,1.5,1.15,0.15,68.57093413052071,1.685709341305207,-21.839175447397942,0,1.5
ETHUSDT,2018-08-13 00:00:00+00:00,2020-08-12 00:00:00+00:00,1.5,1.15,0.15,73.69090052755291,1.7369090052755292,-21.83917544739774,0,1.5
ETHUSDT,2019-02-09 00:00:00+00:00,2021-02-08 00:00:00+00:00,1.5,1.15,0.15,204.38282655802075,3.0438282655802076,-25.0177340440933,0,1.5
ETHUSDT,2019-08-08 00:00:00+00:00,2021-08-07 00:00:00+00:00,1.5,1.15,0.15,144.02050097192293,2.440205009719229,-25.0177340440933,0,1.5
ETHUSDT,2020-02-04 00:00:00+00:00,2022-02-03 00:00:00+00:00,1.5,1.15,0.15,125.54557707831444,2.2554557707831444,-25.017734044093277,0,1.5
ETHUSDT,2020-08-02 00:00:00+00:00,2022-08-02 00:00:00+00:00,1.5,1.15,0.15,53.92972448569664,1.5392972448569664,-25.017734044093253,0,1.5
ETHUSDT,2021-01-29 00:00:00+00:00,2023-01-29 00:00:00+00:00,1.5,1.15,0.15,17.939183138841685,1.1793918313884169,-23.505325011736545,0,1.5
ETHUSDT,2021-07-28 00:00:00+00:00,2023-07-28 00:00:00+00:00,1.5,1.15,0.15,-12.373955495777766,0.8762604450422223,-25.13754811560642,0,1.5
ETHUSDT,2022-01-24 00:00:00+00:00,2024-01-24 00:00:00+00:00,1.5,1.15,0.15,-18.002383408146216,0.8199761659185378,-22.415517473437696,0,1.5
ETHUSDT,2022-07-23 00:00:00+00:00,2024-07-22 00:00:00+00:00,1.5,1.15,0.15,-16.610019759241233,0.8338998024075877,-21.81583771781048,0,1.5
ETHUSDT,2023-01-19 00:00:00+00:00,2025-01-18 00:00:00+00:00,1.5,1.15,0.15,-11.17500766831878,0.8882499233168122,-22.838702085275344,0,1.5
ETHUSDT,2023-07-18 00:00:00+00:00,2025-07-17 00:00:00+00:00,1.5,1.15,0.15,18.451376972583166,1.1845137697258317,-22.83870208527522,0,1.5
ETHUSDT,2024-01-14 00:00:00+00:00,2026-01-13 00:00:00+00:00,1.5,1.15,0.15,34.75832873000966,1.3475832873000966,-22.838702085275287,0,1.5
ETHUSDT,2024-07-12 00:00:00+00:00,2026-07-12 00:00:00+00:00,1.5,1.15,0.15,37.367761321628045,1.3736776132162805,-17.72058295783302,0,1.5
BNBUSDT,2017-11-07 00:00:00+00:00,2019-11-07 00:00:00+00:00,1.5,1.15,0.15,31.09691638018115,1.3109691638018115,-25.093643248578967,0,1.5
BNBUSDT,2018-05-06 00:00:00+00:00,2020-05-05 00:00:00+00:00,1.5,1.15,0.15,109.27464193351675,2.0927464193351675,-14.914799623788555,0,1.5
BNBUSDT,2018-11-02 00:00:00+00:00,2020-11-01 00:00:00+00:00,1.5,1.15,0.15,80.40465665811274,1.8040465665811274,-26.871332144592674,0,1.5
BNBUSDT,2019-05-01 00:00:00+00:00,2021-04-30 00:00:00+00:00,1.5,1.15,0.15,10.671543126148242,1.1067154312614824,-26.87133214459263,0,1.5
BNBUSDT,2019-10-28 00:00:00+00:00,2021-10-27 00:00:00+00:00,1.5,1.15,0.15,-1.819577063586475,0.9818042293641353,-26.871332144592653,0,1.5
BNBUSDT,2020-04-25 00:00:00+00:00,2022-04-25 00:00:00+00:00,1.5,1.15,0.15,284.27826040189603,3.8427826040189603,-25.087716268088723,0,1.5
BNBUSDT,2020-10-22 00:00:00+00:00,2022-10-22 00:00:00+00:00,1.5,1.15,0.15,497.2329896991348,5.972329896991348,-25.087716268088712,0,1.5
BNBUSDT,2021-04-20 00:00:00+00:00,2023-04-20 00:00:00+00:00,1.5,1.15,0.15,-25.1305019444512,0.748694980555488,-25.1305019444512,0,1.5
BNBUSDT,2021-10-17 00:00:00+00:00,2023-10-17 00:00:00+00:00,1.5,1.15,0.15,4.825127426968656,1.0482512742696866,-21.143861806086818,0,1.5
BNBUSDT,2022-04-15 00:00:00+00:00,2024-04-14 00:00:00+00:00,1.5,1.15,0.15,-14.538191802739032,0.8546180819726097,-24.49497437070629,0,1.5
BNBUSDT,2022-10-12 00:00:00+00:00,2024-10-11 00:00:00+00:00,1.5,1.15,0.15,5.062012873905197,1.050620128739052,-24.53381901409537,0,1.5
BNBUSDT,2023-04-10 00:00:00+00:00,2025-04-09 00:00:00+00:00,1.5,1.15,0.15,13.075756030673391,1.130757560306734,-23.740719989687165,0,1.5
BNBUSDT,2023-10-07 00:00:00+00:00,2025-10-06 00:00:00+00:00,1.5,1.15,0.15,23.45169730158625,1.2345169730158625,-23.916580208622584,0,1.5
BNBUSDT,2024-04-04 00:00:00+00:00,2026-04-04 00:00:00+00:00,1.5,1.15,0.15,-15.00255835630111,0.8499744164369889,-21.44119418552748,0,1.5
XRPUSDT,2018-05-05 00:00:00+00:00,2020-05-04 00:00:00+00:00,1.5,1.15,0.15,43.81778966897505,1.4381778966897505,-25.96341634884186,0,1.5
XRPUSDT,2018-11-01 00:00:00+00:00,2020-10-31 00:00:00+00:00,1.5,1.15,0.15,-15.263647606352116,0.8473635239364788,-25.02239540193367,0,1.5
XRPUSDT,2019-04-30 00:00:00+00:00,2021-04-29 00:00:00+00:00,1.5,1.15,0.15,-3.825598944983555,0.9617440105501645,-24.99202490131064,0,1.5
XRPUSDT,2019-10-27 00:00:00+00:00,2021-10-26 00:00:00+00:00,1.5,1.15,0.15,153.40143235062095,2.5340143235062094,-25.248541762566433,0,1.5
XRPUSDT,2020-04-24 00:00:00+00:00,2022-04-24 00:00:00+00:00,1.5,1.15,0.15,144.02871547473129,2.440287154747313,-25.24854176256648,0,1.5
XRPUSDT,2020-10-21 00:00:00+00:00,2022-10-21 00:00:00+00:00,1.5,1.15,0.15,113.58433162889784,2.1358433162889785,-25.248541762566433,0,1.5
XRPUSDT,2021-04-19 00:00:00+00:00,2023-04-19 00:00:00+00:00,1.5,1.15,0.15,-20.620615518475958,0.7937938448152404,-25.027308795269743,0,0.75
XRPUSDT,2021-10-16 00:00:00+00:00,2023-10-16 00:00:00+00:00,1.5,1.15,0.15,-23.961753628012417,0.7603824637198758,-25.17778133523727,0,1.5
XRPUSDT,2022-04-14 00:00:00+00:00,2024-04-13 00:00:00+00:00,1.5,1.15,0.15,-16.739293254333056,0.8326070674566695,-25.00972781302866,0,1.5
XRPUSDT,2022-10-11 00:00:00+00:00,2024-10-10 00:00:00+00:00,1.5,1.15,0.15,-24.899899244572953,0.7510010075542705,-25.02311300071238,0,1.5
XRPUSDT,2023-04-09 00:00:00+00:00,2025-04-08 00:00:00+00:00,1.5,1.15,0.15,-8.539431494279947,0.9146056850572005,-25.044918722837785,0,1.5
XRPUSDT,2023-10-06 00:00:00+00:00,2025-10-05 00:00:00+00:00,1.5,1.15,0.15,-8.755430530077014,0.9124456946992299,-25.044918722837807,0,1.5
XRPUSDT,2024-04-03 00:00:00+00:00,2026-04-03 00:00:00+00:00,1.5,1.15,0.15,162.36416251520254,2.6236416251520254,-23.43324080746917,0,1.5
ADAUSDT,2018-04-18 00:00:00+00:00,2020-04-17 00:00:00+00:00,1.5,1.15,0.15,-24.052543335067288,0.7594745666493271,-25.386859982899335,0,1.5
ADAUSDT,2018-10-15 00:00:00+00:00,2020-10-14 00:00:00+00:00,1.5,1.15,0.15,-18.625395095828623,0.8137460490417138,-25.136640228407025,0,1.5
ADAUSDT,2019-04-13 00:00:00+00:00,2021-04-12 00:00:00+00:00,1.5,1.15,0.15,-0.33945475173641215,0.9966054524826359,-25.00291725704219,0,1.5
ADAUSDT,2019-10-10 00:00:00+00:00,2021-10-09 00:00:00+00:00,1.5,1.15,0.15,43.97698079289276,1.4397698079289276,-25.06203910975813,0,1.5
ADAUSDT,2020-04-07 00:00:00+00:00,2022-04-07 00:00:00+00:00,1.5,1.15,0.15,36.13555622769409,1.3613555622769409,-25.062039109758103,0,1.5
ADAUSDT,2020-10-04 00:00:00+00:00,2022-10-04 00:00:00+00:00,1.5,1.15,0.15,38.17588292600256,1.3817588292600256,-25.06203910975807,0,1.5
ADAUSDT,2021-04-02 00:00:00+00:00,2023-04-02 00:00:00+00:00,1.5,1.15,0.15,-6.69543123147911,0.9330456876852089,-25.089117646281522,0,1.5
ADAUSDT,2021-09-29 00:00:00+00:00,2023-09-29 00:00:00+00:00,1.5,1.15,0.15,-22.247255260771816,0.7775274473922819,-23.686549061425143,0,1.5
ADAUSDT,2022-03-28 00:00:00+00:00,2024-03-27 00:00:00+00:00,1.5,1.15,0.15,-21.362868819031277,0.7863713118096872,-24.428394534338093,0,1.5
ADAUSDT,2022-09-24 00:00:00+00:00,2024-09-23 00:00:00+00:00,1.5,1.15,0.15,-7.9329662639624265,0.9206703373603757,-25.15459216274668,0,1.5
ADAUSDT,2023-03-23 00:00:00+00:00,2025-03-22 00:00:00+00:00,1.5,1.15,0.15,-0.6711681493172805,0.9932883185068272,-25.154592162746525,0,1.5
ADAUSDT,2023-09-19 00:00:00+00:00,2025-09-18 00:00:00+00:00,1.5,1.15,0.15,5.708768180207646,1.0570876818020765,-25.154592162746738,0,1.5
ADAUSDT,2024-03-17 00:00:00+00:00,2026-03-17 00:00:00+00:00,1.5,1.15,0.15,82.81338512851246,1.8281338512851246,-22.62770523411868,0,1.5
DOGEUSDT,2019-07-06 00:00:00+00:00,2021-07-05 00:00:00+00:00,1.5,1.15,0.15,66.26907577272354,1.6626907577272354,-24.684665964671694,0,1.5
DOGEUSDT,2020-01-02 00:00:00+00:00,2022-01-01 00:00:00+00:00,1.5,1.15,0.15,66.84505634484591,1.6684505634484592,-24.684665964671638,0,1.5
DOGEUSDT,2020-06-30 00:00:00+00:00,2022-06-30 00:00:00+00:00,1.5,1.15,0.15,40.958447447947364,1.4095844744794737,-24.684665964671705,0,1.5
DOGEUSDT,2020-12-27 00:00:00+00:00,2022-12-27 00:00:00+00:00,1.5,1.15,0.15,64.8398605776924,1.648398605776924,-34.49775913018699,0,1.5
DOGEUSDT,2021-06-25 00:00:00+00:00,2023-06-25 00:00:00+00:00,1.5,1.15,0.15,-24.69963583511382,0.7530036416488618,-25.171933709364204,0,1.5
DOGEUSDT,2021-12-22 00:00:00+00:00,2023-12-22 00:00:00+00:00,1.5,1.15,0.15,3.765632443861988,1.0376563244386199,-25.174899485984515,0,1.5
DOGEUSDT,2022-06-20 00:00:00+00:00,2024-06-19 00:00:00+00:00,1.5,1.15,0.15,44.83240009649416,1.4483240009649416,-25.174899485984437,0,1.5
DOGEUSDT,2022-12-17 00:00:00+00:00,2024-12-16 00:00:00+00:00,1.5,1.15,0.15,-19.714633595579233,0.8028536640442077,-25.2044517567779,0,1.5
DOGEUSDT,2023-06-15 00:00:00+00:00,2025-06-14 00:00:00+00:00,1.5,1.15,0.15,77.45410972714868,1.7745410972714868,-24.013432339958875,0,1.5
DOGEUSDT,2023-12-12 00:00:00+00:00,2025-12-11 00:00:00+00:00,1.5,1.15,0.15,89.60141359675036,1.8960141359675036,-24.013432339958783,0,1.5
DOGEUSDT,2024-06-09 00:00:00+00:00,2026-06-09 00:00:00+00:00,1.5,1.15,0.15,107.12582812829017,2.0712582812829017,-24.01343233995886,0,1.5
LINKUSDT,2019-01-17 00:00:00+00:00,2021-01-16 00:00:00+00:00,1.5,1.15,0.15,4.673690203835568,1.0467369020383557,-25.40866800377557,0,1.5
LINKUSDT,2019-07-16 00:00:00+00:00,2021-07-15 00:00:00+00:00,1.5,1.15,0.15,-10.287388186392931,0.8971261181360707,-25.076659023831482,0,1.5
LINKUSDT,2020-01-12 00:00:00+00:00,2022-01-11 00:00:00+00:00,1.5,1.15,0.15,13.280002150348924,1.1328000215034892,-25.22785296601353,0,1.5
LINKUSDT,2020-07-10 00:00:00+00:00,2022-07-10 00:00:00+00:00,1.5,1.15,0.15,36.703471349564,1.36703471349564,-25.085255504925353,0,1.5
LINKUSDT,2021-01-06 00:00:00+00:00,2023-01-06 00:00:00+00:00,1.5,1.15,0.15,-14.205969762590598,0.857940302374094,-25.010119332018633,0,1.5
LINKUSDT,2021-07-05 00:00:00+00:00,2023-07-05 00:00:00+00:00,1.5,1.15,0.15,-17.21096627075781,0.8278903372924219,-25.131094053716563,0,1.5
LINKUSDT,2022-01-01 00:00:00+00:00,2024-01-01 00:00:00+00:00,1.5,1.15,0.15,-19.65209826181037,0.8034790173818963,-25.241320097625263,0,1.5
LINKUSDT,2022-06-30 00:00:00+00:00,2024-06-29 00:00:00+00:00,1.5,1.15,0.15,-20.367206130552606,0.7963279386944739,-25.065045763112458,0,1.5
LINKUSDT,2022-12-27 00:00:00+00:00,2024-12-26 00:00:00+00:00,1.5,1.15,0.15,0.040856317230564265,1.0004085631723056,-25.422175552169122,0,1.5
LINKUSDT,2023-06-25 00:00:00+00:00,2025-06-24 00:00:00+00:00,1.5,1.15,0.15,28.54589957602711,1.2854589957602711,-25.422175552169378,0,1.5
LINKUSDT,2023-12-22 00:00:00+00:00,2025-12-21 00:00:00+00:00,1.5,1.15,0.15,-19.83818554520966,0.8016181445479034,-25.14187018059929,0,1.5
LINKUSDT,2024-06-19 00:00:00+00:00,2026-06-19 00:00:00+00:00,1.5,1.15,0.15,-13.654646708976138,0.8634535329102386,-25.123625072726373,0,1.5
LTCUSDT,2017-12-14 00:00:00+00:00,2019-12-14 00:00:00+00:00,1.5,1.15,0.15,-24.66322658200909,0.7533677341799091,-25.196723828513058,0,1.5
LTCUSDT,2018-06-12 00:00:00+00:00,2020-06-11 00:00:00+00:00,1.5,1.15,0.15,11.865840846766584,1.1186584084676658,-25.181497683697796,0,1.5
LTCUSDT,2018-12-09 00:00:00+00:00,2020-12-08 00:00:00+00:00,1.5,1.15,0.15,13.394335175681181,1.1339433517568118,-25.181497683697916,0,1.5
LTCUSDT,2019-06-07 00:00:00+00:00,2021-06-06 00:00:00+00:00,1.5,1.15,0.15,-22.503853892721814,0.7749614610727819,-25.066731939964715,0,1.5
LTCUSDT,2019-12-04 00:00:00+00:00,2021-12-03 00:00:00+00:00,1.5,1.15,0.15,-3.6527283228119822,0.9634727167718802,-25.05179413284272,0,1.5
LTCUSDT,2020-06-01 00:00:00+00:00,2022-06-01 00:00:00+00:00,1.5,1.15,0.15,13.498551968219274,1.1349855196821927,-25.06727404507495,0,1.5
LTCUSDT,2020-11-28 00:00:00+00:00,2022-11-28 00:00:00+00:00,1.5,1.15,0.15,5.057642618360325,1.0505764261836033,-25.067274045074882,0,1.5
LTCUSDT,2021-05-27 00:00:00+00:00,2023-05-27 00:00:00+00:00,1.5,1.15,0.15,-4.211743534929568,0.9578825646507043,-25.22166578978381,0,1.5
LTCUSDT,2021-11-23 00:00:00+00:00,2023-11-23 00:00:00+00:00,1.5,1.15,0.15,-19.800172174446097,0.801998278255539,-25.085803829300403,0,1.5
LTCUSDT,2022-05-22 00:00:00+00:00,2024-05-21 00:00:00+00:00,1.5,1.15,0.15,-22.97813019652114,0.7702186980347886,-25.068353501734453,0,1.5
LTCUSDT,2022-11-18 00:00:00+00:00,2024-11-17 00:00:00+00:00,1.5,1.15,0.15,-14.844501512778862,0.8515549848722114,-25.063616969143766,0,1.5
LTCUSDT,2023-05-17 00:00:00+00:00,2025-05-16 00:00:00+00:00,1.5,1.15,0.15,-15.83645309214672,0.8416354690785328,-25.072019139321288,0,1.5
LTCUSDT,2023-11-13 00:00:00+00:00,2025-11-12 00:00:00+00:00,1.5,1.15,0.15,-5.0735623286567115,0.9492643767134329,-25.03139934293266,0,1.5
LTCUSDT,2024-05-11 00:00:00+00:00,2026-05-11 00:00:00+00:00,1.5,1.15,0.15,-2.480829929081052,0.9751917007091895,-25.031399342932826,0,1.5
SOLUSDT,2020-08-12 00:00:00+00:00,2022-08-12 00:00:00+00:00,1.5,1.15,0.15,15.628506675169419,1.1562850667516942,-25.28981869007425,0,1.5
SOLUSDT,2021-02-08 00:00:00+00:00,2023-02-08 00:00:00+00:00,1.5,1.15,0.15,18.35674393850808,1.1835674393850808,-25.289818690074206,0,1.5
SOLUSDT,2021-08-07 00:00:00+00:00,2023-08-07 00:00:00+00:00,1.5,1.15,0.15,124.30771664751875,2.2430771664751874,-25.230863842900085,0,1.5
SOLUSDT,2022-02-03 00:00:00+00:00,2024-02-03 00:00:00+00:00,1.5,1.15,0.15,-18.185570513285597,0.818144294867144,-25.175084051004614,0,1.5
SOLUSDT,2022-08-02 00:00:00+00:00,2024-08-01 00:00:00+00:00,1.5,1.15,0.15,6.119250370666229,1.0611925037066623,-24.16882442456718,0,1.5
SOLUSDT,2023-01-29 00:00:00+00:00,2025-01-28 00:00:00+00:00,1.5,1.15,0.15,32.826119964518185,1.3282611996451819,-24.16882442456706,0,1.5
SOLUSDT,2023-07-28 00:00:00+00:00,2025-07-27 00:00:00+00:00,1.5,1.15,0.15,31.03271183532521,1.310327118353252,-25.11331368040105,0,1.5
SOLUSDT,2024-01-24 00:00:00+00:00,2026-01-23 00:00:00+00:00,1.5,1.15,0.15,-6.505119217579369,0.9349488078242063,-25.07736751518471,0,1.5
SOLUSDT,2024-07-22 00:00:00+00:00,2026-07-22 00:00:00+00:00,1.5,1.15,0.15,-14.174564555726587,0.8582543544427341,-23.493888662211404,0,1.5
AVAXUSDT,2020-09-23 00:00:00+00:00,2022-09-23 00:00:00+00:00,1.5,1.15,0.15,452.86186026798055,5.528618602679805,-25.327155443947348,0,1.5
AVAXUSDT,2021-03-22 00:00:00+00:00,2023-03-22 00:00:00+00:00,1.5,1.15,0.15,10.697545916866824,1.1069754591686682,-25.122366014210208,0,1.5
AVAXUSDT,2021-09-18 00:00:00+00:00,2023-09-18 00:00:00+00:00,1.5,1.15,0.15,-19.112558282655733,0.8088744171734427,-25.249106674034174,0,1.5
AVAXUSDT,2022-03-17 00:00:00+00:00,2024-03-16 00:00:00+00:00,1.5,1.15,0.15,-22.572078730475997,0.77427921269524,-25.018096152757284,0,1.5
AVAXUSDT,2022-09-13 00:00:00+00:00,2024-09-12 00:00:00+00:00,1.5,1.15,0.15,57.328793362694405,1.573287933626944,-25.318477878196035,0,1.5
AVAXUSDT,2023-03-12 00:00:00+00:00,2025-03-11 00:00:00+00:00,1.5,1.15,0.15,40.034825133646976,1.4003482513364698,-25.318477878195978,0,1.5
AVAXUSDT,2023-09-08 00:00:00+00:00,2025-09-07 00:00:00+00:00,1.5,1.15,0.15,62.9842970660875,1.629842970660875,-25.318477878196045,0,1.5
AVAXUSDT,2024-03-06 00:00:00+00:00,2026-03-06 00:00:00+00:00,1.5,1.15,0.15,-6.316596321765299,0.936834036782347,-24.996850268242397,0,1.5
BTCUSDT,2017-08-18 00:00:00+00:00,2019-08-18 00:00:00+00:00,1.5,1.2,0.1,50.97879593164907,1.5097879593164907,-20.031812245735125,0,1.5
BTCUSDT,2018-02-14 00:00:00+00:00,2020-02-14 00:00:00+00:00,1.5,1.2,0.1,59.788323145360486,1.597883231453605,-14.52587898357306,0,1.5
BTCUSDT,2018-08-13 00:00:00+00:00,2020-08-12 00:00:00+00:00,1.5,1.2,0.1,79.00781995818942,1.7900781995818942,-14.423161999328393,0,1.5
BTCUSDT,2019-02-09 00:00:00+00:00,2021-02-08 00:00:00+00:00,1.5,1.2,0.1,99.25277180317589,1.9925277180317589,-17.363015216598697,0,1.5
BTCUSDT,2019-08-08 00:00:00+00:00,2021-08-07 00:00:00+00:00,1.5,1.2,0.1,21.7484123978948,1.217484123978948,-18.700644368594453,0,1.5
BTCUSDT,2020-02-04 00:00:00+00:00,2022-02-03 00:00:00+00:00,1.5,1.2,0.1,15.803851710055694,1.158038517100557,-20.16632266073306,0,1.5
BTCUSDT,2020-08-02 00:00:00+00:00,2022-08-02 00:00:00+00:00,1.5,1.2,0.1,-5.151339972888936,0.9484866002711106,-20.166322660733226,0,1.5
BTCUSDT,2021-01-29 00:00:00+00:00,2023-01-29 00:00:00+00:00,1.5,1.2,0.1,-17.74850433854427,0.8225149566145573,-20.15232444412073,0,1.5
BTCUSDT,2021-07-28 00:00:00+00:00,2023-07-28 00:00:00+00:00,1.5,1.2,0.1,-13.778870570227097,0.862211294297729,-17.95857451251902,0,1.5
BTCUSDT,2022-01-24 00:00:00+00:00,2024-01-24 00:00:00+00:00,1.5,1.2,0.1,-2.591469750053843,0.9740853024994616,-16.789359715506833,0,1.5
BTCUSDT,2022-07-23 00:00:00+00:00,2024-07-22 00:00:00+00:00,1.5,1.2,0.1,5.190417853408857,1.0519041785340886,-16.789359715506656,0,1.5
BTCUSDT,2023-01-19 00:00:00+00:00,2025-01-18 00:00:00+00:00,1.5,1.2,0.1,8.47040666371377,1.0847040666371377,-17.291379697015998,0,1.5
BTCUSDT,2023-07-18 00:00:00+00:00,2025-07-17 00:00:00+00:00,1.5,1.2,0.1,36.78975731367142,1.3678975731367142,-17.29137969701623,0,1.5
BTCUSDT,2024-01-14 00:00:00+00:00,2026-01-13 00:00:00+00:00,1.5,1.2,0.1,29.514363464446447,1.2951436346444645,-17.291379697016097,0,1.5
BTCUSDT,2024-07-12 00:00:00+00:00,2026-07-12 00:00:00+00:00,1.5,1.2,0.1,28.60560428068455,1.2860560428068455,-7.79128269960535,0,1.5
ETHUSDT,2017-08-18 00:00:00+00:00,2019-08-18 00:00:00+00:00,1.5,1.2,0.1,3.7234516081776636,1.0372345160817766,-20.1849718389744,0,1.5
ETHUSDT,2018-02-14 00:00:00+00:00,2020-02-14 00:00:00+00:00,1.5,1.2,0.1,45.00431139052519,1.4500431139052519,-19.650332825698015,0,1.5
ETHUSDT,2018-08-13 00:00:00+00:00,2020-08-12 00:00:00+00:00,1.5,1.2,0.1,54.909371192864185,1.5490937119286419,-19.650332825698047,0,1.5
ETHUSDT,2019-02-09 00:00:00+00:00,2021-02-08 00:00:00+00:00,1.5,1.2,0.1,161.14778217044332,2.611477821704433,-20.201661608545262,0,1.5
ETHUSDT,2019-08-08 00:00:00+00:00,2021-08-07 00:00:00+00:00,1.5,1.2,0.1,131.59629539749972,2.315962953974997,-20.201661608545397,0,1.5
ETHUSDT,2020-02-04 00:00:00+00:00,2022-02-03 00:00:00+00:00,1.5,1.2,0.1,121.47863742352172,2.214786374235217,-20.201661608545386,0,1.5
ETHUSDT,2020-08-02 00:00:00+00:00,2022-08-02 00:00:00+00:00,1.5,1.2,0.1,49.82398009426101,1.4982398009426101,-20.20166160854533,0,1.5
ETHUSDT,2021-01-29 00:00:00+00:00,2023-01-29 00:00:00+00:00,1.5,1.2,0.1,27.97880032510962,1.2797880032510962,-19.130909403552355,0,1.5
ETHUSDT,2021-07-28 00:00:00+00:00,2023-07-28 00:00:00+00:00,1.5,1.2,0.1,-2.0167030400421893,0.9798329695995781,-20.02676673338334,0,1.5
ETHUSDT,2022-01-24 00:00:00+00:00,2024-01-24 00:00:00+00:00,1.5,1.2,0.1,-12.941863028110955,0.8705813697188904,-19.147916090660143,0,1.5
ETHUSDT,2022-07-23 00:00:00+00:00,2024-07-22 00:00:00+00:00,1.5,1.2,0.1,-12.645100012166054,0.8735489998783394,-18.42250264281311,0,1.5
ETHUSDT,2023-01-19 00:00:00+00:00,2025-01-18 00:00:00+00:00,1.5,1.2,0.1,-15.886640147698783,0.8411335985230122,-18.621146001213408,0,1.5
ETHUSDT,2023-07-18 00:00:00+00:00,2025-07-17 00:00:00+00:00,1.5,1.2,0.1,18.892300660954398,1.188923006609544,-18.582545733395182,0,1.5
ETHUSDT,2024-01-14 00:00:00+00:00,2026-01-13 00:00:00+00:00,1.5,1.2,0.1,35.19029306661628,1.3519029306661627,-18.58254573339513,0,1.5
ETHUSDT,2024-07-12 00:00:00+00:00,2026-07-12 00:00:00+00:00,1.5,1.2,0.1,36.0564250264722,1.360564250264722,-15.049992202810614,0,1.5
BNBUSDT,2017-11-07 00:00:00+00:00,2019-11-07 00:00:00+00:00,1.5,1.2,0.1,15.78965415423783,1.1578965415423783,-20.03871299858678,0,1.5
BNBUSDT,2018-05-06 00:00:00+00:00,2020-05-05 00:00:00+00:00,1.5,1.2,0.1,83.62137945134587,1.8362137945134587,-14.073649462188042,0,1.5
BNBUSDT,2018-11-02 00:00:00+00:00,2020-11-01 00:00:00+00:00,1.5,1.2,0.1,75.34831779983118,1.7534831779983118,-18.518048124323272,0,1.5
BNBUSDT,2019-05-01 00:00:00+00:00,2021-04-30 00:00:00+00:00,1.5,1.2,0.1,136.55967050142195,2.3655967050142195,-20.16139240297582,0,1.5
BNBUSDT,2019-10-28 00:00:00+00:00,2021-10-27 00:00:00+00:00,1.5,1.2,0.1,120.89791402119579,2.208979140211958,-20.161392402975853,0,1.5
BNBUSDT,2020-04-25 00:00:00+00:00,2022-04-25 00:00:00+00:00,1.5,1.2,0.1,78.79227844351928,1.7879227844351928,-20.161392402975853,0,1.5
BNBUSDT,2020-10-22 00:00:00+00:00,2022-10-22 00:00:00+00:00,1.5,1.2,0.1,153.7539287901509,2.537539287901509,-20.16139240297583,0,1.5
BNBUSDT,2021-04-20 00:00:00+00:00,2023-04-20 00:00:00+00:00,1.5,1.2,0.1,-20.136373229576453,0.7986362677042355,-20.136373229576453,0,1.5
BNBUSDT,2021-10-17 00:00:00+00:00,2023-10-17 00:00:00+00:00,1.5,1.2,0.1,7.590441887299892,1.075904418872999,-18.858577959973076,0,1.5
BNBUSDT,2022-04-15 00:00:00+00:00,2024-04-14 00:00:00+00:00,1.5,1.2,0.1,-17.019008623538458,0.8298099137646154,-20.037462540278117,0,1.5
BNBUSDT,2022-10-12 00:00:00+00:00,2024-10-11 00:00:00+00:00,1.5,1.2,0.1,16.479029528896394,1.164790295288964,-19.850336480254793,0,1.5
BNBUSDT,2023-04-10 00:00:00+00:00,2025-04-09 00:00:00+00:00,1.5,1.2,0.1,17.500684597812977,1.1750068459781298,-20.04455847727392,0,1.5
BNBUSDT,2023-10-07 00:00:00+00:00,2025-10-06 00:00:00+00:00,1.5,1.2,0.1,17.37295765823741,1.173729576582374,-20.04455847727392,0,1.5
BNBUSDT,2024-04-04 00:00:00+00:00,2026-04-04 00:00:00+00:00,1.5,1.2,0.1,-9.790947476120927,0.9020905252387907,-19.074215856837352,0,1.5
XRPUSDT,2018-05-05 00:00:00+00:00,2020-05-04 00:00:00+00:00,1.5,1.2,0.1,36.334243418092015,1.3633424341809202,-25.96341634884187,0,1.5
XRPUSDT,2018-11-01 00:00:00+00:00,2020-10-31 00:00:00+00:00,1.5,1.2,0.1,-6.489628424500616,0.9351037157549938,-20.07696145399477,0,1.5
XRPUSDT,2019-04-30 00:00:00+00:00,2021-04-29 00:00:00+00:00,1.5,1.2,0.1,7.06066051735903,1.0706066051735903,-20.07696145399478,0,1.5
XRPUSDT,2019-10-27 00:00:00+00:00,2021-10-26 00:00:00+00:00,1.5,1.2,0.1,136.44666945848778,2.364466694584878,-20.30426754085437,0,1.5
XRPUSDT,2020-04-24 00:00:00+00:00,2022-04-24 00:00:00+00:00,1.5,1.2,0.1,127.1103120696702,2.271103120696702,-20.304267540854337,0,1.5
XRPUSDT,2020-10-21 00:00:00+00:00,2022-10-21 00:00:00+00:00,1.5,1.2,0.1,124.1831594890988,2.241831594890988,-20.304267540854394,0,1.5
XRPUSDT,2021-04-19 00:00:00+00:00,2023-04-19 00:00:00+00:00,1.5,1.2,0.1,-15.561820651159476,0.8443817934884053,-20.249349531253657,0,0.75
XRPUSDT,2021-10-16 00:00:00+00:00,2023-10-16 00:00:00+00:00,1.5,1.2,0.1,-18.8015869937451,0.811984130062549,-20.050162197164433,0,0.75
XRPUSDT,2022-04-14 00:00:00+00:00,2024-04-13 00:00:00+00:00,1.5,1.2,0.1,-9.287162039852237,0.9071283796014776,-20.092599432077296,0,1.5
XRPUSDT,2022-10-11 00:00:00+00:00,2024-10-10 00:00:00+00:00,1.5,1.2,0.1,-19.959974838876903,0.800400251611231,-20.091293333025295,0,1.5
XRPUSDT,2023-04-09 00:00:00+00:00,2025-04-08 00:00:00+00:00,1.5,1.2,0.1,-0.05183316288180917,0.9994816683711819,-20.194414586995222,0,1.5
XRPUSDT,2023-10-06 00:00:00+00:00,2025-10-05 00:00:00+00:00,1.5,1.2,0.1,-3.689763116207123,0.9631023688379288,-20.194414586995247,0,1.5
XRPUSDT,2024-04-03 00:00:00+00:00,2026-04-03 00:00:00+00:00,1.5,1.2,0.1,88.13964611040015,1.8813964611040015,-19.936380361762783,0,1.5
ADAUSDT,2018-04-18 00:00:00+00:00,2020-04-17 00:00:00+00:00,1.5,1.2,0.1,-17.714957828941426,0.8228504217105858,-20.340511935831874,0,1.5
ADAUSDT,2018-10-15 00:00:00+00:00,2020-10-14 00:00:00+00:00,1.5,1.2,0.1,-12.418636585477373,0.8758136341452263,-20.34051193583184,0,1.5
ADAUSDT,2019-04-13 00:00:00+00:00,2021-04-12 00:00:00+00:00,1.5,1.2,0.1,6.423100518693037,1.0642310051869304,-19.91695370538177,0,1.5
ADAUSDT,2019-10-10 00:00:00+00:00,2021-10-09 00:00:00+00:00,1.5,1.2,0.1,7.8073047123337735,1.0780730471233377,-20.198346175593695,0,1.5
ADAUSDT,2020-04-07 00:00:00+00:00,2022-04-07 00:00:00+00:00,1.5,1.2,0.1,13.650939264769812,1.1365093926476981,-20.198346175593652,0,1.5
ADAUSDT,2020-10-04 00:00:00+00:00,2022-10-04 00:00:00+00:00,1.5,1.2,0.1,-2.4099602154502797,0.9759003978454972,-20.141795284870113,0,1.5
ADAUSDT,2021-04-02 00:00:00+00:00,2023-04-02 00:00:00+00:00,1.5,1.2,0.1,-8.821303044588047,0.9117869695541195,-20.228977349556978,0,1.5
ADAUSDT,2021-09-29 00:00:00+00:00,2023-09-29 00:00:00+00:00,1.5,1.2,0.1,-18.545814632685264,0.8145418536731474,-20.053626407428894,0,1.5
ADAUSDT,2022-03-28 00:00:00+00:00,2024-03-27 00:00:00+00:00,1.5,1.2,0.1,-17.432709725489193,0.8256729027451081,-20.02614692251461,0,1.5
ADAUSDT,2022-09-24 00:00:00+00:00,2024-09-23 00:00:00+00:00,1.5,1.2,0.1,-15.237933355478383,0.8476206664452162,-20.079204310889576,0,1.5
ADAUSDT,2023-03-23 00:00:00+00:00,2025-03-22 00:00:00+00:00,1.5,1.2,0.1,7.586396074500645,1.0758639607450065,-20.07920431088963,0,1.5
ADAUSDT,2023-09-19 00:00:00+00:00,2025-09-18 00:00:00+00:00,1.5,1.2,0.1,20.118120710503007,1.20118120710503,-20.079204310889587,0,1.5
ADAUSDT,2024-03-17 00:00:00+00:00,2026-03-17 00:00:00+00:00,1.5,1.2,0.1,43.46588497288517,1.4346588497288517,-20.123340393185384,0,1.5
DOGEUSDT,2019-07-06 00:00:00+00:00,2021-07-05 00:00:00+00:00,1.5,1.2,0.1,55.16639144312219,1.5516639144312219,-23.352708342228023,0,1.5
DOGEUSDT,2020-01-02 00:00:00+00:00,2022-01-01 00:00:00+00:00,1.5,1.2,0.1,55.70391068115343,1.5570391068115343,-23.352708342228013,0,1.5
DOGEUSDT,2020-06-30 00:00:00+00:00,2022-06-30 00:00:00+00:00,1.5,1.2,0.1,43.88653035777499,1.4388653035777499,-23.352708316872175,0,1.5
DOGEUSDT,2020-12-27 00:00:00+00:00,2022-12-27 00:00:00+00:00,1.5,1.2,0.1,76.16053847416117,1.7616053847416118,-34.497759130186964,0,1.5
DOGEUSDT,2021-06-25 00:00:00+00:00,2023-06-25 00:00:00+00:00,1.5,1.2,0.1,-19.696222704029942,0.8030377729597006,-20.19990291503281,0,1.5
DOGEUSDT,2021-12-22 00:00:00+00:00,2023-12-22 00:00:00+00:00,1.5,1.2,0.1,16.614635150635326,1.1661463515063533,-20.037817245544854,0,1.5
DOGEUSDT,2022-06-20 00:00:00+00:00,2024-06-19 00:00:00+00:00,1.5,1.2,0.1,47.54022098926727,1.4754022098926727,-20.037817245544808,0,1.5
DOGEUSDT,2022-12-17 00:00:00+00:00,2024-12-16 00:00:00+00:00,1.5,1.2,0.1,-14.42641726755265,0.8557358273244735,-20.277837391077913,0,0.75
DOGEUSDT,2023-06-15 00:00:00+00:00,2025-06-14 00:00:00+00:00,1.5,1.2,0.1,99.02910021806541,1.9902910021806541,-20.092263669630594,0,1.5
DOGEUSDT,2023-12-12 00:00:00+00:00,2025-12-11 00:00:00+00:00,1.5,1.2,0.1,98.86924232398628,1.9886924232398628,-20.09226366963064,0,1.5
DOGEUSDT,2024-06-09 00:00:00+00:00,2026-06-09 00:00:00+00:00,1.5,1.2,0.1,74.95387877293977,1.7495387877293977,-20.092263669630572,0,1.5
LINKUSDT,2019-01-17 00:00:00+00:00,2021-01-16 00:00:00+00:00,1.5,1.2,0.1,-2.385308247708906,0.9761469175229109,-20.152187117438125,0,1.5
LINKUSDT,2019-07-16 00:00:00+00:00,2021-07-15 00:00:00+00:00,1.5,1.2,0.1,-3.007022172115559,0.9699297782788444,-20.334667115478112,0,1.5
LINKUSDT,2020-01-12 00:00:00+00:00,2022-01-11 00:00:00+00:00,1.5,1.2,0.1,20.071523627302312,1.2007152362730231,-20.103535836688923,0,1.5
LINKUSDT,2020-07-10 00:00:00+00:00,2022-07-10 00:00:00+00:00,1.5,1.2,0.1,39.392721455077705,1.393927214550777,-20.0726017127424,0,1.5
LINKUSDT,2021-01-06 00:00:00+00:00,2023-01-06 00:00:00+00:00,1.5,1.2,0.1,-8.661228426558132,0.9133877157344187,-20.163634209763657,0,1.5
LINKUSDT,2021-07-05 00:00:00+00:00,2023-07-05 00:00:00+00:00,1.5,1.2,0.1,-13.242665117103824,0.8675733488289618,-20.072563329387695,0,1.5
LINKUSDT,2022-01-01 00:00:00+00:00,2024-01-01 00:00:00+00:00,1.5,1.2,0.1,-14.154415498079365,0.8584558450192064,-20.126071322644247,0,0.75
LINKUSDT,2022-06-30 00:00:00+00:00,2024-06-29 00:00:00+00:00,1.5,1.2,0.1,-15.706635239327705,0.842933647606723,-20.552746986419102,0,1.5
LINKUSDT,2022-12-27 00:00:00+00:00,2024-12-26 00:00:00+00:00,1.5,1.2,0.1,0.2702844194386156,1.0027028441943862,-20.07454974914872,0,1.5
LINKUSDT,2023-06-25 00:00:00+00:00,2025-06-24 00:00:00+00:00,1.5,1.2,0.1,35.420868206640456,1.3542086820664045,-20.07454974914885,0,1.5
LINKUSDT,2023-12-22 00:00:00+00:00,2025-12-21 00:00:00+00:00,1.5,1.2,0.1,-14.152416719839477,0.8584758328016052,-20.02466477111874,0,1.5
LINKUSDT,2024-06-19 00:00:00+00:00,2026-06-19 00:00:00+00:00,1.5,1.2,0.1,-12.2352256044595,0.877647743955405,-20.043424799817544,0,1.5
LTCUSDT,2017-12-14 00:00:00+00:00,2019-12-14 00:00:00+00:00,1.5,1.2,0.1,-19.50877252062586,0.8049122747937414,-20.0787710257346,0,1.5
LTCUSDT,2018-06-12 00:00:00+00:00,2020-06-11 00:00:00+00:00,1.5,1.2,0.1,10.651197122149991,1.1065119712215,-20.644827533453125,0,1.5
LTCUSDT,2018-12-09 00:00:00+00:00,2020-12-08 00:00:00+00:00,1.5,1.2,0.1,12.163094999184331,1.1216309499918433,-20.644827533453036,0,1.5
LTCUSDT,2019-06-07 00:00:00+00:00,2021-06-06 00:00:00+00:00,1.5,1.2,0.1,-17.363418421735787,0.8263658157826421,-20.096296009389658,0,1.5
LTCUSDT,2019-12-04 00:00:00+00:00,2021-12-03 00:00:00+00:00,1.5,1.2,0.1,-1.5005111255965597,0.9849948887440344,-19.968797479300427,0,1.5
LTCUSDT,2020-06-01 00:00:00+00:00,2022-06-01 00:00:00+00:00,1.5,1.2,0.1,1.2343720793536406,1.0123437207935364,-20.053050599207157,0,1.5
LTCUSDT,2020-11-28 00:00:00+00:00,2022-11-28 00:00:00+00:00,1.5,1.2,0.1,8.630298164737859,1.0863029816473786,-20.053050599207122,0,1.5
LTCUSDT,2021-05-27 00:00:00+00:00,2023-05-27 00:00:00+00:00,1.5,1.2,0.1,-10.809990423710703,0.891900095762893,-20.16661989295665,0,1.5
LTCUSDT,2021-11-23 00:00:00+00:00,2023-11-23 00:00:00+00:00,1.5,1.2,0.1,-14.630559700404945,0.8536944029959506,-20.256898661957678,0,0.75
LTCUSDT,2022-05-22 00:00:00+00:00,2024-05-21 00:00:00+00:00,1.5,1.2,0.1,-17.861444297019702,0.821385557029803,-20.09052447677894,0,0.75
LTCUSDT,2022-11-18 00:00:00+00:00,2024-11-17 00:00:00+00:00,1.5,1.2,0.1,-9.274262414538715,0.9072573758546129,-20.16183636713349,0,1.5
LTCUSDT,2023-05-17 00:00:00+00:00,2025-05-16 00:00:00+00:00,1.5,1.2,0.1,-13.407003807760399,0.865929961922396,-20.204133225254417,0,1.5
LTCUSDT,2023-11-13 00:00:00+00:00,2025-11-12 00:00:00+00:00,1.5,1.2,0.1,-12.129705671941249,0.8787029432805875,-20.23615964463015,0,1.5
LTCUSDT,2024-05-11 00:00:00+00:00,2026-05-11 00:00:00+00:00,1.5,1.2,0.1,-0.9168569357023149,0.9908314306429769,-20.089918232226868,0,1.5
SOLUSDT,2020-08-12 00:00:00+00:00,2022-08-12 00:00:00+00:00,1.5,1.2,0.1,-6.953103735128385,0.9304689626487161,-20.284135072553244,0,1.5
SOLUSDT,2021-02-08 00:00:00+00:00,2023-02-08 00:00:00+00:00,1.5,1.2,0.1,10.734129651563084,1.1073412965156308,-20.04543270147653,0,1.5
SOLUSDT,2021-08-07 00:00:00+00:00,2023-08-07 00:00:00+00:00,1.5,1.2,0.1,112.90666715614944,2.1290666715614943,-20.128988639924838,0,1.5
SOLUSDT,2022-02-03 00:00:00+00:00,2024-02-03 00:00:00+00:00,1.5,1.2,0.1,-12.756673030970822,0.8724332696902918,-20.2099843692195,0,1.5
SOLUSDT,2022-08-02 00:00:00+00:00,2024-08-01 00:00:00+00:00,1.5,1.2,0.1,-4.007094692643321,0.9599290530735668,-20.116207231829573,0,1.5
SOLUSDT,2023-01-29 00:00:00+00:00,2025-01-28 00:00:00+00:00,1.5,1.2,0.1,-14.491228569615744,0.8550877143038426,-19.50581308944609,0,1.5
SOLUSDT,2023-07-28 00:00:00+00:00,2025-07-27 00:00:00+00:00,1.5,1.2,0.1,21.981236748329547,1.2198123674832955,-20.081527080263506,0,1.5
SOLUSDT,2024-01-24 00:00:00+00:00,2026-01-23 00:00:00+00:00,1.5,1.2,0.1,0.9325196383877632,1.0093251963838776,-20.095532437548837,0,1.5
SOLUSDT,2024-07-22 00:00:00+00:00,2026-07-22 00:00:00+00:00,1.5,1.2,0.1,-8.37323745799996,0.9162676254200004,-20.103021375019615,0,1.5
AVAXUSDT,2020-09-23 00:00:00+00:00,2022-09-23 00:00:00+00:00,1.5,1.2,0.1,185.1773114546093,2.851773114546093,-20.31433033704343,0,1.5
AVAXUSDT,2021-03-22 00:00:00+00:00,2023-03-22 00:00:00+00:00,1.5,1.2,0.1,-15.42514918184066,0.8457485081815934,-20.725492958824344,0,1.5
AVAXUSDT,2021-09-18 00:00:00+00:00,2023-09-18 00:00:00+00:00,1.5,1.2,0.1,-13.511230704066657,0.8648876929593334,-20.072725378974354,0,1.5
AVAXUSDT,2022-03-17 00:00:00+00:00,2024-03-16 00:00:00+00:00,1.5,1.2,0.1,-15.504964366575201,0.844950356334248,-20.00434686243303,0,0.75
AVAXUSDT,2022-09-13 00:00:00+00:00,2024-09-12 00:00:00+00:00,1.5,1.2,0.1,-5.300045219672922,0.9469995478032708,-20.11752601500164,0,1.5
AVAXUSDT,2023-03-12 00:00:00+00:00,2025-03-11 00:00:00+00:00,1.5,1.2,0.1,39.537637930317594,1.395376379303176,-20.29723751789022,0,1.5
AVAXUSDT,2023-09-08 00:00:00+00:00,2025-09-07 00:00:00+00:00,1.5,1.2,0.1,53.25404744299305,1.5325404744299305,-20.29723751789024,0,1.5
AVAXUSDT,2024-03-06 00:00:00+00:00,2026-03-06 00:00:00+00:00,1.5,1.2,0.1,-0.47598741755261464,0.9952401258244739,-20.037934663244695,0,1.5
BTCUSDT,2017-08-18 00:00:00+00:00,2019-08-18 00:00:00+00:00,1.5,1.2,0.15,55.946722990533026,1.5594672299053303,-25.114959404761027,0,1.5
BTCUSDT,2018-02-14 00:00:00+00:00,2020-02-14 00:00:00+00:00,1.5,1.2,0.15,68.93694221639346,1.6893694221639346,-15.127269253794717,0,1.5
BTCUSDT,2018-08-13 00:00:00+00:00,2020-08-12 00:00:00+00:00,1.5,1.2,0.15,89.35069912699657,1.8935069912699658,-15.127269253794761,0,1.5
BTCUSDT,2019-02-09 00:00:00+00:00,2021-02-08 00:00:00+00:00,1.5,1.2,0.15,169.11323135352276,2.6911323135352276,-21.236488497646267,0,1.5
BTCUSDT,2019-08-08 00:00:00+00:00,2021-08-07 00:00:00+00:00,1.5,1.2,0.15,53.51887672689122,1.5351887672689122,-23.475514515160988,0,1.5
BTCUSDT,2020-02-04 00:00:00+00:00,2022-02-03 00:00:00+00:00,1.5,1.2,0.15,45.71205763278778,1.4571205763278778,-25.015161858058534,0,1.5
BTCUSDT,2020-08-02 00:00:00+00:00,2022-08-02 00:00:00+00:00,1.5,1.2,0.15,19.34485090242537,1.1934485090242537,-25.015161858058487,0,1.5
BTCUSDT,2021-01-29 00:00:00+00:00,2023-01-29 00:00:00+00:00,1.5,1.2,0.15,-1.8471784517876455,0.9815282154821235,-20.377140784066395,0,1.5
BTCUSDT,2021-07-28 00:00:00+00:00,2023-07-28 00:00:00+00:00,1.5,1.2,0.15,-5.105184905469695,0.948948150945303,-14.48285846183197,0,1.5
BTCUSDT,2022-01-24 00:00:00+00:00,2024-01-24 00:00:00+00:00,1.5,1.2,0.15,6.5012833847144735,1.0650128338471447,-14.482858461832059,0,1.5
BTCUSDT,2022-07-23 00:00:00+00:00,2024-07-22 00:00:00+00:00,1.5,1.2,0.15,21.295238735207043,1.2129523873520704,-16.59678326785925,0,1.5
BTCUSDT,2023-01-19 00:00:00+00:00,2025-01-18 00:00:00+00:00,1.5,1.2,0.15,42.86360786861165,1.4286360786861165,-18.873004680224504,0,1.5
BTCUSDT,2023-07-18 00:00:00+00:00,2025-07-17 00:00:00+00:00,1.5,1.2,0.15,55.77000781678423,1.5577000781678423,-18.873004680224646,0,1.5
BTCUSDT,2024-01-14 00:00:00+00:00,2026-01-13 00:00:00+00:00,1.5,1.2,0.15,48.14761765039313,1.4814761765039313,-18.873004680224437,0,1.5
BTCUSDT,2024-07-12 00:00:00+00:00,2026-07-12 00:00:00+00:00,1.5,1.2,0.15,28.60560428068455,1.2860560428068455,-7.79128269960535,0,1.5
ETHUSDT,2017-08-18 00:00:00+00:00,2019-08-18 00:00:00+00:00,1.5,1.2,0.15,16.51191965758947,1.1651191965758947,-25.30067059172769,0,1.5
ETHUSDT,2018-02-14 00:00:00+00:00,2020-02-14 00:00:00+00:00,1.5,1.2,0.15,56.036587590608235,1.5603658759060823,-21.839175447397963,0,1.5
ETHUSDT,2018-08-13 00:00:00+00:00,2020-08-12 00:00:00+00:00,1.5,1.2,0.15,60.57949471283948,1.6057949471283948,-21.83917544739762,0,1.5
ETHUSDT,2019-02-09 00:00:00+00:00,2021-02-08 00:00:00+00:00,1.5,1.2,0.15,194.4864005451355,2.944864005451355,-25.01773404409332,0,1.5
ETHUSDT,2019-08-08 00:00:00+00:00,2021-08-07 00:00:00+00:00,1.5,1.2,0.15,141.21094974382206,2.4121094974382205,-25.017734044093398,0,1.5
ETHUSDT,2020-02-04 00:00:00+00:00,2022-02-03 00:00:00+00:00,1.5,1.2,0.15,130.67326007612903,2.3067326007612903,-25.017734044093352,0,1.5
ETHUSDT,2020-08-02 00:00:00+00:00,2022-08-02 00:00:00+00:00,1.5,1.2,0.15,61.08480287443954,1.6108480287443954,-25.0177340440933,0,1.5
ETHUSDT,2021-01-29 00:00:00+00:00,2023-01-29 00:00:00+00:00,1.5,1.2,0.15,27.74279227012144,1.2774279227012144,-23.41161272066922,0,1.5
ETHUSDT,2021-07-28 00:00:00+00:00,2023-07-28 00:00:00+00:00,1.5,1.2,0.15,-6.878896088215725,0.9312110391178428,-25.147341568952232,0,1.5
ETHUSDT,2022-01-24 00:00:00+00:00,2024-01-24 00:00:00+00:00,1.5,1.2,0.15,-17.488789068651045,0.8251121093134896,-22.35948923032166,0,1.5
ETHUSDT,2022-07-23 00:00:00+00:00,2024-07-22 00:00:00+00:00,1.5,1.2,0.15,-17.530783353077084,0.8246921664692292,-22.985060895260688,0,1.5
ETHUSDT,2023-01-19 00:00:00+00:00,2025-01-18 00:00:00+00:00,1.5,1.2,0.15,-13.305714864134677,0.8669428513586532,-22.838702085275187,0,1.5
ETHUSDT,2023-07-18 00:00:00+00:00,2025-07-17 00:00:00+00:00,1.5,1.2,0.15,18.320401459714695,1.183204014597147,-22.838702085275166,0,1.5
ETHUSDT,2024-01-14 00:00:00+00:00,2026-01-13 00:00:00+00:00,1.5,1.2,0.15,35.95389774679221,1.359538977467922,-22.838702085275386,0,1.5
ETHUSDT,2024-07-12 00:00:00+00:00,2026-07-12 00:00:00+00:00,1.5,1.2,0.15,38.502279337529274,1.3850227933752928,-17.269786395568655,0,1.5
BNBUSDT,2017-11-07 00:00:00+00:00,2019-11-07 00:00:00+00:00,1.5,1.2,0.15,31.09691638018115,1.3109691638018115,-25.093643248578967,0,1.5
BNBUSDT,2018-05-06 00:00:00+00:00,2020-05-05 00:00:00+00:00,1.5,1.2,0.15,108.14353878920073,2.0814353878920073,-14.29135968543822,0,1.5
BNBUSDT,2018-11-02 00:00:00+00:00,2020-11-01 00:00:00+00:00,1.5,1.2,0.15,85.12566004088684,1.8512566004088684,-23.92646238566265,0,1.5
BNBUSDT,2019-05-01 00:00:00+00:00,2021-04-30 00:00:00+00:00,1.5,1.2,0.15,10.985804510552576,1.1098580451055258,-25.00927608454798,0,1.5
BNBUSDT,2019-10-28 00:00:00+00:00,2021-10-27 00:00:00+00:00,1.5,1.2,0.15,-1.540785291447866,0.9845921470855213,-25.009276084547782,0,1.5
BNBUSDT,2020-04-25 00:00:00+00:00,2022-04-25 00:00:00+00:00,1.5,1.2,0.15,259.7744491913607,3.597744491913607,-25.0877162680888,0,1.5
BNBUSDT,2020-10-22 00:00:00+00:00,2022-10-22 00:00:00+00:00,1.5,1.2,0.15,482.58587505610035,5.825858750561004,-25.087716268088734,0,1.5
BNBUSDT,2021-04-20 00:00:00+00:00,2023-04-20 00:00:00+00:00,1.5,1.2,0.15,-25.1305019444512,0.748694980555488,-25.1305019444512,0,1.5
BNBUSDT,2021-10-17 00:00:00+00:00,2023-10-17 00:00:00+00:00,1.5,1.2,0.15,5.69186961511885,1.0569186961511885,-20.529314449113834,0,1.5
BNBUSDT,2022-04-15 00:00:00+00:00,2024-04-14 00:00:00+00:00,1.5,1.2,0.15,0.4846792325492899,1.004846792325493,-22.458474613554667,0,1.5
BNBUSDT,2022-10-12 00:00:00+00:00,2024-10-11 00:00:00+00:00,1.5,1.2,0.15,20.530426968370463,1.2053042696837046,-22.424163913698703,0,1.5
BNBUSDT,2023-04-10 00:00:00+00:00,2025-04-09 00:00:00+00:00,1.5,1.2,0.15,11.837453804660125,1.1183745380466013,-23.713613723489946,0,1.5
BNBUSDT,2023-10-07 00:00:00+00:00,2025-10-06 00:00:00+00:00,1.5,1.2,0.15,22.964030273406166,1.2296403027340617,-23.889536451721305,0,1.5
BNBUSDT,2024-04-04 00:00:00+00:00,2026-04-04 00:00:00+00:00,1.5,1.2,0.15,-14.751504136973137,0.8524849586302686,-21.433538969114863,0,1.5
XRPUSDT,2018-05-05 00:00:00+00:00,2020-05-04 00:00:00+00:00,1.5,1.2,0.15,36.334243418092015,1.3633424341809202,-25.96341634884187,0,1.5
XRPUSDT,2018-11-01 00:00:00+00:00,2020-10-31 00:00:00+00:00,1.5,1.2,0.15,-5.108696096895827,0.9489130390310417,-24.992024901310515,0,1.5
XRPUSDT,2019-04-30 00:00:00+00:00,2021-04-29 00:00:00+00:00,1.5,1.2,0.15,0.4767023905485557,1.0047670239054856,-24.992024901310582,0,1.5
XRPUSDT,2019-10-27 00:00:00+00:00,2021-10-26 00:00:00+00:00,1.5,1.2,0.15,146.63753602944323,2.4663753602944323,-25.248541762566433,0,1.5
XRPUSDT,2020-04-24 00:00:00+00:00,2022-04-24 00:00:00+00:00,1.5,1.2,0.15,136.89878104024453,2.3689878104024453,-25.2485417625664,0,1.5
XRPUSDT,2020-10-21 00:00:00+00:00,2022-10-21 00:00:00+00:00,1.5,1.2,0.15,110.36419701969197,2.10364197019692,-25.248541762566447,0,1.5
XRPUSDT,2021-04-19 00:00:00+00:00,2023-04-19 00:00:00+00:00,1.5,1.2,0.15,-20.620615518475958,0.7937938448152404,-25.027308795269743,0,0.75
XRPUSDT,2021-10-16 00:00:00+00:00,2023-10-16 00:00:00+00:00,1.5,1.2,0.15,-24.060104687389693,0.7593989531261031,-25.227820492750098,0,1.5
XRPUSDT,2022-04-14 00:00:00+00:00,2024-04-13 00:00:00+00:00,1.5,1.2,0.15,-13.962759598813502,0.860372404011865,-25.009727813028558,0,1.5
XRPUSDT,2022-10-11 00:00:00+00:00,2024-10-10 00:00:00+00:00,1.5,1.2,0.15,-25.057038284505495,0.749429617154945,-25.179994228855694,0,1.5
XRPUSDT,2023-04-09 00:00:00+00:00,2025-04-08 00:00:00+00:00,1.5,1.2,0.15,13.089547367492838,1.1308954736749284,-25.044918722837707,0,1.5
XRPUSDT,2023-10-06 00:00:00+00:00,2025-10-05 00:00:00+00:00,1.5,1.2,0.15,-9.54340355893083,0.9045659644106917,-25.044918722837718,0,1.5
XRPUSDT,2024-04-03 00:00:00+00:00,2026-04-03 00:00:00+00:00,1.5,1.2,0.15,168.07912798742012,2.6807912798742013,-23.433240807469335,0,1.5
ADAUSDT,2018-04-18 00:00:00+00:00,2020-04-17 00:00:00+00:00,1.5,1.2,0.15,-24.15471567162426,0.7584528432837574,-25.48723725935025,0,1.5
ADAUSDT,2018-10-15 00:00:00+00:00,2020-10-14 00:00:00+00:00,1.5,1.2,0.15,-5.446722745534959,0.9455327725446504,-25.0029172570422,0,1.5
ADAUSDT,2019-04-13 00:00:00+00:00,2021-04-12 00:00:00+00:00,1.5,1.2,0.15,-0.33945475173641215,0.9966054524826359,-25.00291725704219,0,1.5
ADAUSDT,2019-10-10 00:00:00+00:00,2021-10-09 00:00:00+00:00,1.5,1.2,0.15,44.48594015701632,1.4448594015701632,-25.062039109758206,0,1.5
ADAUSDT,2020-04-07 00:00:00+00:00,2022-04-07 00:00:00+00:00,1.5,1.2,0.15,36.61679611583879,1.366167961158388,-25.062039109758196,0,1.5
ADAUSDT,2020-10-04 00:00:00+00:00,2022-10-04 00:00:00+00:00,1.5,1.2,0.15,38.11212977269467,1.3811212977269467,-25.06203910975805,0,1.5
ADAUSDT,2021-04-02 00:00:00+00:00,2023-04-02 00:00:00+00:00,1.5,1.2,0.15,-6.69543123147911,0.9330456876852089,-25.089117646281522,0,1.5
ADAUSDT,2021-09-29 00:00:00+00:00,2023-09-29 00:00:00+00:00,1.5,1.2,0.15,-22.088633891656904,0.7791136610834309,-23.53086395847016,0,1.5
ADAUSDT,2022-03-28 00:00:00+00:00,2024-03-27 00:00:00+00:00,1.5,1.2,0.15,-21.364787065474644,0.7863521293452536,-24.430238001428116,0,1.5
ADAUSDT,2022-09-24 00:00:00+00:00,2024-09-23 00:00:00+00:00,1.5,1.2,0.15,-18.731026999216173,0.8126897300078383,-25.15459216274656,0,1.5
ADAUSDT,2023-03-23 00:00:00+00:00,2025-03-22 00:00:00+00:00,1.5,1.2,0.15,-0.7367640142522003,0.992632359857478,-25.154592162746535,0,1.5
ADAUSDT,2023-09-19 00:00:00+00:00,2025-09-18 00:00:00+00:00,1.5,1.2,0.15,6.42399568298162,1.0642399568298162,-25.154592162746546,0,1.5
ADAUSDT,2024-03-17 00:00:00+00:00,2026-03-17 00:00:00+00:00,1.5,1.2,0.15,78.60862686885237,1.7860862686885237,-22.62770523411871,0,1.5
DOGEUSDT,2019-07-06 00:00:00+00:00,2021-07-05 00:00:00+00:00,1.5,1.2,0.15,61.15242118657416,1.6115242118657416,-24.68466596467167,0,1.5
DOGEUSDT,2020-01-02 00:00:00+00:00,2022-01-01 00:00:00+00:00,1.5,1.2,0.15,61.710676913458215,1.6171067691345822,-24.684665964671748,0,1.5
DOGEUSDT,2020-06-30 00:00:00+00:00,2022-06-30 00:00:00+00:00,1.5,1.2,0.15,40.958447447947364,1.4095844744794737,-24.684665964671705,0,1.5
DOGEUSDT,2020-12-27 00:00:00+00:00,2022-12-27 00:00:00+00:00,1.5,1.2,0.15,64.8398605776924,1.648398605776924,-34.49775913018699,0,1.5
DOGEUSDT,2021-06-25 00:00:00+00:00,2023-06-25 00:00:00+00:00,1.5,1.2,0.15,-24.69963583511382,0.7530036416488618,-25.171933709364204,0,1.5
DOGEUSDT,2021-12-22 00:00:00+00:00,2023-12-22 00:00:00+00:00,1.5,1.2,0.15,8.822016996914117,1.0882201699691412,-25.174899485984483,0,1.5
DOGEUSDT,2022-06-20 00:00:00+00:00,2024-06-19 00:00:00+00:00,1.5,1.2,0.15,43.09646842543828,1.4309646842543828,-25.174899485984625,0,1.5
DOGEUSDT,2022-12-17 00:00:00+00:00,2024-12-16 00:00:00+00:00,1.5,1.2,0.15,-19.81336871963022,0.8018663128036978,-25.2964354901155,0,0.75
DOGEUSDT,2023-06-15 00:00:00+00:00,2025-06-14 00:00:00+00:00,1.5,1.2,0.15,91.49513033768632,1.9149513033768633,-24.01343233995875,0,1.5
DOGEUSDT,2023-12-12 00:00:00+00:00,2025-12-11 00:00:00+00:00,1.5,1.2,0.15,91.12277575418615,1.9112277575418615,-24.01343233995885,0,1.5
DOGEUSDT,2024-06-09 00:00:00+00:00,2026-06-09 00:00:00+00:00,1.5,1.2,0.15,105.27846973964601,2.05278469739646,-24.01343233995886,0,1.5
LINKUSDT,2019-01-17 00:00:00+00:00,2021-01-16 00:00:00+00:00,1.5,1.2,0.15,8.26560623882322,1.0826560623882322,-25.40866800377557,0,1.5
LINKUSDT,2019-07-16 00:00:00+00:00,2021-07-15 00:00:00+00:00,1.5,1.2,0.15,-8.780423215874766,0.9121957678412523,-25.07665902383146,0,1.5
LINKUSDT,2020-01-12 00:00:00+00:00,2022-01-11 00:00:00+00:00,1.5,1.2,0.15,12.370499912287581,1.1237049991228758,-25.227852966013476,0,1.5
LINKUSDT,2020-07-10 00:00:00+00:00,2022-07-10 00:00:00+00:00,1.5,1.2,0.15,36.703471349564,1.36703471349564,-25.085255504925353,0,1.5
LINKUSDT,2021-01-06 00:00:00+00:00,2023-01-06 00:00:00+00:00,1.5,1.2,0.15,-14.205969762590598,0.857940302374094,-25.010119332018633,0,1.5
LINKUSDT,2021-07-05 00:00:00+00:00,2023-07-05 00:00:00+00:00,1.5,1.2,0.15,-16.538769873040525,0.8346123012695947,-25.112461315506927,0,1.5
LINKUSDT,2022-01-01 00:00:00+00:00,2024-01-01 00:00:00+00:00,1.5,1.2,0.15,-19.48539236003799,0.8051460763996201,-25.086937499937033,0,1.5
LINKUSDT,2022-06-30 00:00:00+00:00,2024-06-29 00:00:00+00:00,1.5,1.2,0.15,-20.564117551236127,0.7943588244876387,-25.130967672458592,0,1.5
LINKUSDT,2022-12-27 00:00:00+00:00,2024-12-26 00:00:00+00:00,1.5,1.2,0.15,12.858495358390233,1.1285849535839023,-24.759170067308666,0,1.5
LINKUSDT,2023-06-25 00:00:00+00:00,2025-06-24 00:00:00+00:00,1.5,1.2,0.15,28.901191477141765,1.2890119147714176,-25.08276713171904,0,1.5
LINKUSDT,2023-12-22 00:00:00+00:00,2025-12-21 00:00:00+00:00,1.5,1.2,0.15,-19.58726732080799,0.8041273267919201,-25.087754285390396,0,1.5
LINKUSDT,2024-06-19 00:00:00+00:00,2026-06-19 00:00:00+00:00,1.5,1.2,0.15,-17.81611490423318,0.8218388509576682,-25.123625072726274,0,1.5
LTCUSDT,2017-12-14 00:00:00+00:00,2019-12-14 00:00:00+00:00,1.5,1.2,0.15,-24.610342494989112,0.7538965750501089,-25.14421424007497,0,1.5
LTCUSDT,2018-06-12 00:00:00+00:00,2020-06-11 00:00:00+00:00,1.5,1.2,0.15,11.865840846766584,1.1186584084676658,-25.181497683697796,0,1.5
LTCUSDT,2018-12-09 00:00:00+00:00,2020-12-08 00:00:00+00:00,1.5,1.2,0.15,13.394335175681181,1.1339433517568118,-25.181497683697916,0,1.5
LTCUSDT,2019-06-07 00:00:00+00:00,2021-06-06 00:00:00+00:00,1.5,1.2,0.15,-22.503853892721814,0.7749614610727819,-25.066731939964715,0,1.5
LTCUSDT,2019-12-04 00:00:00+00:00,2021-12-03 00:00:00+00:00,1.5,1.2,0.15,-0.07051958838812933,0.9992948041161187,-25.067274045075138,0,1.5
LTCUSDT,2020-06-01 00:00:00+00:00,2022-06-01 00:00:00+00:00,1.5,1.2,0.15,-7.422172249142345,0.9257782775085766,-25.06727404507494,0,1.5
LTCUSDT,2020-11-28 00:00:00+00:00,2022-11-28 00:00:00+00:00,1.5,1.2,0.15,5.057642618360325,1.0505764261836033,-25.067274045074882,0,1.5
LTCUSDT,2021-05-27 00:00:00+00:00,2023-05-27 00:00:00+00:00,1.5,1.2,0.15,-8.24589728495313,0.9175410271504687,-25.2216657897838,0,1.5
LTCUSDT,2021-11-23 00:00:00+00:00,2023-11-23 00:00:00+00:00,1.5,1.2,0.15,-19.800172174446097,0.801998278255539,-25.085803829300403,0,1.5
LTCUSDT,2022-05-22 00:00:00+00:00,2024-05-21 00:00:00+00:00,1.5,1.2,0.15,-22.97813019652114,0.7702186980347886,-25.068353501734453,0,1.5
LTCUSDT,2022-11-18 00:00:00+00:00,2024-11-17 00:00:00+00:00,1.5,1.2,0.15,-14.786843376595616,0.8521315662340438,-25.012878117811443,0,1.5
LTCUSDT,2023-05-17 00:00:00+00:00,2025-05-16 00:00:00+00:00,1.5,1.2,0.15,-18.681625865662642,0.8131837413433736,-25.064723082719375,0,1.5
LTCUSDT,2023-11-13 00:00:00+00:00,2025-11-12 00:00:00+00:00,1.5,1.2,0.15,-5.577972219239847,0.9442202778076015,-25.031399342932904,0,1.5
LTCUSDT,2024-05-11 00:00:00+00:00,2026-05-11 00:00:00+00:00,1.5,1.2,0.15,-3.1966182803647603,0.9680338171963524,-25.031399342932847,0,1.5
SOLUSDT,2020-08-12 00:00:00+00:00,2022-08-12 00:00:00+00:00,1.5,1.2,0.15,15.628506675169419,1.1562850667516942,-25.28981869007425,0,1.5
SOLUSDT,2021-02-08 00:00:00+00:00,2023-02-08 00:00:00+00:00,1.5,1.2,0.15,18.35674393850808,1.1835674393850808,-25.289818690074206,0,1.5
SOLUSDT,2021-08-07 00:00:00+00:00,2023-08-07 00:00:00+00:00,1.5,1.2,0.15,124.30771664751875,2.2430771664751874,-25.230863842900085,0,1.5
SOLUSDT,2022-02-03 00:00:00+00:00,2024-02-03 00:00:00+00:00,1.5,1.2,0.15,-18.185570513285597,0.818144294867144,-25.175084051004614,0,1.5
SOLUSDT,2022-08-02 00:00:00+00:00,2024-08-01 00:00:00+00:00,1.5,1.2,0.15,6.236800664106745,1.0623680066410675,-25.004170833487805,0,1.5
SOLUSDT,2023-01-29 00:00:00+00:00,2025-01-28 00:00:00+00:00,1.5,1.2,0.15,36.35827364749515,1.3635827364749515,-25.004170833487915,0,1.5
SOLUSDT,2023-07-28 00:00:00+00:00,2025-07-27 00:00:00+00:00,1.5,1.2,0.15,32.562952768314176,1.3256295276831418,-25.004170833487926,0,1.5
SOLUSDT,2024-01-24 00:00:00+00:00,2026-01-23 00:00:00+00:00,1.5,1.2,0.15,-5.36035962290825,0.9463964037709175,-25.07736751518429,0,1.5
SOLUSDT,2024-07-22 00:00:00+00:00,2026-07-22 00:00:00+00:00,1.5,1.2,0.15,-9.850544351457192,0.9014945564854281,-24.02769558217829,0,1.5
AVAXUSDT,2020-09-23 00:00:00+00:00,2022-09-23 00:00:00+00:00,1.5,1.2,0.15,433.37562901072005,5.333756290107201,-25.32715544394738,0,1.5
AVAXUSDT,2021-03-22 00:00:00+00:00,2023-03-22 00:00:00+00:00,1.5,1.2,0.15,10.697545916866824,1.1069754591686682,-25.122366014210208,0,1.5
AVAXUSDT,2021-09-18 00:00:00+00:00,2023-09-18 00:00:00+00:00,1.5,1.2,0.15,-19.112558282655733,0.8088744171734427,-25.249106674034174,0,1.5
AVAXUSDT,2022-03-17 00:00:00+00:00,2024-03-16 00:00:00+00:00,1.5,1.2,0.15,-20.77805088328234,0.7922194911671766,-24.996640158632545,0,1.5
AVAXUSDT,2022-09-13 00:00:00+00:00,2024-09-12 00:00:00+00:00,1.5,1.2,0.15,46.92992396358755,1.4692992396358755,-25.318477878196077,0,1.5
AVAXUSDT,2023-03-12 00:00:00+00:00,2025-03-11 00:00:00+00:00,1.5,1.2,0.15,40.64705642234541,1.406470564223454,-25.318477878196056,0,1.5
AVAXUSDT,2023-09-08 00:00:00+00:00,2025-09-07 00:00:00+00:00,1.5,1.2,0.15,61.71518470210569,1.6171518470210569,-25.31847787819602,0,1.5
AVAXUSDT,2024-03-06 00:00:00+00:00,2026-03-06 00:00:00+00:00,1.5,1.2,0.15,-6.64805384666014,0.9335194615333986,-24.996850268242433,0,1.5
BTCUSDT,2017-08-18 00:00:00+00:00,2019-08-18 00:00:00+00:00,2.0,1.15,0.1,14.19862022571634,1.1419862022571634,-20.17288180206932,0,2.0
BTCUSDT,2018-02-14 00:00:00+00:00,2020-02-14 00:00:00+00:00,2.0,1.15,0.1,49.78366224604833,1.4978366224604833,-16.405807871367163,0,2.0
BTCUSDT,2018-08-13 00:00:00+00:00,2020-08-12 00:00:00+00:00,2.0,1.15,0.1,54.4450235077236,1.544450235077236,-16.405807871367085,0,2.0
BTCUSDT,2019-02-09 00:00:00+00:00,2021-02-08 00:00:00+00:00,2.0,1.15,0.1,51.19908500251644,1.5119908500251644,-20.026777002064755,0,2.0
BTCUSDT,2019-08-08 00:00:00+00:00,2021-08-07 00:00:00+00:00,2.0,1.15,0.1,14.389965038271635,1.1438996503827163,-20.026777002064698,0,2.0
BTCUSDT,2020-02-04 00:00:00+00:00,2022-02-03 00:00:00+00:00,2.0,1.15,0.1,15.890132329892982,1.1589013232989298,-20.02677700206479,0,2.0
BTCUSDT,2020-08-02 00:00:00+00:00,2022-08-02 00:00:00+00:00,2.0,1.15,0.1,-13.649987716448154,0.8635001228355185,-20.026777002064854,0,2.0
BTCUSDT,2021-01-29 00:00:00+00:00,2023-01-29 00:00:00+00:00,2.0,1.15,0.1,-17.76484876333415,0.8223515123666585,-20.168191199093066,0,2.0
BTCUSDT,2021-07-28 00:00:00+00:00,2023-07-28 00:00:00+00:00,2.0,1.15,0.1,-13.66031726692032,0.8633968273307968,-17.94038426096848,0,2.0
BTCUSDT,2022-01-24 00:00:00+00:00,2024-01-24 00:00:00+00:00,2.0,1.15,0.1,-1.1021461783041753,0.9889785382169582,-16.788431081661248,0,2.0
BTCUSDT,2022-07-23 00:00:00+00:00,2024-07-22 00:00:00+00:00,2.0,1.15,0.1,19.27689321592321,1.192768932159232,-16.788431081661205,0,2.0
BTCUSDT,2023-01-19 00:00:00+00:00,2025-01-18 00:00:00+00:00,2.0,1.15,0.1,21.887597891046063,1.2188759789104606,-17.2874863425597,0,2.0
BTCUSDT,2023-07-18 00:00:00+00:00,2025-07-17 00:00:00+00:00,2.0,1.15,0.1,50.484369328589196,1.504843693285892,-17.28748634255969,0,2.0
BTCUSDT,2024-01-14 00:00:00+00:00,2026-01-13 00:00:00+00:00,2.0,1.15,0.1,33.96765776883544,1.3396765776883544,-17.28748634255971,0,2.0
BTCUSDT,2024-07-12 00:00:00+00:00,2026-07-12 00:00:00+00:00,2.0,1.15,0.1,26.794355398404935,1.2679435539840493,-8.665282911293094,0,2.0
ETHUSDT,2017-08-18 00:00:00+00:00,2019-08-18 00:00:00+00:00,2.0,1.15,0.1,0.11437809411640742,1.001143780941164,-20.225178419005875,0,2.0
ETHUSDT,2018-02-14 00:00:00+00:00,2020-02-14 00:00:00+00:00,2.0,1.15,0.1,2.2468270531379453,1.0224682705313795,-20.224120470189167,0,2.0
ETHUSDT,2018-08-13 00:00:00+00:00,2020-08-12 00:00:00+00:00,2.0,1.15,0.1,7.3007601437965475,1.0730076014379655,-20.224120470189167,0,2.0
ETHUSDT,2019-02-09 00:00:00+00:00,2021-02-08 00:00:00+00:00,2.0,1.15,0.1,20.729052925705084,1.2072905292570508,-20.224120470189135,0,2.0
ETHUSDT,2019-08-08 00:00:00+00:00,2021-08-07 00:00:00+00:00,2.0,1.15,0.1,115.50672959952881,2.155067295995288,-21.08694401135809,0,2.0
ETHUSDT,2020-02-04 00:00:00+00:00,2022-02-03 00:00:00+00:00,2.0,1.15,0.1,94.29080542023453,1.9429080542023454,-21.08694401135809,0,2.0
ETHUSDT,2020-08-02 00:00:00+00:00,2022-08-02 00:00:00+00:00,2.0,1.15,0.1,38.29579545106343,1.3829579545106343,-21.086944011358067,0,2.0
ETHUSDT,2021-01-29 00:00:00+00:00,2023-01-29 00:00:00+00:00,2.0,1.15,0.1,10.251398162731263,1.1025139816273126,-20.27653516133807,0,2.0
ETHUSDT,2021-07-28 00:00:00+00:00,2023-07-28 00:00:00+00:00,2.0,1.15,0.1,-11.830729616571345,0.8816927038342866,-20.091773131090395,0,2.0
ETHUSDT,2022-01-24 00:00:00+00:00,2024-01-24 00:00:00+00:00,2.0,1.15,0.1,-15.851079961194326,0.8414892003880567,-20.094502426430072,0,2.0
ETHUSDT,2022-07-23 00:00:00+00:00,2024-07-22 00:00:00+00:00,2.0,1.15,0.1,-15.347414082249278,0.8465258591775072,-20.02418197971777,0,2.0
ETHUSDT,2023-01-19 00:00:00+00:00,2025-01-18 00:00:00+00:00,2.0,1.15,0.1,-19.423110499652108,0.8057688950034789,-20.020598983089688,0,2.0
ETHUSDT,2023-07-18 00:00:00+00:00,2025-07-17 00:00:00+00:00,2.0,1.15,0.1,9.148305038462269,1.0914830503846227,-20.358650672079193,0,2.0
ETHUSDT,2024-01-14 00:00:00+00:00,2026-01-13 00:00:00+00:00,2.0,1.15,0.1,5.0104848787988265,1.0501048487879883,-20.358650672079303,0,2.0
ETHUSDT,2024-07-12 00:00:00+00:00,2026-07-12 00:00:00+00:00,2.0,1.15,0.1,38.51034599519343,1.3851034599519343,-16.030125622528836,0,2.0
BNBUSDT,2017-11-07 00:00:00+00:00,2019-11-07 00:00:00+00:00,2.0,1.15,0.1,15.978373437523064,1.1597837343752306,-20.03871299858666,0,2.0
BNBUSDT,2018-05-06 00:00:00+00:00,2020-05-05 00:00:00+00:00,2.0,1.15,0.1,18.763445757740715,1.1876344575774072,-15.923082017208824,0,2.0
BNBUSDT,2018-11-02 00:00:00+00:00,2020-11-01 00:00:00+00:00,2.0,1.15,0.1,15.720087418857286,1.1572008741885729,-20.13290256110436,0,2.0
BNBUSDT,2019-05-01 00:00:00+00:00,2021-04-30 00:00:00+00:00,2.0,1.15,0.1,5.359943393956024,1.0535994339395602,-20.132902561104473,0,2.0
BNBUSDT,2019-10-28 00:00:00+00:00,2021-10-27 00:00:00+00:00,2.0,1.15,0.1,8.844881471408428,1.0884488147140843,-20.132902561104316,0,2.0
BNBUSDT,2020-04-25 00:00:00+00:00,2022-04-25 00:00:00+00:00,2.0,1.15,0.1,-21.322028405803817,0.7867797159419618,-27.06187916697421,0,2.0
BNBUSDT,2020-10-22 00:00:00+00:00,2022-10-22 00:00:00+00:00,2.0,1.15,0.1,400.5444810052149,5.005444810052149,-20.14559238860206,0,2.0
BNBUSDT,2021-04-20 00:00:00+00:00,2023-04-20 00:00:00+00:00,2.0,1.15,0.1,-20.161947338091547,0.7983805266190845,-20.161947338091547,0,2.0
BNBUSDT,2021-10-17 00:00:00+00:00,2023-10-17 00:00:00+00:00,2.0,1.15,0.1,10.302298246776198,1.103022982467762,-20.09466107462361,0,2.0
BNBUSDT,2022-04-15 00:00:00+00:00,2024-04-14 00:00:00+00:00,2.0,1.15,0.1,-17.72587204674633,0.8227412795325367,-20.300920740225227,0,2.0
BNBUSDT,2022-10-12 00:00:00+00:00,2024-10-11 00:00:00+00:00,2.0,1.15,0.1,23.973273435394326,1.2397327343539433,-19.879724030236844,0,2.0
BNBUSDT,2023-04-10 00:00:00+00:00,2025-04-09 00:00:00+00:00,2.0,1.15,0.1,22.696040587316336,1.2269604058731634,-20.044667052314857,0,2.0
BNBUSDT,2023-10-07 00:00:00+00:00,2025-10-06 00:00:00+00:00,2.0,1.15,0.1,22.56266613238487,1.2256266613238487,-20.0446670523148,0,2.0
BNBUSDT,2024-04-04 00:00:00+00:00,2026-04-04 00:00:00+00:00,2.0,1.15,0.1,-15.545637419957515,0.8445436258004249,-20.038978475470472,0,2.0
XRPUSDT,2018-05-05 00:00:00+00:00,2020-05-04 00:00:00+00:00,2.0,1.15,0.1,46.330204219309955,1.4633020421930996,-34.62407395327979,0,2.0
XRPUSDT,2018-11-01 00:00:00+00:00,2020-10-31 00:00:00+00:00,2.0,1.15,0.1,-8.507476642977107,0.9149252335702289,-20.206756158111737,0,2.0
XRPUSDT,2019-04-30 00:00:00+00:00,2021-04-29 00:00:00+00:00,2.0,1.15,0.1,-5.817803960195411,0.9418219603980459,-20.12426063832037,0,2.0
XRPUSDT,2019-10-27 00:00:00+00:00,2021-10-26 00:00:00+00:00,2.0,1.15,0.1,106.60652601397582,2.066065260139758,-22.906240553045564,0,2.0
XRPUSDT,2020-04-24 00:00:00+00:00,2022-04-24 00:00:00+00:00,2.0,1.15,0.1,105.40954137382168,2.054095413738217,-22.9062405530456,0,2.0
XRPUSDT,2020-10-21 00:00:00+00:00,2022-10-21 00:00:00+00:00,2.0,1.15,0.1,132.45185274974247,2.3245185274974247,-22.906240553045553,0,2.0
XRPUSDT,2021-04-19 00:00:00+00:00,2023-04-19 00:00:00+00:00,2.0,1.15,0.1,-15.561820651159476,0.8443817934884053,-20.249349531253657,0,0.75
XRPUSDT,2021-10-16 00:00:00+00:00,2023-10-16 00:00:00+00:00,2.0,1.15,0.1,-18.899697975909636,0.8110030202409036,-20.237549653555497,0,2.0
XRPUSDT,2022-04-14 00:00:00+00:00,2024-04-13 00:00:00+00:00,2.0,1.15,0.1,-9.326377739065295,0.906736222609347,-20.222699003749835,0,2.0
XRPUSDT,2022-10-11 00:00:00+00:00,2024-10-10 00:00:00+00:00,2.0,1.15,0.1,-19.90528958910408,0.8009471041089592,-20.036697803172455,0,2.0
XRPUSDT,2023-04-09 00:00:00+00:00,2025-04-08 00:00:00+00:00,2.0,1.15,0.1,-17.16168297667312,0.8283831702332688,-20.037142273985243,0,2.0
XRPUSDT,2023-10-06 00:00:00+00:00,2025-10-05 00:00:00+00:00,2.0,1.15,0.1,-1.818036640867926,0.9818196335913207,-20.073363143633237,0,2.0
XRPUSDT,2024-04-03 00:00:00+00:00,2026-04-03 00:00:00+00:00,2.0,1.15,0.1,55.285255923296695,1.552852559232967,-20.2116459245274,0,2.0
ADAUSDT,2018-04-18 00:00:00+00:00,2020-04-17 00:00:00+00:00,2.0,1.15,0.1,-24.28475295351734,0.7571524704648266,-25.614989923460353,0,2.0
ADAUSDT,2018-10-15 00:00:00+00:00,2020-10-14 00:00:00+00:00,2.0,1.15,0.1,-16.22198701952161,0.8377801298047839,-23.006669929377544,0,2.0
ADAUSDT,2019-04-13 00:00:00+00:00,2021-04-12 00:00:00+00:00,2.0,1.15,0.1,12.792649675787304,1.127926496757873,-19.925781935568686,0,2.0
ADAUSDT,2019-10-10 00:00:00+00:00,2021-10-09 00:00:00+00:00,2.0,1.15,0.1,9.316892772152595,1.093168927721526,-20.103276081118228,0,2.0
ADAUSDT,2020-04-07 00:00:00+00:00,2022-04-07 00:00:00+00:00,2.0,1.15,0.1,21.640091638062774,1.2164009163806278,-20.10327608111814,0,2.0
ADAUSDT,2020-10-04 00:00:00+00:00,2022-10-04 00:00:00+00:00,2.0,1.15,0.1,-4.0170163783538,0.959829836216462,-20.23534350543028,0,2.0
ADAUSDT,2021-04-02 00:00:00+00:00,2023-04-02 00:00:00+00:00,2.0,1.15,0.1,-8.947558560780022,0.9105244143921998,-20.34319401021021,0,2.0
ADAUSDT,2021-09-29 00:00:00+00:00,2023-09-29 00:00:00+00:00,2.0,1.15,0.1,-18.4741607772265,0.815258392227735,-19.983298948231763,0,2.0
ADAUSDT,2022-03-28 00:00:00+00:00,2024-03-27 00:00:00+00:00,2.0,1.15,0.1,-17.01487342936626,0.8298512657063374,-20.079886776323196,0,2.0
ADAUSDT,2022-09-24 00:00:00+00:00,2024-09-23 00:00:00+00:00,2.0,1.15,0.1,-12.593738907087227,0.8740626109291277,-20.03451612135725,0,2.0
ADAUSDT,2023-03-23 00:00:00+00:00,2025-03-22 00:00:00+00:00,2.0,1.15,0.1,28.676453551590942,1.2867645355159094,-20.034516121357314,0,2.0
ADAUSDT,2023-09-19 00:00:00+00:00,2025-09-18 00:00:00+00:00,2.0,1.15,0.1,35.57073003908686,1.3557073003908686,-20.034516121357328,0,2.0
ADAUSDT,2024-03-17 00:00:00+00:00,2026-03-17 00:00:00+00:00,2.0,1.15,0.1,63.56875465980269,1.635687546598027,-20.183771397010087,0,2.0
DOGEUSDT,2019-07-06 00:00:00+00:00,2021-07-05 00:00:00+00:00,2.0,1.15,0.1,38.48052742264203,1.3848052742264203,-31.24343901341462,0,2.0
DOGEUSDT,2020-01-02 00:00:00+00:00,2022-01-01 00:00:00+00:00,2.0,1.15,0.1,38.960244369656436,1.3896024436965644,-31.24343901341463,0,2.0
DOGEUSDT,2020-06-30 00:00:00+00:00,2022-06-30 00:00:00+00:00,2.0,1.15,0.1,48.82002870803941,1.488200287080394,-31.243659106780086,0,2.0
DOGEUSDT,2020-12-27 00:00:00+00:00,2022-12-27 00:00:00+00:00,2.0,1.15,0.1,68.6808140928025,1.6868081409280251,-46.03937873624449,0,2.0
DOGEUSDT,2021-06-25 00:00:00+00:00,2023-06-25 00:00:00+00:00,2.0,1.15,0.1,-19.77258905164756,0.8022741094835244,-20.27579027872991,0,2.0
DOGEUSDT,2021-12-22 00:00:00+00:00,2023-12-22 00:00:00+00:00,2.0,1.15,0.1,-19.949663274865802,0.800503367251342,-20.035471047815456,0,2.0
DOGEUSDT,2022-06-20 00:00:00+00:00,2024-06-19 00:00:00+00:00,2.0,1.15,0.1,53.037072495752135,1.5303707249575214,-20.023406134704068,0,2.0
DOGEUSDT,2022-12-17 00:00:00+00:00,2024-12-16 00:00:00+00:00,2.0,1.15,0.1,-14.42641726755265,0.8557358273244735,-20.277837391077913,0,0.75
DOGEUSDT,2023-06-15 00:00:00+00:00,2025-06-14 00:00:00+00:00,2.0,1.15,0.1,15.36436649025692,1.1536436649025692,-20.16785295400624,0,2.0
DOGEUSDT,2023-12-12 00:00:00+00:00,2025-12-11 00:00:00+00:00,2.0,1.15,0.1,41.82295546747334,1.4182295546747334,-20.167852954006282,0,2.0
DOGEUSDT,2024-06-09 00:00:00+00:00,2026-06-09 00:00:00+00:00,2.0,1.15,0.1,49.098905624726164,1.4909890562472616,-20.125532611340592,0,2.0
LINKUSDT,2019-01-17 00:00:00+00:00,2021-01-16 00:00:00+00:00,2.0,1.15,0.1,-8.962490687533652,0.9103750931246635,-20.28667788892665,0,2.0
LINKUSDT,2019-07-16 00:00:00+00:00,2021-07-15 00:00:00+00:00,2.0,1.15,0.1,-3.6801519110739256,0.9631984808892607,-20.125377989846495,0,2.0
LINKUSDT,2020-01-12 00:00:00+00:00,2022-01-11 00:00:00+00:00,2.0,1.15,0.1,29.977757088058098,1.299777570880581,-20.029735221453436,0,2.0
LINKUSDT,2020-07-10 00:00:00+00:00,2022-07-10 00:00:00+00:00,2.0,1.15,0.1,39.60301947448692,1.3960301947448692,-20.05872937615736,0,2.0
LINKUSDT,2021-01-06 00:00:00+00:00,2023-01-06 00:00:00+00:00,2.0,1.15,0.1,-7.8865452092165444,0.9211345479078346,-20.149077529546368,0,2.0
LINKUSDT,2021-07-05 00:00:00+00:00,2023-07-05 00:00:00+00:00,2.0,1.15,0.1,-14.369292215554452,0.8563070778444555,-20.067553203708478,0,2.0
LINKUSDT,2022-01-01 00:00:00+00:00,2024-01-01 00:00:00+00:00,2.0,1.15,0.1,-14.044543527856302,0.859554564721437,-20.02384234995851,0,2.0
LINKUSDT,2022-06-30 00:00:00+00:00,2024-06-29 00:00:00+00:00,2.0,1.15,0.1,-15.47937962296395,0.8452062037703605,-20.456595237810436,0,2.0
LINKUSDT,2022-12-27 00:00:00+00:00,2024-12-26 00:00:00+00:00,2.0,1.15,0.1,-14.428808745823297,0.855711912541767,-19.931240881885504,0,2.0
LINKUSDT,2023-06-25 00:00:00+00:00,2025-06-24 00:00:00+00:00,2.0,1.15,0.1,15.020427291841298,1.150204272918413,-19.931240881883518,0,2.0
LINKUSDT,2023-12-22 00:00:00+00:00,2025-12-21 00:00:00+00:00,2.0,1.15,0.1,-15.14726363854706,0.8485273636145294,-20.599896865343215,0,2.0
LINKUSDT,2024-06-19 00:00:00+00:00,2026-06-19 00:00:00+00:00,2.0,1.15,0.1,-3.690803486409988,0.9630919651359001,-20.148233298077333,0,2.0
LTCUSDT,2017-12-14 00:00:00+00:00,2019-12-14 00:00:00+00:00,2.0,1.15,0.1,-18.94162764923403,0.8105837235076597,-19.697935048886038,0,2.0
LTCUSDT,2018-06-12 00:00:00+00:00,2020-06-11 00:00:00+00:00,2.0,1.15,0.1,-11.429203962040035,0.8857079603795996,-24.201311095977374,0,2.0
LTCUSDT,2018-12-09 00:00:00+00:00,2020-12-08 00:00:00+00:00,2.0,1.15,0.1,-10.219004687384569,0.8978099531261543,-24.201311095977463,0,2.0
LTCUSDT,2019-06-07 00:00:00+00:00,2021-06-06 00:00:00+00:00,2.0,1.15,0.1,-17.938845441000606,0.8206115455899939,-20.425554997160845,0,2.0
LTCUSDT,2019-12-04 00:00:00+00:00,2021-12-03 00:00:00+00:00,2.0,1.15,0.1,9.830765323167935,1.0983076532316793,-20.04198759625456,0,2.0
LTCUSDT,2020-06-01 00:00:00+00:00,2022-06-01 00:00:00+00:00,2.0,1.15,0.1,-5.2172899926136385,0.9478271000738636,-20.056963342854417,0,2.0
LTCUSDT,2020-11-28 00:00:00+00:00,2022-11-28 00:00:00+00:00,2.0,1.15,0.1,6.094091263808221,1.0609409126380822,-20.056963342854473,0,2.0
LTCUSDT,2021-05-27 00:00:00+00:00,2023-05-27 00:00:00+00:00,2.0,1.15,0.1,-5.286883775181694,0.9471311622481831,-20.18616609429884,0,2.0
LTCUSDT,2021-11-23 00:00:00+00:00,2023-11-23 00:00:00+00:00,2.0,1.15,0.1,-14.630559700404945,0.8536944029959506,-20.256898661957678,0,0.75
LTCUSDT,2022-05-22 00:00:00+00:00,2024-05-21 00:00:00+00:00,2.0,1.15,0.1,-17.861444297019702,0.821385557029803,-20.09052447677894,0,0.75
LTCUSDT,2022-11-18 00:00:00+00:00,2024-11-17 00:00:00+00:00,2.0,1.15,0.1,-9.244846121067274,0.9075515387893273,-20.13595018627513,0,2.0
LTCUSDT,2023-05-17 00:00:00+00:00,2025-05-16 00:00:00+00:00,2.0,1.15,0.1,-18.95287883383495,0.8104712116616505,-20.07948014151909,0,2.0
LTCUSDT,2023-11-13 00:00:00+00:00,2025-11-12 00:00:00+00:00,2.0,1.15,0.1,-12.61537162645807,0.8738462837354193,-20.239748318815487,0,2.0
LTCUSDT,2024-05-11 00:00:00+00:00,2026-05-11 00:00:00+00:00,2.0,1.15,0.1,3.0030197029296213,1.0300301970292962,-20.041727144135812,0,2.0
SOLUSDT,2020-08-12 00:00:00+00:00,2022-08-12 00:00:00+00:00,2.0,1.15,0.1,-16.315579071370156,0.8368442092862984,-20.90426289822981,0,2.0
SOLUSDT,2021-02-08 00:00:00+00:00,2023-02-08 00:00:00+00:00,2.0,1.15,0.1,10.797937917782608,1.107979379177826,-20.022790155188687,0,2.0
SOLUSDT,2021-08-07 00:00:00+00:00,2023-08-07 00:00:00+00:00,2.0,1.15,0.1,116.66051216878306,2.1666051216878306,-20.48187015178896,0,2.0
SOLUSDT,2022-02-03 00:00:00+00:00,2024-02-03 00:00:00+00:00,2.0,1.15,0.1,-13.481749168939249,0.8651825083106075,-20.04571919853585,0,2.0
SOLUSDT,2022-08-02 00:00:00+00:00,2024-08-01 00:00:00+00:00,2.0,1.15,0.1,-17.609726655373425,0.8239027334462657,-20.127535453180556,0,2.0
SOLUSDT,2023-01-29 00:00:00+00:00,2025-01-28 00:00:00+00:00,2.0,1.15,0.1,-10.181184697681179,0.8981881530231882,-20.068250667134045,0,2.0
SOLUSDT,2023-07-28 00:00:00+00:00,2025-07-27 00:00:00+00:00,2.0,1.15,0.1,22.54761131732963,1.2254761131732963,-20.06825066713397,0,2.0
SOLUSDT,2024-01-24 00:00:00+00:00,2026-01-23 00:00:00+00:00,2.0,1.15,0.1,1.9707766215170341,1.0197077662151703,-20.07606891602568,0,2.0
SOLUSDT,2024-07-22 00:00:00+00:00,2026-07-22 00:00:00+00:00,2.0,1.15,0.1,-20.185192158742883,0.7981480784125712,-20.185192158742883,0,2.0
AVAXUSDT,2020-09-23 00:00:00+00:00,2022-09-23 00:00:00+00:00,2.0,1.15,0.1,172.1783015113959,2.721783015113959,-20.00962255118187,0,2.0
AVAXUSDT,2021-03-22 00:00:00+00:00,2023-03-22 00:00:00+00:00,2.0,1.15,0.1,-14.000501557919442,0.8599949844208056,-19.952698324069228,0,2.0
AVAXUSDT,2021-09-18 00:00:00+00:00,2023-09-18 00:00:00+00:00,2.0,1.15,0.1,-11.257959078264568,0.8874204092173543,-20.025428631095863,0,2.0
AVAXUSDT,2022-03-17 00:00:00+00:00,2024-03-16 00:00:00+00:00,2.0,1.15,0.1,-17.476893496885136,0.8252310650311486,-20.083872386900136,0,2.0
AVAXUSDT,2022-09-13 00:00:00+00:00,2024-09-12 00:00:00+00:00,2.0,1.15,0.1,10.309604276275852,1.1030960427627585,-20.026895460990534,0,2.0
AVAXUSDT,2023-03-12 00:00:00+00:00,2025-03-11 00:00:00+00:00,2.0,1.15,0.1,43.91942314420647,1.4391942314420647,-20.074342830363058,0,2.0
AVAXUSDT,2023-09-08 00:00:00+00:00,2025-09-07 00:00:00+00:00,2.0,1.15,0.1,60.625295063524675,1.6062529506352468,-20.074342830363012,0,2.0
AVAXUSDT,2024-03-06 00:00:00+00:00,2026-03-06 00:00:00+00:00,2.0,1.15,0.1,1.227845454933152,1.0122784545493315,-20.329002186155687,0,2.0
BTCUSDT,2017-08-18 00:00:00+00:00,2019-08-18 00:00:00+00:00,2.0,1.15,0.15,75.27668738632265,1.7527668738632265,-25.055828205078367,0,2.0
BTCUSDT,2018-02-14 00:00:00+00:00,2020-02-14 00:00:00+00:00,2.0,1.15,0.15,87.43785262874697,1.8743785262874697,-15.255748965727067,0,2.0
BTCUSDT,2018-08-13 00:00:00+00:00,2020-08-12 00:00:00+00:00,2.0,1.15,0.15,117.4949300275233,2.174949300275233,-15.255748965727056,0,2.0
BTCUSDT,2019-02-09 00:00:00+00:00,2021-02-08 00:00:00+00:00,2.0,1.15,0.15,233.89138306498018,3.3389138306498016,-21.567200717055567,0,2.0
BTCUSDT,2019-08-08 00:00:00+00:00,2021-08-07 00:00:00+00:00,2.0,1.15,0.15,75.61253565219894,1.7561253565219894,-23.473689425700638,0,2.0
BTCUSDT,2020-02-04 00:00:00+00:00,2022-02-03 00:00:00+00:00,2.0,1.15,0.15,73.74542952145913,1.7374542952145913,-25.013373488794667,0,2.0
BTCUSDT,2020-08-02 00:00:00+00:00,2022-08-02 00:00:00+00:00,2.0,1.15,0.15,29.458131350490845,1.2945813135049085,-25.013373488794567,0,2.0
BTCUSDT,2021-01-29 00:00:00+00:00,2023-01-29 00:00:00+00:00,2.0,1.15,0.15,-9.152285484305512,0.9084771451569449,-22.71238456806046,0,2.0
BTCUSDT,2021-07-28 00:00:00+00:00,2023-07-28 00:00:00+00:00,2.0,1.15,0.15,-16.1979564400908,0.838020435599092,-22.386495539004446,0,2.0
BTCUSDT,2022-01-24 00:00:00+00:00,2024-01-24 00:00:00+00:00,2.0,1.15,0.15,-9.950579116849989,0.9004942088315001,-22.386495539004603,0,2.0
BTCUSDT,2022-07-23 00:00:00+00:00,2024-07-22 00:00:00+00:00,2.0,1.15,0.15,1.6740225316346669,1.0167402253163467,-22.386495539004724,0,2.0
BTCUSDT,2023-01-19 00:00:00+00:00,2025-01-18 00:00:00+00:00,2.0,1.15,0.15,19.254580754389394,1.192545807543894,-22.386495539004603,0,2.0
BTCUSDT,2023-07-18 00:00:00+00:00,2025-07-17 00:00:00+00:00,2.0,1.15,0.15,71.01128608653508,1.7101128608653509,-18.924435360489113,0,2.0
BTCUSDT,2024-01-14 00:00:00+00:00,2026-01-13 00:00:00+00:00,2.0,1.15,0.15,52.92546825090527,1.5292546825090527,-18.9244353604891,0,2.0
BTCUSDT,2024-07-12 00:00:00+00:00,2026-07-12 00:00:00+00:00,2.0,1.15,0.15,26.794355398404935,1.2679435539840493,-8.665282911293094,0,2.0
ETHUSDT,2017-08-18 00:00:00+00:00,2019-08-18 00:00:00+00:00,2.0,1.15,0.15,23.14036189883206,1.2314036189883206,-25.183433631607787,0,2.0
ETHUSDT,2018-02-14 00:00:00+00:00,2020-02-14 00:00:00+00:00,2.0,1.15,0.15,84.1492749599921,1.841492749599921,-24.62362788490652,0,2.0
ETHUSDT,2018-08-13 00:00:00+00:00,2020-08-12 00:00:00+00:00,2.0,1.15,0.15,50.45873244453236,1.5045873244453236,-24.623627884906472,0,2.0
ETHUSDT,2019-02-09 00:00:00+00:00,2021-02-08 00:00:00+00:00,2.0,1.15,0.15,162.97308754478362,2.6297308754478363,-25.635900481780716,0,2.0
ETHUSDT,2019-08-08 00:00:00+00:00,2021-08-07 00:00:00+00:00,2.0,1.15,0.15,111.47877042563468,2.1147877042563468,-25.635900481780727,0,2.0
ETHUSDT,2020-02-04 00:00:00+00:00,2022-02-03 00:00:00+00:00,2.0,1.15,0.15,90.6593854940461,1.906593854940461,-25.63590048178068,0,2.0
ETHUSDT,2020-08-02 00:00:00+00:00,2022-08-02 00:00:00+00:00,2.0,1.15,0.15,61.663835254045615,1.6166383525404562,-25.635900481780727,0,2.0
ETHUSDT,2021-01-29 00:00:00+00:00,2023-01-29 00:00:00+00:00,2.0,1.15,0.15,6.7408078438385255,1.0674080784383853,-24.730716171400356,0,2.0
ETHUSDT,2021-07-28 00:00:00+00:00,2023-07-28 00:00:00+00:00,2.0,1.15,0.15,-14.298186507162413,0.8570181349283759,-25.064218892476752,0,2.0
ETHUSDT,2022-01-24 00:00:00+00:00,2024-01-24 00:00:00+00:00,2.0,1.15,0.15,-17.677478448114414,0.8232252155188559,-23.68002020514447,0,2.0
ETHUSDT,2022-07-23 00:00:00+00:00,2024-07-22 00:00:00+00:00,2.0,1.15,0.15,-12.123895128713702,0.878761048712863,-21.824110588420332,0,2.0
ETHUSDT,2023-01-19 00:00:00+00:00,2025-01-18 00:00:00+00:00,2.0,1.15,0.15,-5.4805982229732315,0.9451940177702677,-22.843599455994024,0,2.0
ETHUSDT,2023-07-18 00:00:00+00:00,2025-07-17 00:00:00+00:00,2.0,1.15,0.15,20.19967432709382,1.2019967432709382,-22.843599455993857,0,2.0
ETHUSDT,2024-01-14 00:00:00+00:00,2026-01-13 00:00:00+00:00,2.0,1.15,0.15,36.68112417926028,1.3668112417926028,-22.843599455994003,0,2.0
ETHUSDT,2024-07-12 00:00:00+00:00,2026-07-12 00:00:00+00:00,2.0,1.15,0.15,37.294593477267135,1.3729459347726714,-18.735680220789774,0,2.0
BNBUSDT,2017-11-07 00:00:00+00:00,2019-11-07 00:00:00+00:00,2.0,1.15,0.15,38.12112027932073,1.3812112027932073,-25.18473819378625,0,2.0
BNBUSDT,2018-05-06 00:00:00+00:00,2020-05-05 00:00:00+00:00,2.0,1.15,0.15,112.31011040492831,2.123101104049283,-16.852534855965885,0,2.0
BNBUSDT,2018-11-02 00:00:00+00:00,2020-11-01 00:00:00+00:00,2.0,1.15,0.15,78.1818986384156,1.781818986384156,-31.095725520343187,0,2.0
BNBUSDT,2019-05-01 00:00:00+00:00,2021-04-30 00:00:00+00:00,2.0,1.15,0.15,5.123692961834636,1.0512369296183464,-31.09572552034302,0,2.0
BNBUSDT,2019-10-28 00:00:00+00:00,2021-10-27 00:00:00+00:00,2.0,1.15,0.15,-6.09552833255772,0.9390447166744228,-31.095725520343244,0,2.0
BNBUSDT,2020-04-25 00:00:00+00:00,2022-04-25 00:00:00+00:00,2.0,1.15,0.15,-19.086165588298375,0.8091383441170162,-24.989130860873864,0,2.0
BNBUSDT,2020-10-22 00:00:00+00:00,2022-10-22 00:00:00+00:00,2.0,1.15,0.15,695.9927501943562,7.959927501943562,-25.098572140838236,0,2.0
BNBUSDT,2021-04-20 00:00:00+00:00,2023-04-20 00:00:00+00:00,2.0,1.15,0.15,-25.050750935434962,0.7494924906456504,-25.050750935434962,0,2.0
BNBUSDT,2021-10-17 00:00:00+00:00,2023-10-17 00:00:00+00:00,2.0,1.15,0.15,7.045047824821804,1.070450478248218,-23.682003113802175,0,2.0
BNBUSDT,2022-04-15 00:00:00+00:00,2024-04-14 00:00:00+00:00,2.0,1.15,0.15,-14.11347531489916,0.8588652468510084,-24.60258919720577,0,2.0
BNBUSDT,2022-10-12 00:00:00+00:00,2024-10-11 00:00:00+00:00,2.0,1.15,0.15,6.385862351075233,1.0638586235107523,-24.57669473953087,0,2.0
BNBUSDT,2023-04-10 00:00:00+00:00,2025-04-09 00:00:00+00:00,2.0,1.15,0.15,19.511648136783034,1.1951164813678303,-23.69937489812759,0,2.0
BNBUSDT,2023-10-07 00:00:00+00:00,2025-10-06 00:00:00+00:00,2.0,1.15,0.15,31.521148108172035,1.3152114810817204,-23.875330462270405,0,2.0
BNBUSDT,2024-04-04 00:00:00+00:00,2026-04-04 00:00:00+00:00,2.0,1.15,0.15,-14.183223373353204,0.858167766266468,-23.19095228765492,0,2.0
XRPUSDT,2018-05-05 00:00:00+00:00,2020-05-04 00:00:00+00:00,2.0,1.15,0.15,48.083862680684476,1.4808386268068447,-34.62407395327981,0,2.0
XRPUSDT,2018-11-01 00:00:00+00:00,2020-10-31 00:00:00+00:00,2.0,1.15,0.15,-14.225944605386776,0.8577405539461322,-25.193995462311737,0,2.0
XRPUSDT,2019-04-30 00:00:00+00:00,2021-04-29 00:00:00+00:00,2.0,1.15,0.15,-3.2770821013857976,0.967229178986142,-24.971028942668504,0,2.0
XRPUSDT,2019-10-27 00:00:00+00:00,2021-10-26 00:00:00+00:00,2.0,1.15,0.15,219.33148419137055,3.1933148419137054,-25.274472604127286,0,2.0
XRPUSDT,2020-04-24 00:00:00+00:00,2022-04-24 00:00:00+00:00,2.0,1.15,0.15,217.48142219638606,3.1748142219638606,-25.27447260412724,0,2.0
XRPUSDT,2020-10-21 00:00:00+00:00,2022-10-21 00:00:00+00:00,2.0,1.15,0.15,164.873962354064,2.64873962354064,-25.274472604127318,0,2.0
XRPUSDT,2021-04-19 00:00:00+00:00,2023-04-19 00:00:00+00:00,2.0,1.15,0.15,-20.620615518475958,0.7937938448152404,-25.027308795269743,0,0.75
XRPUSDT,2021-10-16 00:00:00+00:00,2023-10-16 00:00:00+00:00,2.0,1.15,0.15,-23.887201170683724,0.7611279882931627,-25.142777698301046,0,2.0
XRPUSDT,2022-04-14 00:00:00+00:00,2024-04-13 00:00:00+00:00,2.0,1.15,0.15,-18.269089514630842,0.8173091048536916,-25.009341095148883,0,2.0
XRPUSDT,2022-10-11 00:00:00+00:00,2024-10-10 00:00:00+00:00,2.0,1.15,0.15,-24.92152450743539,0.7507847549256461,-25.044702783863894,0,2.0
XRPUSDT,2023-04-09 00:00:00+00:00,2025-04-08 00:00:00+00:00,2.0,1.15,0.15,-9.203760559990037,0.9079623944000996,-25.146466255000956,0,2.0
XRPUSDT,2023-10-06 00:00:00+00:00,2025-10-05 00:00:00+00:00,2.0,1.15,0.15,-8.049841748500464,0.9195015825149954,-25.146466255000888,0,2.0
XRPUSDT,2024-04-03 00:00:00+00:00,2026-04-03 00:00:00+00:00,2.0,1.15,0.15,188.85502438202502,2.88855024382025,-23.24299282309028,0,2.0
ADAUSDT,2018-04-18 00:00:00+00:00,2020-04-17 00:00:00+00:00,2.0,1.15,0.15,-24.09370290435916,0.7590629709564084,-25.42729642200442,0,2.0
ADAUSDT,2018-10-15 00:00:00+00:00,2020-10-14 00:00:00+00:00,2.0,1.15,0.15,-18.496801896157823,0.8150319810384218,-25.097261081106403,0,2.0
ADAUSDT,2019-04-13 00:00:00+00:00,2021-04-12 00:00:00+00:00,2.0,1.15,0.15,5.55525035046065,1.0555525035046065,-25.063785994001407,0,2.0
ADAUSDT,2019-10-10 00:00:00+00:00,2021-10-09 00:00:00+00:00,2.0,1.15,0.15,6.582819629119885,1.0658281962911988,-25.21779373399504,0,2.0
ADAUSDT,2020-04-07 00:00:00+00:00,2022-04-07 00:00:00+00:00,2.0,1.15,0.15,2.214758633420777,1.0221475863342078,-25.217793733995098,0,2.0
ADAUSDT,2020-10-04 00:00:00+00:00,2022-10-04 00:00:00+00:00,2.0,1.15,0.15,67.48346777877339,1.6748346777877339,-25.8165976646858,0,2.0
ADAUSDT,2021-04-02 00:00:00+00:00,2023-04-02 00:00:00+00:00,2.0,1.15,0.15,-5.338153637684806,0.9466184636231519,-25.097518601746703,0,2.0
ADAUSDT,2021-09-29 00:00:00+00:00,2023-09-29 00:00:00+00:00,2.0,1.15,0.15,-22.08168138097404,0.7791831861902596,-23.524040146851966,0,2.0
ADAUSDT,2022-03-28 00:00:00+00:00,2024-03-27 00:00:00+00:00,2.0,1.15,0.15,-22.287214234342333,0.7771278576565767,-25.15749636132333,0,2.0
ADAUSDT,2022-09-24 00:00:00+00:00,2024-09-23 00:00:00+00:00,2.0,1.15,0.15,-21.051660439776132,0.7894833956022387,-25.07857249049721,0,2.0
ADAUSDT,2023-03-23 00:00:00+00:00,2025-03-22 00:00:00+00:00,2.0,1.15,0.15,12.752401174344596,1.127524011743446,-25.05780077295956,0,2.0
ADAUSDT,2023-09-19 00:00:00+00:00,2025-09-18 00:00:00+00:00,2.0,1.15,0.15,19.71768295676153,1.1971768295676153,-25.05780077295957,0,2.0
ADAUSDT,2024-03-17 00:00:00+00:00,2026-03-17 00:00:00+00:00,2.0,1.15,0.15,66.61107508355306,1.6661107508355306,-25.075348398047748,0,2.0
DOGEUSDT,2019-07-06 00:00:00+00:00,2021-07-05 00:00:00+00:00,2.0,1.15,0.15,78.77889561579026,1.7877889561579026,-31.243659106780097,0,2.0
DOGEUSDT,2020-01-02 00:00:00+00:00,2022-01-01 00:00:00+00:00,2.0,1.15,0.15,79.39821204671101,1.79398212046711,-31.243659106780086,0,2.0
DOGEUSDT,2020-06-30 00:00:00+00:00,2022-06-30 00:00:00+00:00,2.0,1.15,0.15,48.82002870803941,1.488200287080394,-31.243659106780086,0,2.0
DOGEUSDT,2020-12-27 00:00:00+00:00,2022-12-27 00:00:00+00:00,2.0,1.15,0.15,45.27272859472375,1.4527272859472375,-25.45657919305938,0,2.0
DOGEUSDT,2021-06-25 00:00:00+00:00,2023-06-25 00:00:00+00:00,2.0,1.15,0.15,-24.720348410150685,0.7527965158984932,-25.192516371282203,0,2.0
DOGEUSDT,2021-12-22 00:00:00+00:00,2023-12-22 00:00:00+00:00,2.0,1.15,0.15,-25.07821896678195,0.7492178103321805,-25.158529324475477,0,2.0
DOGEUSDT,2022-06-20 00:00:00+00:00,2024-06-19 00:00:00+00:00,2.0,1.15,0.15,50.51017756873348,1.5051017756873348,-25.238142367094785,0,2.0
DOGEUSDT,2022-12-17 00:00:00+00:00,2024-12-16 00:00:00+00:00,2.0,1.15,0.15,-19.95321022015223,0.8004678977984777,-25.426714794640446,0,2.0
DOGEUSDT,2023-06-15 00:00:00+00:00,2025-06-14 00:00:00+00:00,2.0,1.15,0.15,131.0328510885703,2.3103285108857032,-24.963591603534873,0,2.0
DOGEUSDT,2023-12-12 00:00:00+00:00,2025-12-11 00:00:00+00:00,2.0,1.15,0.15,144.02141546863353,2.4402141546863354,-24.96359160353491,0,2.0
DOGEUSDT,2024-06-09 00:00:00+00:00,2026-06-09 00:00:00+00:00,2.0,1.15,0.15,83.50211185072989,1.8350211185072989,-24.963591603534873,0,2.0
LINKUSDT,2019-01-17 00:00:00+00:00,2021-01-16 00:00:00+00:00,2.0,1.15,0.15,-13.014460072302036,0.8698553992769796,-25.246704386528474,0,2.0
LINKUSDT,2019-07-16 00:00:00+00:00,2021-07-15 00:00:00+00:00,2.0,1.15,0.15,-9.620942487413286,0.9037905751258671,-25.05015282176827,0,2.0
LINKUSDT,2020-01-12 00:00:00+00:00,2022-01-11 00:00:00+00:00,2.0,1.15,0.15,21.78363234178049,1.217836323417805,-25.071261866233996,0,2.0
LINKUSDT,2020-07-10 00:00:00+00:00,2022-07-10 00:00:00+00:00,2.0,1.15,0.15,31.436459844067244,1.3143645984406724,-25.124885360625925,0,2.0
LINKUSDT,2021-01-06 00:00:00+00:00,2023-01-06 00:00:00+00:00,2.0,1.15,0.15,-13.770877938116154,0.8622912206188384,-25.250063021762735,0,2.0
LINKUSDT,2021-07-05 00:00:00+00:00,2023-07-05 00:00:00+00:00,2.0,1.15,0.15,-19.64312975728989,0.8035687024271011,-25.041917355683484,0,2.0
LINKUSDT,2022-01-01 00:00:00+00:00,2024-01-01 00:00:00+00:00,2.0,1.15,0.15,-19.683583100742453,0.8031641689925755,-25.270614764251043,0,2.0
LINKUSDT,2022-06-30 00:00:00+00:00,2024-06-29 00:00:00+00:00,2.0,1.15,0.15,-20.341058309891093,0.7965894169010891,-25.031981384917156,0,2.0
LINKUSDT,2022-12-27 00:00:00+00:00,2024-12-26 00:00:00+00:00,2.0,1.15,0.15,-21.33734136391969,0.7866265863608031,-25.40882011821396,0,2.0
LINKUSDT,2023-06-25 00:00:00+00:00,2025-06-24 00:00:00+00:00,2.0,1.15,0.15,24.802876593842505,1.248028765938425,-25.40725874569877,0,2.0
LINKUSDT,2023-12-22 00:00:00+00:00,2025-12-21 00:00:00+00:00,2.0,1.15,0.15,-20.288551008922873,0.7971144899107713,-25.41080532813963,0,2.0
LINKUSDT,2024-06-19 00:00:00+00:00,2026-06-19 00:00:00+00:00,2.0,1.15,0.15,-10.47470527683113,0.8952529472316887,-25.155251115537492,0,2.0
LTCUSDT,2017-12-14 00:00:00+00:00,2019-12-14 00:00:00+00:00,2.0,1.15,0.15,-24.72413173077861,0.7527586826922139,-25.257197677564093,0,2.0
LTCUSDT,2018-06-12 00:00:00+00:00,2020-06-11 00:00:00+00:00,2.0,1.15,0.15,18.036115977275013,1.1803611597727501,-25.285510332687732,0,2.0
LTCUSDT,2018-12-09 00:00:00+00:00,2020-12-08 00:00:00+00:00,2.0,1.15,0.15,19.64891871055603,1.1964891871055603,-25.285510332687544,0,2.0
LTCUSDT,2019-06-07 00:00:00+00:00,2021-06-06 00:00:00+00:00,2.0,1.15,0.15,-22.674757245888355,0.7732524275411164,-25.017953867023056,0,2.0
LTCUSDT,2019-12-04 00:00:00+00:00,2021-12-03 00:00:00+00:00,2.0,1.15,0.15,2.896598015515761,1.0289659801551576,-25.090138120959526,0,2.0
LTCUSDT,2020-06-01 00:00:00+00:00,2022-06-01 00:00:00+00:00,2.0,1.15,0.15,12.9787235601591,1.129787235601591,-25.18999237643267,0,2.0
LTCUSDT,2020-11-28 00:00:00+00:00,2022-11-28 00:00:00+00:00,2.0,1.15,0.15,7.61555384340451,1.076155538434045,-25.18999237643228,0,2.0
LTCUSDT,2021-05-27 00:00:00+00:00,2023-05-27 00:00:00+00:00,2.0,1.15,0.15,3.0081737799528163,1.0300817377995282,-25.052176284484574,0,2.0
LTCUSDT,2021-11-23 00:00:00+00:00,2023-11-23 00:00:00+00:00,2.0,1.15,0.15,-19.780178239812006,0.8021982176018799,-25.067127610385576,0,2.0
LTCUSDT,2022-05-22 00:00:00+00:00,2024-05-21 00:00:00+00:00,2.0,1.15,0.15,-23.00622844360307,0.7699377155639693,-25.09568921719989,0,2.0
LTCUSDT,2022-11-18 00:00:00+00:00,2024-11-17 00:00:00+00:00,2.0,1.15,0.15,-14.851546815325001,0.85148453184675,-25.06981679768736,0,2.0
LTCUSDT,2023-05-17 00:00:00+00:00,2025-05-16 00:00:00+00:00,2.0,1.15,0.15,-17.099618631100334,0.8290038136889967,-25.07465190750081,0,2.0
LTCUSDT,2023-11-13 00:00:00+00:00,2025-11-12 00:00:00+00:00,2.0,1.15,0.15,-7.7259584123824165,0.9227404158761758,-25.03918910157318,0,2.0
LTCUSDT,2024-05-11 00:00:00+00:00,2026-05-11 00:00:00+00:00,2.0,1.15,0.15,1.985174332204931,1.0198517433220493,-25.039189101573246,0,2.0
SOLUSDT,2020-08-12 00:00:00+00:00,2022-08-12 00:00:00+00:00,2.0,1.15,0.15,-2.4724259435109253,0.9752757405648907,-25.13100591822909,0,2.0
SOLUSDT,2021-02-08 00:00:00+00:00,2023-02-08 00:00:00+00:00,2.0,1.15,0.15,18.664091578384536,1.1866409157838453,-25.13100591822923,0,2.0
SOLUSDT,2021-08-07 00:00:00+00:00,2023-08-07 00:00:00+00:00,2.0,1.15,0.15,114.38182398421178,2.1438182398421177,-25.03722926676859,0,2.0
SOLUSDT,2022-02-03 00:00:00+00:00,2024-02-03 00:00:00+00:00,2.0,1.15,0.15,-18.973121861559427,0.8102687813844057,-25.12047221346412,0,2.0
SOLUSDT,2022-08-02 00:00:00+00:00,2024-08-01 00:00:00+00:00,2.0,1.15,0.15,-5.924447920081688,0.9407555207991831,-25.04926551670944,0,2.0
SOLUSDT,2023-01-29 00:00:00+00:00,2025-01-28 00:00:00+00:00,2.0,1.15,0.15,21.187312896178057,1.2118731289617806,-25.04926551670945,0,2.0
SOLUSDT,2023-07-28 00:00:00+00:00,2025-07-27 00:00:00+00:00,2.0,1.15,0.15,14.910952832481051,1.1491095283248105,-25.04926551670943,0,2.0
SOLUSDT,2024-01-24 00:00:00+00:00,2026-01-23 00:00:00+00:00,2.0,1.15,0.15,-8.043494293142095,0.919565057068579,-27.925179464729442,0,2.0
SOLUSDT,2024-07-22 00:00:00+00:00,2026-07-22 00:00:00+00:00,2.0,1.15,0.15,-22.073387343889983,0.7792661265611002,-24.834374289947682,0,2.0
AVAXUSDT,2020-09-23 00:00:00+00:00,2022-09-23 00:00:00+00:00,2.0,1.15,0.15,300.40734622145953,4.0040734622145955,-25.32715544394741,0,2.0
AVAXUSDT,2021-03-22 00:00:00+00:00,2023-03-22 00:00:00+00:00,2.0,1.15,0.15,-18.435839790555907,0.8156416020944409,-25.095794364334235,0,2.0
AVAXUSDT,2021-09-18 00:00:00+00:00,2023-09-18 00:00:00+00:00,2.0,1.15,0.15,-16.97194787918026,0.8302805212081974,-25.174891055145498,0,2.0
AVAXUSDT,2022-03-17 00:00:00+00:00,2024-03-16 00:00:00+00:00,2.0,1.15,0.15,-22.607572529985166,0.7739242747001484,-25.05246867133112,0,2.0
AVAXUSDT,2022-09-13 00:00:00+00:00,2024-09-12 00:00:00+00:00,2.0,1.15,0.15,42.72238471045253,1.4272238471045253,-25.15444023491287,0,2.0
AVAXUSDT,2023-03-12 00:00:00+00:00,2025-03-11 00:00:00+00:00,2.0,1.15,0.15,40.31768921919232,1.4031768921919232,-25.154440234912812,0,2.0
AVAXUSDT,2023-09-08 00:00:00+00:00,2025-09-07 00:00:00+00:00,2.0,1.15,0.15,62.67586936876517,1.6267586936876517,-25.15444023491288,0,2.0
AVAXUSDT,2024-03-06 00:00:00+00:00,2026-03-06 00:00:00+00:00,2.0,1.15,0.15,-2.7549295244840177,0.9724507047551598,-25.040349230003535,0,2.0
BTCUSDT,2017-08-18 00:00:00+00:00,2019-08-18 00:00:00+00:00,2.0,1.2,0.1,14.79385167154501,1.14793851671545,-20.172881802069387,0,2.0
BTCUSDT,2018-02-14 00:00:00+00:00,2020-02-14 00:00:00+00:00,2.0,1.2,0.1,33.8903539758864,1.338903539758864,-16.30040138291472,0,2.0
BTCUSDT,2018-08-13 00:00:00+00:00,2020-08-12 00:00:00+00:00,2.0,1.2,0.1,60.972163754872824,1.6097216375487282,-16.405807871367173,0,2.0
BTCUSDT,2019-02-09 00:00:00+00:00,2021-02-08 00:00:00+00:00,2.0,1.2,0.1,57.59996932453695,1.5759996932453695,-20.026777002064822,0,2.0
BTCUSDT,2019-08-08 00:00:00+00:00,2021-08-07 00:00:00+00:00,2.0,1.2,0.1,8.500927890894117,1.0850092789089412,-20.026777002064865,0,2.0
BTCUSDT,2020-02-04 00:00:00+00:00,2022-02-03 00:00:00+00:00,2.0,1.2,0.1,5.455155237328002,1.05455155237328,-20.0267770020648,0,2.0
BTCUSDT,2020-08-02 00:00:00+00:00,2022-08-02 00:00:00+00:00,2.0,1.2,0.1,-13.644002189482185,0.8635599781051781,-20.026777002064822,0,2.0
BTCUSDT,2021-01-29 00:00:00+00:00,2023-01-29 00:00:00+00:00,2.0,1.2,0.1,-17.76484876333415,0.8223515123666585,-20.168191199093066,0,2.0
BTCUSDT,2021-07-28 00:00:00+00:00,2023-07-28 00:00:00+00:00,2.0,1.2,0.1,-15.93648511139657,0.8406351488860343,-19.148226870478425,0,2.0
BTCUSDT,2022-01-24 00:00:00+00:00,2024-01-24 00:00:00+00:00,2.0,1.2,0.1,-2.2460654399231395,0.9775393456007686,-17.929955210089343,0,2.0
BTCUSDT,2022-07-23 00:00:00+00:00,2024-07-22 00:00:00+00:00,2.0,1.2,0.1,8.77747295030149,1.087774729503015,-17.92995521008939,0,2.0
BTCUSDT,2023-01-19 00:00:00+00:00,2025-01-18 00:00:00+00:00,2.0,1.2,0.1,11.182319253157736,1.1118231925315774,-17.92995521008929,0,2.0
BTCUSDT,2023-07-18 00:00:00+00:00,2025-07-17 00:00:00+00:00,2.0,1.2,0.1,41.54621933527094,1.4154621933527094,-17.28748634255973,0,2.0
BTCUSDT,2024-01-14 00:00:00+00:00,2026-01-13 00:00:00+00:00,2.0,1.2,0.1,33.54849921937817,1.3354849921937817,-17.287486342559788,0,2.0
BTCUSDT,2024-07-12 00:00:00+00:00,2026-07-12 00:00:00+00:00,2.0,1.2,0.1,30.290724999031116,1.3029072499903112,-8.665282911293094,0,2.0
ETHUSDT,2017-08-18 00:00:00+00:00,2019-08-18 00:00:00+00:00,2.0,1.2,0.1,2.6077747569650978,1.026077747569651,-20.22517841900583,0,2.0
ETHUSDT,2018-02-14 00:00:00+00:00,2020-02-14 00:00:00+00:00,2.0,1.2,0.1,-2.7975127856289417,0.9720248721437106,-20.224120470179486,0,2.0
ETHUSDT,2018-08-13 00:00:00+00:00,2020-08-12 00:00:00+00:00,2.0,1.2,0.1,-0.9131902943158576,0.9908680970568414,-20.22412047018912,0,2.0
ETHUSDT,2019-02-09 00:00:00+00:00,2021-02-08 00:00:00+00:00,2.0,1.2,0.1,11.487157007698134,1.1148715700769813,-20.224120470189245,0,2.0
ETHUSDT,2019-08-08 00:00:00+00:00,2021-08-07 00:00:00+00:00,2.0,1.2,0.1,122.86751001201628,2.228675100120163,-21.08694401135801,0,2.0
ETHUSDT,2020-02-04 00:00:00+00:00,2022-02-03 00:00:00+00:00,2.0,1.2,0.1,112.58197927121012,2.125819792712101,-21.08694401135811,0,2.0
ETHUSDT,2020-08-02 00:00:00+00:00,2022-08-02 00:00:00+00:00,2.0,1.2,0.1,51.38993676152719,1.5138993676152719,-21.08694401135802,0,2.0
ETHUSDT,2021-01-29 00:00:00+00:00,2023-01-29 00:00:00+00:00,2.0,1.2,0.1,10.50829566780207,1.1050829566780207,-20.276535161338217,0,2.0
ETHUSDT,2021-07-28 00:00:00+00:00,2023-07-28 00:00:00+00:00,2.0,1.2,0.1,0.0870143957907521,1.0008701439579075,-20.091773131090406,0,2.0
ETHUSDT,2022-01-24 00:00:00+00:00,2024-01-24 00:00:00+00:00,2.0,1.2,0.1,-12.94399004535418,0.8705600995464582,-19.149891480699686,0,2.0
ETHUSDT,2022-07-23 00:00:00+00:00,2024-07-22 00:00:00+00:00,2.0,1.2,0.1,-15.137384383386465,0.8486261561661353,-20.024181979718193,0,2.0
ETHUSDT,2023-01-19 00:00:00+00:00,2025-01-18 00:00:00+00:00,2.0,1.2,0.1,-19.423110499652108,0.8057688950034789,-20.020598983089688,0,2.0
ETHUSDT,2023-07-18 00:00:00+00:00,2025-07-17 00:00:00+00:00,2.0,1.2,0.1,9.022962544148406,1.090229625441484,-20.358650672079314,0,2.0
ETHUSDT,2024-01-14 00:00:00+00:00,2026-01-13 00:00:00+00:00,2.0,1.2,0.1,6.597821058902853,1.0659782105890285,-20.358650672079325,0,2.0
ETHUSDT,2024-07-12 00:00:00+00:00,2026-07-12 00:00:00+00:00,2.0,1.2,0.1,35.666894057792135,1.3566689405779213,-16.030125622528857,0,2.0
BNBUSDT,2017-11-07 00:00:00+00:00,2019-11-07 00:00:00+00:00,2.0,1.2,0.1,15.978373437523064,1.1597837343752306,-20.03871299858666,0,2.0
BNBUSDT,2018-05-06 00:00:00+00:00,2020-05-05 00:00:00+00:00,2.0,1.2,0.1,37.603362320010916,1.3760336232001091,-15.923082017208777,0,2.0
BNBUSDT,2018-11-02 00:00:00+00:00,2020-11-01 00:00:00+00:00,2.0,1.2,0.1,55.21998149247636,1.5521998149247636,-20.132902561104338,0,2.0
BNBUSDT,2019-05-01 00:00:00+00:00,2021-04-30 00:00:00+00:00,2.0,1.2,0.1,9.283296101520433,1.0928329610152043,-20.13290256110427,0,2.0
BNBUSDT,2019-10-28 00:00:00+00:00,2021-10-27 00:00:00+00:00,2.0,1.2,0.1,4.953367902255579,1.0495336790225558,-20.132902561104316,0,2.0
BNBUSDT,2020-04-25 00:00:00+00:00,2022-04-25 00:00:00+00:00,2.0,1.2,0.1,-14.416745020428223,0.8558325497957178,-20.113027962668852,0,2.0
BNBUSDT,2020-10-22 00:00:00+00:00,2022-10-22 00:00:00+00:00,2.0,1.2,0.1,380.70413703064787,4.807041370306479,-20.145592388602076,0,2.0
BNBUSDT,2021-04-20 00:00:00+00:00,2023-04-20 00:00:00+00:00,2.0,1.2,0.1,-20.161947338091547,0.7983805266190845,-20.161947338091547,0,2.0
BNBUSDT,2021-10-17 00:00:00+00:00,2023-10-17 00:00:00+00:00,2.0,1.2,0.1,7.009681947626345,1.0700968194762634,-20.073749064756274,0,2.0
BNBUSDT,2022-04-15 00:00:00+00:00,2024-04-14 00:00:00+00:00,2.0,1.2,0.1,-17.169366593336267,0.8283063340666373,-20.182351202041392,0,2.0
BNBUSDT,2022-10-12 00:00:00+00:00,2024-10-11 00:00:00+00:00,2.0,1.2,0.1,20.388596043681638,1.2038859604368164,-19.879724030237,0,2.0
BNBUSDT,2023-04-10 00:00:00+00:00,2025-04-09 00:00:00+00:00,2.0,1.2,0.1,23.808866298336916,1.2380886629833692,-20.031991068508347,0,2.0
BNBUSDT,2023-10-07 00:00:00+00:00,2025-10-06 00:00:00+00:00,2.0,1.2,0.1,23.674282166858763,1.2367428216685876,-20.03199106850816,0,2.0
BNBUSDT,2024-04-04 00:00:00+00:00,2026-04-04 00:00:00+00:00,2.0,1.2,0.1,-6.236452656298319,0.9376354734370168,-19.677106759343623,0,2.0
XRPUSDT,2018-05-05 00:00:00+00:00,2020-05-04 00:00:00+00:00,2.0,1.2,0.1,36.08437590933195,1.3608437590933196,-34.62407395327981,0,2.0
XRPUSDT,2018-11-01 00:00:00+00:00,2020-10-31 00:00:00+00:00,2.0,1.2,0.1,-5.213905539061425,0.9478609446093857,-20.12426063832037,0,2.0
XRPUSDT,2019-04-30 00:00:00+00:00,2021-04-29 00:00:00+00:00,2.0,1.2,0.1,10.894554913007571,1.1089455491300757,-20.12426063832038,0,2.0
XRPUSDT,2019-10-27 00:00:00+00:00,2021-10-26 00:00:00+00:00,2.0,1.2,0.1,113.54457811463021,2.135445781146302,-22.906240553045564,0,2.0
XRPUSDT,2020-04-24 00:00:00+00:00,2022-04-24 00:00:00+00:00,2.0,1.2,0.1,111.37824754139535,2.1137824754139536,-22.90624055304553,0,2.0
XRPUSDT,2020-10-21 00:00:00+00:00,2022-10-21 00:00:00+00:00,2.0,1.2,0.1,126.69233266829912,2.266923326682991,-22.906240553045542,0,2.0
XRPUSDT,2021-04-19 00:00:00+00:00,2023-04-19 00:00:00+00:00,2.0,1.2,0.1,-15.561820651159476,0.8443817934884053,-20.249349531253657,0,0.75
XRPUSDT,2021-10-16 00:00:00+00:00,2023-10-16 00:00:00+00:00,2.0,1.2,0.1,-18.8015869937451,0.811984130062549,-20.050162197164433,0,0.75
XRPUSDT,2022-04-14 00:00:00+00:00,2024-04-13 00:00:00+00:00,2.0,1.2,0.1,-9.326377739065295,0.906736222609347,-20.222699003749835,0,2.0
XRPUSDT,2022-10-11 00:00:00+00:00,2024-10-10 00:00:00+00:00,2.0,1.2,0.1,-19.90528958910408,0.8009471041089592,-20.036697803172455,0,2.0
XRPUSDT,2023-04-09 00:00:00+00:00,2025-04-08 00:00:00+00:00,2.0,1.2,0.1,-2.5507956815634336,0.9744920431843657,-20.073363143633284,0,2.0
XRPUSDT,2023-10-06 00:00:00+00:00,2025-10-05 00:00:00+00:00,2.0,1.2,0.1,-3.199253303099203,0.968007466969008,-20.073363143633404,0,2.0
XRPUSDT,2024-04-03 00:00:00+00:00,2026-04-03 00:00:00+00:00,2.0,1.2,0.1,54.47686358006712,1.5447686358006711,-20.211645924527332,0,2.0
ADAUSDT,2018-04-18 00:00:00+00:00,2020-04-17 00:00:00+00:00,2.0,1.2,0.1,-15.891822162353241,0.8410817783764676,-20.40157610327643,0,2.0
ADAUSDT,2018-10-15 00:00:00+00:00,2020-10-14 00:00:00+00:00,2.0,1.2,0.1,-10.47815380566066,0.8952184619433934,-20.401576103276486,0,2.0
ADAUSDT,2019-04-13 00:00:00+00:00,2021-04-12 00:00:00+00:00,2.0,1.2,0.1,12.792649675787304,1.127926496757873,-19.925781935568686,0,2.0
ADAUSDT,2019-10-10 00:00:00+00:00,2021-10-09 00:00:00+00:00,2.0,1.2,0.1,9.316892772152595,1.093168927721526,-20.103276081118228,0,2.0
ADAUSDT,2020-04-07 00:00:00+00:00,2022-04-07 00:00:00+00:00,2.0,1.2,0.1,22.374705507984306,1.223747055079843,-20.10327608111825,0,2.0
ADAUSDT,2020-10-04 00:00:00+00:00,2022-10-04 00:00:00+00:00,2.0,1.2,0.1,-4.061031512049807,0.9593896848795019,-20.235343505430137,0,2.0
ADAUSDT,2021-04-02 00:00:00+00:00,2023-04-02 00:00:00+00:00,2.0,1.2,0.1,-8.947558560780022,0.9105244143921998,-20.34319401021021,0,2.0
ADAUSDT,2021-09-29 00:00:00+00:00,2023-09-29 00:00:00+00:00,2.0,1.2,0.1,-18.58165233914467,0.8141834766085533,-20.088800716230637,0,2.0
ADAUSDT,2022-03-28 00:00:00+00:00,2024-03-27 00:00:00+00:00,2.0,1.2,0.1,-17.205283148435136,0.8279471685156486,-20.263263809482503,0,2.0
ADAUSDT,2022-09-24 00:00:00+00:00,2024-09-23 00:00:00+00:00,2.0,1.2,0.1,-12.593738907087227,0.8740626109291277,-20.03451612135725,0,2.0
ADAUSDT,2023-03-23 00:00:00+00:00,2025-03-22 00:00:00+00:00,2.0,1.2,0.1,27.121475073751554,1.2712147507375156,-20.03451612135725,0,2.0
ADAUSDT,2023-09-19 00:00:00+00:00,2025-09-18 00:00:00+00:00,2.0,1.2,0.1,37.120996319764956,1.3712099631976495,-20.034516121357214,0,2.0
ADAUSDT,2024-03-17 00:00:00+00:00,2026-03-17 00:00:00+00:00,2.0,1.2,0.1,57.44157731893023,1.5744157731893023,-20.18377139701013,0,2.0
DOGEUSDT,2019-07-06 00:00:00+00:00,2021-07-05 00:00:00+00:00,2.0,1.2,0.1,32.12791617681985,1.3212791617681985,-31.24343901341463,0,2.0
DOGEUSDT,2020-01-02 00:00:00+00:00,2022-01-01 00:00:00+00:00,2.0,1.2,0.1,32.585626742654995,1.32585626742655,-31.24343901341461,0,2.0
DOGEUSDT,2020-06-30 00:00:00+00:00,2022-06-30 00:00:00+00:00,2.0,1.2,0.1,48.82002870803941,1.488200287080394,-31.243659106780086,0,2.0
DOGEUSDT,2020-12-27 00:00:00+00:00,2022-12-27 00:00:00+00:00,2.0,1.2,0.1,68.6808140928025,1.6868081409280251,-46.03937873624449,0,2.0
DOGEUSDT,2021-06-25 00:00:00+00:00,2023-06-25 00:00:00+00:00,2.0,1.2,0.1,-19.77258905164756,0.8022741094835244,-20.27579027872991,0,2.0
DOGEUSDT,2021-12-22 00:00:00+00:00,2023-12-22 00:00:00+00:00,2.0,1.2,0.1,34.314693503242964,1.3431469350324297,-20.02340613470398,0,2.0
DOGEUSDT,2022-06-20 00:00:00+00:00,2024-06-19 00:00:00+00:00,2.0,1.2,0.1,50.01754202861157,1.5001754202861157,-20.023406134704004,0,2.0
DOGEUSDT,2022-12-17 00:00:00+00:00,2024-12-16 00:00:00+00:00,2.0,1.2,0.1,-14.42641726755265,0.8557358273244735,-20.277837391077913,0,0.75
DOGEUSDT,2023-06-15 00:00:00+00:00,2025-06-14 00:00:00+00:00,2.0,1.2,0.1,27.198058988822925,1.2719805898882293,-20.167852954006293,0,2.0
DOGEUSDT,2023-12-12 00:00:00+00:00,2025-12-11 00:00:00+00:00,2.0,1.2,0.1,43.752434118471406,1.437524341184714,-20.16785295400634,0,2.0
DOGEUSDT,2024-06-09 00:00:00+00:00,2026-06-09 00:00:00+00:00,2.0,1.2,0.1,46.93807966162866,1.4693807966162866,-20.125532611340546,0,2.0
LINKUSDT,2019-01-17 00:00:00+00:00,2021-01-16 00:00:00+00:00,2.0,1.2,0.1,-2.563888641320189,0.9743611135867981,-20.286677888926697,0,2.0
LINKUSDT,2019-07-16 00:00:00+00:00,2021-07-15 00:00:00+00:00,2.0,1.2,0.1,-0.9544177355146011,0.990455822644854,-20.125377989846505,0,2.0
LINKUSDT,2020-01-12 00:00:00+00:00,2022-01-11 00:00:00+00:00,2.0,1.2,0.1,28.315434212870972,1.2831543421287097,-20.02973522145358,0,2.0
LINKUSDT,2020-07-10 00:00:00+00:00,2022-07-10 00:00:00+00:00,2.0,1.2,0.1,39.60301947448692,1.3960301947448692,-20.05872937615736,0,2.0
LINKUSDT,2021-01-06 00:00:00+00:00,2023-01-06 00:00:00+00:00,2.0,1.2,0.1,-7.8865452092165444,0.9211345479078346,-20.149077529546368,0,2.0
LINKUSDT,2021-07-05 00:00:00+00:00,2023-07-05 00:00:00+00:00,2.0,1.2,0.1,-13.23722686999539,0.8676277313000461,-20.067553203708457,0,2.0
LINKUSDT,2022-01-01 00:00:00+00:00,2024-01-01 00:00:00+00:00,2.0,1.2,0.1,-14.154415498079365,0.8584558450192064,-20.126071322644247,0,0.75
LINKUSDT,2022-06-30 00:00:00+00:00,2024-06-29 00:00:00+00:00,2.0,1.2,0.1,-15.675308350190187,0.8432469164980981,-20.456595237810436,0,2.0
LINKUSDT,2022-12-27 00:00:00+00:00,2024-12-26 00:00:00+00:00,2.0,1.2,0.1,-14.425234413835309,0.8557476558616469,-19.931240881885593,0,2.0
LINKUSDT,2023-06-25 00:00:00+00:00,2025-06-24 00:00:00+00:00,2.0,1.2,0.1,14.900103128683817,1.1490010312868382,-19.931240881883504,0,2.0
LINKUSDT,2023-12-22 00:00:00+00:00,2025-12-21 00:00:00+00:00,2.0,1.2,0.1,-14.236756950038409,0.8576324304996159,-20.074114337335203,0,2.0
LINKUSDT,2024-06-19 00:00:00+00:00,2026-06-19 00:00:00+00:00,2.0,1.2,0.1,-11.24337507579729,0.8875662492420271,-20.148233298077265,0,2.0
LTCUSDT,2017-12-14 00:00:00+00:00,2019-12-14 00:00:00+00:00,2.0,1.2,0.1,-18.94162764923403,0.8105837235076597,-19.697935048886038,0,2.0
LTCUSDT,2018-06-12 00:00:00+00:00,2020-06-11 00:00:00+00:00,2.0,1.2,0.1,-11.429203962040035,0.8857079603795996,-24.201311095977374,0,2.0
LTCUSDT,2018-12-09 00:00:00+00:00,2020-12-08 00:00:00+00:00,2.0,1.2,0.1,-10.219004687384569,0.8978099531261543,-24.201311095977463,0,2.0
LTCUSDT,2019-06-07 00:00:00+00:00,2021-06-06 00:00:00+00:00,2.0,1.2,0.1,-17.938845441000606,0.8206115455899939,-20.425554997160845,0,2.0
LTCUSDT,2019-12-04 00:00:00+00:00,2021-12-03 00:00:00+00:00,2.0,1.2,0.1,2.2006678959341386,1.0220066789593414,-20.041987596254707,0,2.0
LTCUSDT,2020-06-01 00:00:00+00:00,2022-06-01 00:00:00+00:00,2.0,1.2,0.1,-2.834170126586477,0.9716582987341352,-20.056963342854484,0,2.0
LTCUSDT,2020-11-28 00:00:00+00:00,2022-11-28 00:00:00+00:00,2.0,1.2,0.1,6.094091263808221,1.0609409126380822,-20.056963342854473,0,2.0
LTCUSDT,2021-05-27 00:00:00+00:00,2023-05-27 00:00:00+00:00,2.0,1.2,0.1,-9.92253818389619,0.9007746181610381,-20.18616609429896,0,2.0
LTCUSDT,2021-11-23 00:00:00+00:00,2023-11-23 00:00:00+00:00,2.0,1.2,0.1,-14.630559700404945,0.8536944029959506,-20.256898661957678,0,0.75
LTCUSDT,2022-05-22 00:00:00+00:00,2024-05-21 00:00:00+00:00,2.0,1.2,0.1,-17.861444297019702,0.821385557029803,-20.09052447677894,0,0.75
LTCUSDT,2022-11-18 00:00:00+00:00,2024-11-17 00:00:00+00:00,2.0,1.2,0.1,-9.244846121067274,0.9075515387893273,-20.13595018627513,0,2.0
LTCUSDT,2023-05-17 00:00:00+00:00,2025-05-16 00:00:00+00:00,2.0,1.2,0.1,-12.995166696179094,0.870048333038209,-20.189679418858553,0,2.0
LTCUSDT,2023-11-13 00:00:00+00:00,2025-11-12 00:00:00+00:00,2.0,1.2,0.1,-12.311028353751475,0.8768897164624853,-20.23974831881562,0,2.0
LTCUSDT,2024-05-11 00:00:00+00:00,2026-05-11 00:00:00+00:00,2.0,1.2,0.1,1.7941095602057588,1.0179410956020576,-20.041727144135823,0,2.0
SOLUSDT,2020-08-12 00:00:00+00:00,2022-08-12 00:00:00+00:00,2.0,1.2,0.1,-16.315579071370156,0.8368442092862984,-20.90426289822981,0,2.0
SOLUSDT,2021-02-08 00:00:00+00:00,2023-02-08 00:00:00+00:00,2.0,1.2,0.1,10.797937917782608,1.107979379177826,-20.022790155188687,0,2.0
SOLUSDT,2021-08-07 00:00:00+00:00,2023-08-07 00:00:00+00:00,2.0,1.2,0.1,116.66051216878306,2.1666051216878306,-20.48187015178896,0,2.0
SOLUSDT,2022-02-03 00:00:00+00:00,2024-02-03 00:00:00+00:00,2.0,1.2,0.1,-13.481749168939249,0.8651825083106075,-20.04571919853585,0,2.0
SOLUSDT,2022-08-02 00:00:00+00:00,2024-08-01 00:00:00+00:00,2.0,1.2,0.1,3.898464238864907,1.038984642388649,-20.21028398575173,0,2.0
SOLUSDT,2023-01-29 00:00:00+00:00,2025-01-28 00:00:00+00:00,2.0,1.2,0.1,-10.181184697681179,0.8981881530231882,-20.068250667134045,0,2.0
SOLUSDT,2023-07-28 00:00:00+00:00,2025-07-27 00:00:00+00:00,2.0,1.2,0.1,24.647059508839853,1.2464705950883985,-20.06825066713409,0,2.0
SOLUSDT,2024-01-24 00:00:00+00:00,2026-01-23 00:00:00+00:00,2.0,1.2,0.1,4.09589227979974,1.0409589227979974,-20.076068916025523,0,2.0
SOLUSDT,2024-07-22 00:00:00+00:00,2026-07-22 00:00:00+00:00,2.0,1.2,0.1,-20.035772246650076,0.7996422775334993,-20.09675885448302,0,2.0
AVAXUSDT,2020-09-23 00:00:00+00:00,2022-09-23 00:00:00+00:00,2.0,1.2,0.1,175.1826870775367,2.7518268707753673,-20.00962255118187,0,2.0
AVAXUSDT,2021-03-22 00:00:00+00:00,2023-03-22 00:00:00+00:00,2.0,1.2,0.1,-14.000501557919442,0.8599949844208056,-19.952698324069228,0,2.0
AVAXUSDT,2021-09-18 00:00:00+00:00,2023-09-18 00:00:00+00:00,2.0,1.2,0.1,-11.257959078264568,0.8874204092173543,-20.025428631095863,0,2.0
AVAXUSDT,2022-03-17 00:00:00+00:00,2024-03-16 00:00:00+00:00,2.0,1.2,0.1,-15.504964366575201,0.844950356334248,-20.00434686243303,0,0.75
AVAXUSDT,2022-09-13 00:00:00+00:00,2024-09-12 00:00:00+00:00,2.0,1.2,0.1,-1.4412412341454628,0.9855875876585454,-20.02689546099049,0,2.0
AVAXUSDT,2023-03-12 00:00:00+00:00,2025-03-11 00:00:00+00:00,2.0,1.2,0.1,45.433842932842026,1.4543384293284203,-20.074342830363058,0,2.0
AVAXUSDT,2023-09-08 00:00:00+00:00,2025-09-07 00:00:00+00:00,2.0,1.2,0.1,58.55327493297842,1.5855327493297842,-20.07434283036311,0,2.0
AVAXUSDT,2024-03-06 00:00:00+00:00,2026-03-06 00:00:00+00:00,2.0,1.2,0.1,0.6685838390790622,1.0066858383907906,-20.329002186155765,0,2.0
BTCUSDT,2017-08-18 00:00:00+00:00,2019-08-18 00:00:00+00:00,2.0,1.2,0.15,76.1902728206018,1.761902728206018,-25.055828205078356,0,2.0
BTCUSDT,2018-02-14 00:00:00+00:00,2020-02-14 00:00:00+00:00,2.0,1.2,0.15,78.40719372664265,1.7840719372664264,-16.127878957091866,0,2.0
BTCUSDT,2018-08-13 00:00:00+00:00,2020-08-12 00:00:00+00:00,2.0,1.2,0.15,102.84342073626398,2.02843420736264,-15.197572839020946,0,2.0
BTCUSDT,2019-02-09 00:00:00+00:00,2021-02-08 00:00:00+00:00,2.0,1.2,0.15,205.70005474202867,3.057000547420287,-21.567200717055602,0,2.0
BTCUSDT,2019-08-08 00:00:00+00:00,2021-08-07 00:00:00+00:00,2.0,1.2,0.15,63.511933087927574,1.6351193308792757,-23.473689425700663,0,2.0
BTCUSDT,2020-02-04 00:00:00+00:00,2022-02-03 00:00:00+00:00,2.0,1.2,0.15,55.19694206818926,1.5519694206818926,-25.0133734887943,0,2.0
BTCUSDT,2020-08-02 00:00:00+00:00,2022-08-02 00:00:00+00:00,2.0,1.2,0.15,27.08896743149072,1.2708896743149072,-25.01337348879459,0,2.0
BTCUSDT,2021-01-29 00:00:00+00:00,2023-01-29 00:00:00+00:00,2.0,1.2,0.15,-13.139727821908886,0.8686027217809111,-23.893448095591154,0,2.0
BTCUSDT,2021-07-28 00:00:00+00:00,2023-07-28 00:00:00+00:00,2.0,1.2,0.15,-12.485486871893404,0.875145131281066,-19.185547498024814,0,2.0
BTCUSDT,2022-01-24 00:00:00+00:00,2024-01-24 00:00:00+00:00,2.0,1.2,0.15,0.46372312199549626,1.004637231219955,-19.185547498024704,0,2.0
BTCUSDT,2022-07-23 00:00:00+00:00,2024-07-22 00:00:00+00:00,2.0,1.2,0.15,17.96776293108142,1.1796776293108142,-19.185547498024558,0,2.0
BTCUSDT,2023-01-19 00:00:00+00:00,2025-01-18 00:00:00+00:00,2.0,1.2,0.15,40.62482575645217,1.4062482575645217,-19.18554749802469,0,2.0
BTCUSDT,2023-07-18 00:00:00+00:00,2025-07-17 00:00:00+00:00,2.0,1.2,0.15,63.44501520101487,1.6344501520101486,-18.924435360489234,0,2.0
BTCUSDT,2024-01-14 00:00:00+00:00,2026-01-13 00:00:00+00:00,2.0,1.2,0.15,54.90266577662617,1.5490266577662617,-18.924435360489134,0,2.0
BTCUSDT,2024-07-12 00:00:00+00:00,2026-07-12 00:00:00+00:00,2.0,1.2,0.15,30.290724999031116,1.3029072499903112,-8.665282911293094,0,2.0
ETHUSDT,2017-08-18 00:00:00+00:00,2019-08-18 00:00:00+00:00,2.0,1.2,0.15,26.207231745757365,1.2620723174575736,-25.1834336316077,0,2.0
ETHUSDT,2018-02-14 00:00:00+00:00,2020-02-14 00:00:00+00:00,2.0,1.2,0.15,62.04115830360748,1.6204115830360748,-24.62362788490652,0,2.0
ETHUSDT,2018-08-13 00:00:00+00:00,2020-08-12 00:00:00+00:00,2.0,1.2,0.15,65.54153074603536,1.6554153074603537,-24.62362788490653,0,2.0
ETHUSDT,2019-02-09 00:00:00+00:00,2021-02-08 00:00:00+00:00,2.0,1.2,0.15,240.06781417425333,3.4006781417425334,-25.635900481780716,0,2.0
ETHUSDT,2019-08-08 00:00:00+00:00,2021-08-07 00:00:00+00:00,2.0,1.2,0.15,125.14941794084598,2.2514941794084598,-25.63590048178067,0,2.0
ETHUSDT,2020-02-04 00:00:00+00:00,2022-02-03 00:00:00+00:00,2.0,1.2,0.15,114.75857515097525,2.1475857515097525,-25.63590048178066,0,2.0
ETHUSDT,2020-08-02 00:00:00+00:00,2022-08-02 00:00:00+00:00,2.0,1.2,0.15,81.01098699041533,1.8101098699041533,-25.635900481780748,0,2.0
ETHUSDT,2021-01-29 00:00:00+00:00,2023-01-29 00:00:00+00:00,2.0,1.2,0.15,18.764304050699685,1.1876430405069969,-23.304923594563085,0,2.0
ETHUSDT,2021-07-28 00:00:00+00:00,2023-07-28 00:00:00+00:00,2.0,1.2,0.15,-4.935291348979254,0.9506470865102075,-25.06421889247704,0,2.0
ETHUSDT,2022-01-24 00:00:00+00:00,2024-01-24 00:00:00+00:00,2.0,1.2,0.15,-17.517081237327858,0.8248291876267214,-22.38611129054907,0,2.0
ETHUSDT,2022-07-23 00:00:00+00:00,2024-07-22 00:00:00+00:00,2.0,1.2,0.15,-20.42798879841167,0.7957201120158833,-25.01012794472237,0,2.0
ETHUSDT,2023-01-19 00:00:00+00:00,2025-01-18 00:00:00+00:00,2.0,1.2,0.15,-12.639218602017255,0.8736078139798275,-22.843599455993935,0,2.0
ETHUSDT,2023-07-18 00:00:00+00:00,2025-07-17 00:00:00+00:00,2.0,1.2,0.15,20.06164078648487,1.2006164078648487,-22.843599455994102,0,2.0
ETHUSDT,2024-01-14 00:00:00+00:00,2026-01-13 00:00:00+00:00,2.0,1.2,0.15,38.7471930465491,1.387471930465491,-22.843599455994067,0,2.0
ETHUSDT,2024-07-12 00:00:00+00:00,2026-07-12 00:00:00+00:00,2.0,1.2,0.15,35.696651577334414,1.3569665157733442,-18.32804604623428,0,2.0
BNBUSDT,2017-11-07 00:00:00+00:00,2019-11-07 00:00:00+00:00,2.0,1.2,0.15,38.12112027932073,1.3812112027932073,-25.18473819378625,0,2.0
BNBUSDT,2018-05-06 00:00:00+00:00,2020-05-05 00:00:00+00:00,2.0,1.2,0.15,113.61067594762235,2.1361067594762235,-16.105880815035633,0,2.0
BNBUSDT,2018-11-02 00:00:00+00:00,2020-11-01 00:00:00+00:00,2.0,1.2,0.15,84.14050498651848,1.8414050498651848,-26.36237966727798,0,2.0
BNBUSDT,2019-05-01 00:00:00+00:00,2021-04-30 00:00:00+00:00,2.0,1.2,0.15,8.328457442300351,1.0832845744230035,-26.362379667278102,0,2.0
BNBUSDT,2019-10-28 00:00:00+00:00,2021-10-27 00:00:00+00:00,2.0,1.2,0.15,-3.2327891452461843,0.9676721085475382,-26.362379667278002,0,2.0
BNBUSDT,2020-04-25 00:00:00+00:00,2022-04-25 00:00:00+00:00,2.0,1.2,0.15,396.436820326934,4.96436820326934,-25.098572140838193,0,2.0
BNBUSDT,2020-10-22 00:00:00+00:00,2022-10-22 00:00:00+00:00,2.0,1.2,0.15,664.4415683025892,7.644415683025892,-25.098572140838193,0,2.0
BNBUSDT,2021-04-20 00:00:00+00:00,2023-04-20 00:00:00+00:00,2.0,1.2,0.15,-25.050750935434962,0.7494924906456504,-25.050750935434962,0,2.0
BNBUSDT,2021-10-17 00:00:00+00:00,2023-10-17 00:00:00+00:00,2.0,1.2,0.15,5.182477953174969,1.0518247795317497,-22.41507640471083,0,2.0
BNBUSDT,2022-04-15 00:00:00+00:00,2024-04-14 00:00:00+00:00,2.0,1.2,0.15,-13.729261423406157,0.8627073857659384,-24.57746239490731,0,2.0
BNBUSDT,2022-10-12 00:00:00+00:00,2024-10-11 00:00:00+00:00,2.0,1.2,0.15,22.90276971748937,1.2290276971748937,-22.469924940331598,0,2.0
BNBUSDT,2023-04-10 00:00:00+00:00,2025-04-09 00:00:00+00:00,2.0,1.2,0.15,17.247708174985597,1.172477081749856,-23.758333831809853,0,2.0
BNBUSDT,2023-10-07 00:00:00+00:00,2025-10-06 00:00:00+00:00,2.0,1.2,0.15,28.97789775747941,1.289778977574794,-23.934153431766013,0,2.0
BNBUSDT,2024-04-04 00:00:00+00:00,2026-04-04 00:00:00+00:00,2.0,1.2,0.15,-14.011390136837033,0.8598860986316297,-23.19095228765503,0,2.0
XRPUSDT,2018-05-05 00:00:00+00:00,2020-05-04 00:00:00+00:00,2.0,1.2,0.15,36.08437590933195,1.3608437590933196,-34.62407395327981,0,2.0
XRPUSDT,2018-11-01 00:00:00+00:00,2020-10-31 00:00:00+00:00,2.0,1.2,0.15,-1.6248601698119147,0.9837513983018809,-24.971028942668518,0,2.0
XRPUSDT,2019-04-30 00:00:00+00:00,2021-04-29 00:00:00+00:00,2.0,1.2,0.15,4.16560043731331,1.041656004373133,-24.97102894266855,0,2.0
XRPUSDT,2019-10-27 00:00:00+00:00,2021-10-26 00:00:00+00:00,2.0,1.2,0.15,205.4771850463476,3.054771850463476,-25.27447260412723,0,2.0
XRPUSDT,2020-04-24 00:00:00+00:00,2022-04-24 00:00:00+00:00,2.0,1.2,0.15,202.37823225984096,3.0237823225984095,-25.274472604127286,0,2.0
XRPUSDT,2020-10-21 00:00:00+00:00,2022-10-21 00:00:00+00:00,2.0,1.2,0.15,158.3111112208785,2.583111112208785,-25.274472604127276,0,2.0
XRPUSDT,2021-04-19 00:00:00+00:00,2023-04-19 00:00:00+00:00,2.0,1.2,0.15,-20.620615518475958,0.7937938448152404,-25.027308795269743,0,0.75
XRPUSDT,2021-10-16 00:00:00+00:00,2023-10-16 00:00:00+00:00,2.0,1.2,0.15,-23.8626540261457,0.761373459738543,-25.03340599921432,0,2.0
XRPUSDT,2022-04-14 00:00:00+00:00,2024-04-13 00:00:00+00:00,2.0,1.2,0.15,-13.859262265250072,0.8614073773474993,-25.009341095148873,0,2.0
XRPUSDT,2022-10-11 00:00:00+00:00,2024-10-10 00:00:00+00:00,2.0,1.2,0.15,-24.92152450743539,0.7507847549256461,-25.044702783863894,0,2.0
XRPUSDT,2023-04-09 00:00:00+00:00,2025-04-08 00:00:00+00:00,2.0,1.2,0.15,24.316379032891877,1.2431637903289188,-25.146466255000966,0,2.0
XRPUSDT,2023-10-06 00:00:00+00:00,2025-10-05 00:00:00+00:00,2.0,1.2,0.15,-9.34338983336821,0.9065661016663179,-25.146466255000945,0,2.0
XRPUSDT,2024-04-03 00:00:00+00:00,2026-04-03 00:00:00+00:00,2.0,1.2,0.15,194.12016746720343,2.941201674672034,-23.242992823090425,0,2.0
ADAUSDT,2018-04-18 00:00:00+00:00,2020-04-17 00:00:00+00:00,2.0,1.2,0.15,-23.871226913348732,0.7612877308665127,-25.20872909932318,0,2.0
ADAUSDT,2018-10-15 00:00:00+00:00,2020-10-14 00:00:00+00:00,2.0,1.2,0.15,-9.458681173036542,0.9054131882696346,-25.409124817198837,0,2.0
ADAUSDT,2019-04-13 00:00:00+00:00,2021-04-12 00:00:00+00:00,2.0,1.2,0.15,5.55525035046065,1.0555525035046065,-25.063785994001407,0,2.0
ADAUSDT,2019-10-10 00:00:00+00:00,2021-10-09 00:00:00+00:00,2.0,1.2,0.15,7.22649899946981,1.072264989994698,-25.21779373399511,0,2.0
ADAUSDT,2020-04-07 00:00:00+00:00,2022-04-07 00:00:00+00:00,2.0,1.2,0.15,2.832058229233514,1.0283205822923351,-25.21779373399502,0,2.0
ADAUSDT,2020-10-04 00:00:00+00:00,2022-10-04 00:00:00+00:00,2.0,1.2,0.15,67.40666450648543,1.6740666450648543,-25.816597664685737,0,2.0
ADAUSDT,2021-04-02 00:00:00+00:00,2023-04-02 00:00:00+00:00,2.0,1.2,0.15,-5.338153637684806,0.9466184636231519,-25.097518601746703,0,2.0
ADAUSDT,2021-09-29 00:00:00+00:00,2023-09-29 00:00:00+00:00,2.0,1.2,0.15,-22.175535688925073,0.7782446431107493,-23.616157102326884,0,2.0
ADAUSDT,2022-03-28 00:00:00+00:00,2024-03-27 00:00:00+00:00,2.0,1.2,0.15,-22.171888206639025,0.7782811179336098,-25.046429841664043,0,2.0
ADAUSDT,2022-09-24 00:00:00+00:00,2024-09-23 00:00:00+00:00,2.0,1.2,0.15,-21.027285796542284,0.7897271420345772,-25.055441122867595,0,2.0
ADAUSDT,2023-03-23 00:00:00+00:00,2025-03-22 00:00:00+00:00,2.0,1.2,0.15,12.663610713839656,1.1266361071383966,-25.057800772959503,0,2.0
ADAUSDT,2023-09-19 00:00:00+00:00,2025-09-18 00:00:00+00:00,2.0,1.2,0.15,21.0866678920439,1.210866678920439,-25.057800772959737,0,2.0
ADAUSDT,2024-03-17 00:00:00+00:00,2026-03-17 00:00:00+00:00,2.0,1.2,0.15,60.369934432249515,1.6036993443224952,-25.075348398047893,0,2.0
DOGEUSDT,2019-07-06 00:00:00+00:00,2021-07-05 00:00:00+00:00,2.0,1.2,0.15,69.87599344254328,1.6987599344254327,-31.243659106780097,0,2.0
DOGEUSDT,2020-01-02 00:00:00+00:00,2022-01-01 00:00:00+00:00,2.0,1.2,0.15,70.46446890882052,1.7046446890882052,-31.243659106780107,0,2.0
DOGEUSDT,2020-06-30 00:00:00+00:00,2022-06-30 00:00:00+00:00,2.0,1.2,0.15,48.82002870803941,1.488200287080394,-31.243659106780086,0,2.0
DOGEUSDT,2020-12-27 00:00:00+00:00,2022-12-27 00:00:00+00:00,2.0,1.2,0.15,45.27272859472375,1.4527272859472375,-25.45657919305938,0,2.0
DOGEUSDT,2021-06-25 00:00:00+00:00,2023-06-25 00:00:00+00:00,2.0,1.2,0.15,-24.720348410150685,0.7527965158984932,-25.192516371282203,0,2.0
DOGEUSDT,2021-12-22 00:00:00+00:00,2023-12-22 00:00:00+00:00,2.0,1.2,0.15,25.563195596254616,1.2556319559625462,-25.238142367094753,0,2.0
DOGEUSDT,2022-06-20 00:00:00+00:00,2024-06-19 00:00:00+00:00,2.0,1.2,0.15,47.54050453870002,1.4754050453870002,-25.238142367094785,0,2.0
DOGEUSDT,2022-12-17 00:00:00+00:00,2024-12-16 00:00:00+00:00,2.0,1.2,0.15,-19.81336871963022,0.8018663128036978,-25.2964354901155,0,0.75
DOGEUSDT,2023-06-15 00:00:00+00:00,2025-06-14 00:00:00+00:00,2.0,1.2,0.15,150.0716934469897,2.500716934469897,-24.96359160353492,0,2.0
DOGEUSDT,2023-12-12 00:00:00+00:00,2025-12-11 00:00:00+00:00,2.0,1.2,0.15,147.34128784035988,2.473412878403599,-24.96359160353491,0,2.0
DOGEUSDT,2024-06-09 00:00:00+00:00,2026-06-09 00:00:00+00:00,2.0,1.2,0.15,80.8426950970725,1.808426950970725,-24.963591603534862,0,2.0
LINKUSDT,2019-01-17 00:00:00+00:00,2021-01-16 00:00:00+00:00,2.0,1.2,0.15,-8.48688030897221,0.9151311969102779,-25.246704386528464,0,2.0
LINKUSDT,2019-07-16 00:00:00+00:00,2021-07-15 00:00:00+00:00,2.0,1.2,0.15,-7.063325436466005,0.9293667456353399,-25.050152821768336,0,2.0
LINKUSDT,2020-01-12 00:00:00+00:00,2022-01-11 00:00:00+00:00,2.0,1.2,0.15,20.226106481967786,1.2022610648196779,-25.071261866234064,0,2.0
LINKUSDT,2020-07-10 00:00:00+00:00,2022-07-10 00:00:00+00:00,2.0,1.2,0.15,31.436459844067244,1.3143645984406724,-25.124885360625925,0,2.0
LINKUSDT,2021-01-06 00:00:00+00:00,2023-01-06 00:00:00+00:00,2.0,1.2,0.15,-13.770877938116154,0.8622912206188384,-25.250063021762735,0,2.0
LINKUSDT,2021-07-05 00:00:00+00:00,2023-07-05 00:00:00+00:00,2.0,1.2,0.15,-18.70084348343687,0.8129915651656313,-25.152447303651915,0,2.0
LINKUSDT,2022-01-01 00:00:00+00:00,2024-01-01 00:00:00+00:00,2.0,1.2,0.15,-19.48204081866344,0.8051795918133656,-25.083819131285388,0,2.0
LINKUSDT,2022-06-30 00:00:00+00:00,2024-06-29 00:00:00+00:00,2.0,1.2,0.15,-20.525717094787645,0.7947428290521236,-25.031981384917078,0,2.0
LINKUSDT,2022-12-27 00:00:00+00:00,2024-12-26 00:00:00+00:00,2.0,1.2,0.15,0.5371790613111882,1.0053717906131119,-25.415330640321553,0,2.0
LINKUSDT,2023-06-25 00:00:00+00:00,2025-06-24 00:00:00+00:00,2.0,1.2,0.15,24.658827750946365,1.2465882775094637,-25.41533064032162,0,2.0
LINKUSDT,2023-12-22 00:00:00+00:00,2025-12-21 00:00:00+00:00,2.0,1.2,0.15,-19.683094604268813,0.8031690539573119,-25.14975449682285,0,2.0
LINKUSDT,2024-06-19 00:00:00+00:00,2026-06-19 00:00:00+00:00,2.0,1.2,0.15,-17.495282977968095,0.825047170220319,-25.15525111553757,0,2.0
LTCUSDT,2017-12-14 00:00:00+00:00,2019-12-14 00:00:00+00:00,2.0,1.2,0.15,-24.707403942181262,0.7529259605781874,-25.24058834677628,0,2.0
LTCUSDT,2018-06-12 00:00:00+00:00,2020-06-11 00:00:00+00:00,2.0,1.2,0.15,18.036115977275013,1.1803611597727501,-25.285510332687732,0,2.0
LTCUSDT,2018-12-09 00:00:00+00:00,2020-12-08 00:00:00+00:00,2.0,1.2,0.15,19.64891871055603,1.1964891871055603,-25.285510332687544,0,2.0
LTCUSDT,2019-06-07 00:00:00+00:00,2021-06-06 00:00:00+00:00,2.0,1.2,0.15,-22.674757245888355,0.7732524275411164,-25.017953867023056,0,2.0
LTCUSDT,2019-12-04 00:00:00+00:00,2021-12-03 00:00:00+00:00,2.0,1.2,0.15,-4.251773075945953,0.9574822692405405,-25.090138120959327,0,2.0
LTCUSDT,2020-06-01 00:00:00+00:00,2022-06-01 00:00:00+00:00,2.0,1.2,0.15,-7.043520364340338,0.9295647963565966,-25.189992376432535,0,2.0
LTCUSDT,2020-11-28 00:00:00+00:00,2022-11-28 00:00:00+00:00,2.0,1.2,0.15,7.61555384340451,1.076155538434045,-25.18999237643228,0,2.0
LTCUSDT,2021-05-27 00:00:00+00:00,2023-05-27 00:00:00+00:00,2.0,1.2,0.15,-10.44516428016834,0.8955483571983166,-25.052176284484517,0,2.0
LTCUSDT,2021-11-23 00:00:00+00:00,2023-11-23 00:00:00+00:00,2.0,1.2,0.15,-19.780178239812006,0.8021982176018799,-25.067127610385576,0,2.0
LTCUSDT,2022-05-22 00:00:00+00:00,2024-05-21 00:00:00+00:00,2.0,1.2,0.15,-23.00622844360307,0.7699377155639693,-25.09568921719989,0,2.0
LTCUSDT,2022-11-18 00:00:00+00:00,2024-11-17 00:00:00+00:00,2.0,1.2,0.15,-15.046992946648729,0.8495300705335127,-25.24180834748695,0,2.0
LTCUSDT,2023-05-17 00:00:00+00:00,2025-05-16 00:00:00+00:00,2.0,1.2,0.15,-18.32488074100328,0.8167511925899672,-25.078674321450357,0,2.0
LTCUSDT,2023-11-13 00:00:00+00:00,2025-11-12 00:00:00+00:00,2.0,1.2,0.15,-3.056973274684005,0.96943026725316,-25.03918910157319,0,2.0
LTCUSDT,2024-05-11 00:00:00+00:00,2026-05-11 00:00:00+00:00,2.0,1.2,0.15,0.7882102818962178,1.0078821028189622,-25.03918910157318,0,2.0
SOLUSDT,2020-08-12 00:00:00+00:00,2022-08-12 00:00:00+00:00,2.0,1.2,0.15,-2.4724259435109253,0.9752757405648907,-25.13100591822909,0,2.0
SOLUSDT,2021-02-08 00:00:00+00:00,2023-02-08 00:00:00+00:00,2.0,1.2,0.15,18.664091578384536,1.1866409157838453,-25.13100591822923,0,2.0
SOLUSDT,2021-08-07 00:00:00+00:00,2023-08-07 00:00:00+00:00,2.0,1.2,0.15,114.38182398421178,2.1438182398421177,-25.03722926676859,0,2.0
SOLUSDT,2022-02-03 00:00:00+00:00,2024-02-03 00:00:00+00:00,2.0,1.2,0.15,-18.973121861559427,0.8102687813844057,-25.12047221346412,0,2.0
SOLUSDT,2022-08-02 00:00:00+00:00,2024-08-01 00:00:00+00:00,2.0,1.2,0.15,-3.125250526152723,0.9687474947384728,-25.049265516709475,0,2.0
SOLUSDT,2023-01-29 00:00:00+00:00,2025-01-28 00:00:00+00:00,2.0,1.2,0.15,28.889709297086053,1.2888970929708605,-25.04926551670934,0,2.0
SOLUSDT,2023-07-28 00:00:00+00:00,2025-07-27 00:00:00+00:00,2.0,1.2,0.15,16.879572126774555,1.1687957212677456,-25.049265516709518,0,2.0
SOLUSDT,2024-01-24 00:00:00+00:00,2026-01-23 00:00:00+00:00,2.0,1.2,0.15,-6.1270804279823015,0.938729195720177,-27.925179464729442,0,2.0
SOLUSDT,2024-07-22 00:00:00+00:00,2026-07-22 00:00:00+00:00,2.0,1.2,0.15,-11.15813750853425,0.8884186249146575,-24.00713281616146,0,2.0
AVAXUSDT,2020-09-23 00:00:00+00:00,2022-09-23 00:00:00+00:00,2.0,1.2,0.15,277.4763231212638,3.7747632312126385,-25.327155443947426,0,2.0
AVAXUSDT,2021-03-22 00:00:00+00:00,2023-03-22 00:00:00+00:00,2.0,1.2,0.15,-18.435839790555907,0.8156416020944409,-25.095794364334235,0,2.0
AVAXUSDT,2021-09-18 00:00:00+00:00,2023-09-18 00:00:00+00:00,2.0,1.2,0.15,-16.97194787918026,0.8302805212081974,-25.174891055145498,0,2.0
AVAXUSDT,2022-03-17 00:00:00+00:00,2024-03-16 00:00:00+00:00,2.0,1.2,0.15,-20.787079756244054,0.7921292024375595,-25.005188241774402,0,2.0
AVAXUSDT,2022-09-13 00:00:00+00:00,2024-09-12 00:00:00+00:00,2.0,1.2,0.15,27.518733998307287,1.2751873399830729,-25.154440234912954,0,2.0
AVAXUSDT,2023-03-12 00:00:00+00:00,2025-03-11 00:00:00+00:00,2.0,1.2,0.15,48.186252512213755,1.4818625251221376,-25.15444023491289,0,2.0
AVAXUSDT,2023-09-08 00:00:00+00:00,2025-09-07 00:00:00+00:00,2.0,1.2,0.15,60.57739741916988,1.6057739741916988,-25.154440234912844,0,2.0
AVAXUSDT,2024-03-06 00:00:00+00:00,2026-03-06 00:00:00+00:00,2.0,1.2,0.15,-3.2921871832195304,0.9670781281678047,-25.040349230003468,0,2.0
BTCUSDT,2017-08-18 00:00:00+00:00,2019-08-18 00:00:00+00:00,2.5,1.15,0.1,10.83955827011489,1.108395582701149,-23.52230636064484,0,2.5
BTCUSDT,2018-02-14 00:00:00+00:00,2020-02-14 00:00:00+00:00,2.5,1.15,0.1,63.45558492687504,1.6345558492687504,-17.11525098039767,0,2.5
BTCUSDT,2018-08-13 00:00:00+00:00,2020-08-12 00:00:00+00:00,2.5,1.15,0.1,73.11781948542078,1.7311781948542078,-17.30432586345566,0,2.5
BTCUSDT,2019-02-09 00:00:00+00:00,2021-02-08 00:00:00+00:00,2.5,1.15,0.1,58.90901026537454,1.5890901026537454,-20.109955302024428,0,2.5
BTCUSDT,2019-08-08 00:00:00+00:00,2021-08-07 00:00:00+00:00,2.5,1.15,0.1,0.6896815284414659,1.0068968152844147,-20.109955302024552,0,2.5
BTCUSDT,2020-02-04 00:00:00+00:00,2022-02-03 00:00:00+00:00,2.5,1.15,0.1,3.7328453025222474,1.0373284530252225,-20.109955302024463,0,2.5
BTCUSDT,2020-08-02 00:00:00+00:00,2022-08-02 00:00:00+00:00,2.5,1.15,0.1,-19.035635894622338,0.8096436410537766,-20.109955302026872,0,2.5
BTCUSDT,2021-01-29 00:00:00+00:00,2023-01-29 00:00:00+00:00,2.5,1.15,0.1,-17.763103331160245,0.8223689666883975,-20.16649677760194,0,2.5
BTCUSDT,2021-07-28 00:00:00+00:00,2023-07-28 00:00:00+00:00,2.5,1.15,0.1,-12.791445458853524,0.8720855454114648,-19.137125678443468,0,2.5
BTCUSDT,2022-01-24 00:00:00+00:00,2024-01-24 00:00:00+00:00,2.5,1.15,0.1,-5.127751279894676,0.9487224872010532,-16.918813022671976,0,2.5
BTCUSDT,2022-07-23 00:00:00+00:00,2024-07-22 00:00:00+00:00,2.5,1.15,0.1,9.26628967223133,1.0926628967223133,-16.91881302267223,0,2.5
BTCUSDT,2023-01-19 00:00:00+00:00,2025-01-18 00:00:00+00:00,2.5,1.15,0.1,10.954278066487767,1.1095427806648777,-17.491278871980963,0,2.5
BTCUSDT,2023-07-18 00:00:00+00:00,2025-07-17 00:00:00+00:00,2.5,1.15,0.1,57.40066527883039,1.5740066527883039,-17.491278871980874,0,2.5
BTCUSDT,2024-01-14 00:00:00+00:00,2026-01-13 00:00:00+00:00,2.5,1.15,0.1,36.52918395119023,1.3652918395119022,-17.491278871980953,0,2.5
BTCUSDT,2024-07-12 00:00:00+00:00,2026-07-12 00:00:00+00:00,2.5,1.15,0.1,23.81106412890808,1.2381106412890808,-13.216762266056604,0,2.5
ETHUSDT,2017-08-18 00:00:00+00:00,2019-08-18 00:00:00+00:00,2.5,1.15,0.1,-1.2497227795764454,0.9875027722042355,-20.309128709118962,0,2.5
ETHUSDT,2018-02-14 00:00:00+00:00,2020-02-14 00:00:00+00:00,2.5,1.15,0.1,18.040524826349436,1.1804052482634944,-20.099482353896846,0,2.5
ETHUSDT,2018-08-13 00:00:00+00:00,2020-08-12 00:00:00+00:00,2.5,1.15,0.1,17.199484957405176,1.1719948495740518,-20.09948235389698,0,2.5
ETHUSDT,2019-02-09 00:00:00+00:00,2021-02-08 00:00:00+00:00,2.5,1.15,0.1,31.86656649334072,1.3186656649334072,-20.099482353896914,0,2.5
ETHUSDT,2019-08-08 00:00:00+00:00,2021-08-07 00:00:00+00:00,2.5,1.15,0.1,95.4780817646477,1.954780817646477,-20.766165756219834,0,2.5
ETHUSDT,2020-02-04 00:00:00+00:00,2022-02-03 00:00:00+00:00,2.5,1.15,0.1,71.9539753015177,1.719539753015177,-20.766165756219866,0,2.5
ETHUSDT,2020-08-02 00:00:00+00:00,2022-08-02 00:00:00+00:00,2.5,1.15,0.1,83.42928536624224,1.8342928536624223,-20.766165756219813,0,2.5
ETHUSDT,2021-01-29 00:00:00+00:00,2023-01-29 00:00:00+00:00,2.5,1.15,0.1,13.887281451257728,1.1388728145125773,-20.002979925323615,0,2.5
ETHUSDT,2021-07-28 00:00:00+00:00,2023-07-28 00:00:00+00:00,2.5,1.15,0.1,-13.70994929795567,0.8629005070204433,-20.2752809985707,0,2.5
ETHUSDT,2022-01-24 00:00:00+00:00,2024-01-24 00:00:00+00:00,2.5,1.15,0.1,-15.1574727347501,0.848425272652499,-20.01712850457341,0,2.5
ETHUSDT,2022-07-23 00:00:00+00:00,2024-07-22 00:00:00+00:00,2.5,1.15,0.1,-11.805112894823777,0.8819488710517622,-18.30607943890562,0,2.5
ETHUSDT,2023-01-19 00:00:00+00:00,2025-01-18 00:00:00+00:00,2.5,1.15,0.1,-15.88652900635924,0.8411347099364076,-18.621038473053087,0,2.5
ETHUSDT,2023-07-18 00:00:00+00:00,2025-07-17 00:00:00+00:00,2.5,1.15,0.1,6.667263511963406,1.066672635119634,-22.610891064384088,0,2.5
ETHUSDT,2024-01-14 00:00:00+00:00,2026-01-13 00:00:00+00:00,2.5,1.15,0.1,2.597340471113241,1.0259734047111324,-22.61089106438411,0,2.5
ETHUSDT,2024-07-12 00:00:00+00:00,2026-07-12 00:00:00+00:00,2.5,1.15,0.1,31.781698553115568,1.3178169855311557,-16.095753501396835,0,2.5
BNBUSDT,2017-11-07 00:00:00+00:00,2019-11-07 00:00:00+00:00,2.5,1.15,0.1,2.7845119288174125,1.0278451192881741,-20.03871299858677,0,2.5
BNBUSDT,2018-05-06 00:00:00+00:00,2020-05-05 00:00:00+00:00,2.5,1.15,0.1,-2.7786793928683884,0.9722132060713161,-18.113288970979767,0,2.5
BNBUSDT,2018-11-02 00:00:00+00:00,2020-11-01 00:00:00+00:00,2.5,1.15,0.1,1.3234231678133535,1.0132342316781335,-19.8252516647107,0,2.5
BNBUSDT,2019-05-01 00:00:00+00:00,2021-04-30 00:00:00+00:00,2.5,1.15,0.1,-9.020449407400811,0.9097955059259919,-20.1997731338886,0,2.5
BNBUSDT,2019-10-28 00:00:00+00:00,2021-10-27 00:00:00+00:00,2.5,1.15,0.1,10.288517417307897,1.102885174173079,-20.14837414492878,0,2.5
BNBUSDT,2020-04-25 00:00:00+00:00,2022-04-25 00:00:00+00:00,2.5,1.15,0.1,13.17721188476677,1.1317721188476677,-20.134491575082592,0,2.5
BNBUSDT,2020-10-22 00:00:00+00:00,2022-10-22 00:00:00+00:00,2.5,1.15,0.1,71.24910866972647,1.7124910866972647,-20.134491575082603,0,2.5
BNBUSDT,2021-04-20 00:00:00+00:00,2023-04-20 00:00:00+00:00,2.5,1.15,0.1,-20.04114362937316,0.7995885637062684,-20.04114362937316,0,2.5
BNBUSDT,2021-10-17 00:00:00+00:00,2023-10-17 00:00:00+00:00,2.5,1.15,0.1,14.441813185461005,1.14441813185461,-20.089068828744693,0,2.5
BNBUSDT,2022-04-15 00:00:00+00:00,2024-04-14 00:00:00+00:00,2.5,1.15,0.1,-17.340185227165595,0.8265981477283441,-19.987673150788165,0,2.5
BNBUSDT,2022-10-12 00:00:00+00:00,2024-10-11 00:00:00+00:00,2.5,1.15,0.1,25.15984395893245,1.2515984395893245,-19.84573235834951,0,2.5
BNBUSDT,2023-04-10 00:00:00+00:00,2025-04-09 00:00:00+00:00,2.5,1.15,0.1,-1.1432868205714763,0.9885671317942852,-20.096649112040954,0,2.5
BNBUSDT,2023-10-07 00:00:00+00:00,2025-10-06 00:00:00+00:00,2.5,1.15,0.1,-1.2507471768596012,0.987492528231404,-20.096649112040808,0,2.5
BNBUSDT,2024-04-04 00:00:00+00:00,2026-04-04 00:00:00+00:00,2.5,1.15,0.1,-14.7350232459601,0.852649767540399,-20.02882738707359,0,2.5
XRPUSDT,2018-05-05 00:00:00+00:00,2020-05-04 00:00:00+00:00,2.5,1.15,0.1,41.68981855825484,1.4168981855825484,-43.28685744051577,0,2.5
XRPUSDT,2018-11-01 00:00:00+00:00,2020-10-31 00:00:00+00:00,2.5,1.15,0.1,-7.121818588308615,0.9287818141169139,-20.14493065052143,0,2.5
XRPUSDT,2019-04-30 00:00:00+00:00,2021-04-29 00:00:00+00:00,2.5,1.15,0.1,-9.733367317497056,0.9026663268250295,-20.069716719156116,0,2.5
XRPUSDT,2019-10-27 00:00:00+00:00,2021-10-26 00:00:00+00:00,2.5,1.15,0.1,-12.721600543727762,0.8727839945627224,-19.971854142907354,0,2.5
XRPUSDT,2020-04-24 00:00:00+00:00,2022-04-24 00:00:00+00:00,2.5,1.15,0.1,-11.552745426776934,0.8844725457322307,-20.259389745863785,0,2.5
XRPUSDT,2020-10-21 00:00:00+00:00,2022-10-21 00:00:00+00:00,2.5,1.15,0.1,127.65262368503497,2.2765262368503496,-20.45366379953727,0,2.5
XRPUSDT,2021-04-19 00:00:00+00:00,2023-04-19 00:00:00+00:00,2.5,1.15,0.1,-15.561820651159476,0.8443817934884053,-20.249349531253657,0,0.75
XRPUSDT,2021-10-16 00:00:00+00:00,2023-10-16 00:00:00+00:00,2.5,1.15,0.1,-18.778420181559074,0.8122157981844093,-20.157318542352353,0,2.5
XRPUSDT,2022-04-14 00:00:00+00:00,2024-04-13 00:00:00+00:00,2.5,1.15,0.1,-9.040492560045067,0.9095950743995493,-20.05165933794003,0,2.5
XRPUSDT,2022-10-11 00:00:00+00:00,2024-10-10 00:00:00+00:00,2.5,1.15,0.1,-19.965202943493765,0.8003479705650623,-20.096512860098315,0,2.5
XRPUSDT,2023-04-09 00:00:00+00:00,2025-04-08 00:00:00+00:00,2.5,1.15,0.1,-16.630205006809085,0.8336979499319092,-20.052856423505194,0,2.5
XRPUSDT,2023-10-06 00:00:00+00:00,2025-10-05 00:00:00+00:00,2.5,1.15,0.1,-0.8941044445313739,0.9910589555546863,-20.020355562494064,0,2.5
XRPUSDT,2024-04-03 00:00:00+00:00,2026-04-03 00:00:00+00:00,2.5,1.15,0.1,52.12216951207258,1.5212216951207258,-25.16111366356979,0,2.5
ADAUSDT,2018-04-18 00:00:00+00:00,2020-04-17 00:00:00+00:00,2.5,1.15,0.1,-29.87000991151072,0.7012999008848928,-31.102119812178064,0,2.5
ADAUSDT,2018-10-15 00:00:00+00:00,2020-10-14 00:00:00+00:00,2.5,1.15,0.1,-22.402006872574653,0.7759799312742535,-28.761191642372463,0,2.5
ADAUSDT,2019-04-13 00:00:00+00:00,2021-04-12 00:00:00+00:00,2.5,1.15,0.1,19.415574319879592,1.194155743198796,-19.96307084611707,0,2.5
ADAUSDT,2019-10-10 00:00:00+00:00,2021-10-09 00:00:00+00:00,2.5,1.15,0.1,13.400930367794327,1.1340093036779433,-20.002624113644842,0,2.5
ADAUSDT,2020-04-07 00:00:00+00:00,2022-04-07 00:00:00+00:00,2.5,1.15,0.1,6.398463951614186,1.0639846395161419,-19.988100048314116,0,2.5
ADAUSDT,2020-10-04 00:00:00+00:00,2022-10-04 00:00:00+00:00,2.5,1.15,0.1,-22.773899437165433,0.7722610056283457,-23.11805902105515,0,2.5
ADAUSDT,2021-04-02 00:00:00+00:00,2023-04-02 00:00:00+00:00,2.5,1.15,0.1,-8.839545726723852,0.9116045427327615,-20.244937628201587,0,2.5
ADAUSDT,2021-09-29 00:00:00+00:00,2023-09-29 00:00:00+00:00,2.5,1.15,0.1,-18.53391704441828,0.8146608295558172,-20.041949057368193,0,2.5
ADAUSDT,2022-03-28 00:00:00+00:00,2024-03-27 00:00:00+00:00,2.5,1.15,0.1,-16.47712360421101,0.8352287639578899,-20.016046654740816,0,2.5
ADAUSDT,2022-09-24 00:00:00+00:00,2024-09-23 00:00:00+00:00,2.5,1.15,0.1,-14.304951305781232,0.8569504869421877,-20.17261566131522,0,2.5
ADAUSDT,2023-03-23 00:00:00+00:00,2025-03-22 00:00:00+00:00,2.5,1.15,0.1,-12.506317168376391,0.8749368283162361,-20.3929195765673,0,2.5
ADAUSDT,2023-09-19 00:00:00+00:00,2025-09-18 00:00:00+00:00,2.5,1.15,0.1,-0.26768524501241675,0.9973231475498758,-20.197299692146675,0,2.5
ADAUSDT,2024-03-17 00:00:00+00:00,2026-03-17 00:00:00+00:00,2.5,1.15,0.1,88.32677159004815,1.8832677159004816,-20.33369711787012,0,2.5
DOGEUSDT,2019-07-06 00:00:00+00:00,2021-07-05 00:00:00+00:00,2.5,1.15,0.1,45.261288286388734,1.4526128828638873,-39.16644914985018,0,2.5
DOGEUSDT,2020-01-02 00:00:00+00:00,2022-01-01 00:00:00+00:00,2.5,1.15,0.1,45.76449478793152,1.4576449478793152,-39.166449149850166,0,2.5
DOGEUSDT,2020-06-30 00:00:00+00:00,2022-06-30 00:00:00+00:00,2.5,1.15,0.1,50.371038713522175,1.5037103871352218,-39.16671630489811,0,2.5
DOGEUSDT,2020-12-27 00:00:00+00:00,2022-12-27 00:00:00+00:00,2.5,1.15,0.1,26.073923707741642,1.2607392370774164,-57.60037966482571,0,2.5
DOGEUSDT,2021-06-25 00:00:00+00:00,2023-06-25 00:00:00+00:00,2.5,1.15,0.1,-19.749683531839768,0.8025031646816023,-20.253028426598018,0,2.5
DOGEUSDT,2021-12-22 00:00:00+00:00,2023-12-22 00:00:00+00:00,2.5,1.15,0.1,-20.071951224835338,0.7992804877516466,-20.157627914555686,0,2.5
DOGEUSDT,2022-06-20 00:00:00+00:00,2024-06-19 00:00:00+00:00,2.5,1.15,0.1,55.32250270078918,1.5532250270078918,-20.45104289642624,0,2.5
DOGEUSDT,2022-12-17 00:00:00+00:00,2024-12-16 00:00:00+00:00,2.5,1.15,0.1,-14.42641726755265,0.8557358273244735,-20.277837391077913,0,0.75
DOGEUSDT,2023-06-15 00:00:00+00:00,2025-06-14 00:00:00+00:00,2.5,1.15,0.1,-15.478315748158543,0.8452168425184146,-21.18738985624794,0,2.5
DOGEUSDT,2023-12-12 00:00:00+00:00,2025-12-11 00:00:00+00:00,2.5,1.15,0.1,2.078287326409267,1.0207828732640927,-22.128531003224637,0,2.5
DOGEUSDT,2024-06-09 00:00:00+00:00,2026-06-09 00:00:00+00:00,2.5,1.15,0.1,11.97651607837058,1.1197651607837058,-20.5758469035648,0,2.5
LINKUSDT,2019-01-17 00:00:00+00:00,2021-01-16 00:00:00+00:00,2.5,1.15,0.1,-15.486857843226254,0.8451314215677375,-20.511759631270856,0,2.5
LINKUSDT,2019-07-16 00:00:00+00:00,2021-07-15 00:00:00+00:00,2.5,1.15,0.1,-7.811396203852327,0.9218860379614767,-21.282140561883566,0,2.5
LINKUSDT,2020-01-12 00:00:00+00:00,2022-01-11 00:00:00+00:00,2.5,1.15,0.1,33.93834821230299,1.33938348212303,-22.59653914902947,0,2.5
LINKUSDT,2020-07-10 00:00:00+00:00,2022-07-10 00:00:00+00:00,2.5,1.15,0.1,46.50518055937405,1.4650518055937405,-20.014110772214888,0,2.5
LINKUSDT,2021-01-06 00:00:00+00:00,2023-01-06 00:00:00+00:00,2.5,1.15,0.1,-7.06999726610511,0.9293000273389489,-20.09876317597181,0,2.5
LINKUSDT,2021-07-05 00:00:00+00:00,2023-07-05 00:00:00+00:00,2.5,1.15,0.1,-14.847963947351728,0.8515203605264827,-20.087900883003094,0,2.5
LINKUSDT,2022-01-01 00:00:00+00:00,2024-01-01 00:00:00+00:00,2.5,1.15,0.1,-14.035070641286463,0.8596492935871354,-20.01502842352726,0,2.5
LINKUSDT,2022-06-30 00:00:00+00:00,2024-06-29 00:00:00+00:00,2.5,1.15,0.1,-18.115019182927526,0.8188498081707247,-20.026487300939124,0,2.5
LINKUSDT,2022-12-27 00:00:00+00:00,2024-12-26 00:00:00+00:00,2.5,1.15,0.1,-15.744386925365106,0.8425561307463489,-20.105349858876597,0,2.5
LINKUSDT,2023-06-25 00:00:00+00:00,2025-06-24 00:00:00+00:00,2.5,1.15,0.1,10.95294007009513,1.1095294007009513,-19.998860017466047,0,2.5
LINKUSDT,2023-12-22 00:00:00+00:00,2025-12-21 00:00:00+00:00,2.5,1.15,0.1,-15.372239441731594,0.8462776055826841,-20.605910982454688,0,2.5
LINKUSDT,2024-06-19 00:00:00+00:00,2026-06-19 00:00:00+00:00,2.5,1.15,0.1,2.388961997752004,1.02388961997752,-20.194457378333787,0,2.5
LTCUSDT,2017-12-14 00:00:00+00:00,2019-12-14 00:00:00+00:00,2.5,1.15,0.1,-18.938738405598908,0.8106126159440109,-19.77391892573721,0,2.5
LTCUSDT,2018-06-12 00:00:00+00:00,2020-06-11 00:00:00+00:00,2.5,1.15,0.1,-17.577251996803046,0.8242274800319696,-20.589174427594603,0,2.5
LTCUSDT,2018-12-09 00:00:00+00:00,2020-12-08 00:00:00+00:00,2.5,1.15,0.1,-16.451057423528283,0.8354894257647172,-20.58917442759468,0,2.5
LTCUSDT,2019-06-07 00:00:00+00:00,2021-06-06 00:00:00+00:00,2.5,1.15,0.1,-17.780515011029863,0.8221948498897014,-20.041342242797565,0,2.5
LTCUSDT,2019-12-04 00:00:00+00:00,2021-12-03 00:00:00+00:00,2.5,1.15,0.1,18.02960758944401,1.18029607589444,-20.012923203857703,0,2.5
LTCUSDT,2020-06-01 00:00:00+00:00,2022-06-01 00:00:00+00:00,2.5,1.15,0.1,-11.614899104098342,0.8838510089590166,-20.23023518384982,0,2.5
LTCUSDT,2020-11-28 00:00:00+00:00,2022-11-28 00:00:00+00:00,2.5,1.15,0.1,6.355705171243642,1.0635570517124364,-20.057724163321833,0,2.5
LTCUSDT,2021-05-27 00:00:00+00:00,2023-05-27 00:00:00+00:00,2.5,1.15,0.1,1.1491060195749858,1.0114910601957499,-20.20549407431378,0,2.5
LTCUSDT,2021-11-23 00:00:00+00:00,2023-11-23 00:00:00+00:00,2.5,1.15,0.1,-14.630559700404945,0.8536944029959506,-20.256898661957678,0,0.75
LTCUSDT,2022-05-22 00:00:00+00:00,2024-05-21 00:00:00+00:00,2.5,1.15,0.1,-17.861444297019702,0.821385557029803,-20.09052447677894,0,0.75
LTCUSDT,2022-11-18 00:00:00+00:00,2024-11-17 00:00:00+00:00,2.5,1.15,0.1,-9.223776123591698,0.907762238764083,-20.11740870123496,0,2.5
LTCUSDT,2023-05-17 00:00:00+00:00,2025-05-16 00:00:00+00:00,2.5,1.15,0.1,-18.897046953510564,0.8110295304648943,-20.024424356242598,0,2.5
LTCUSDT,2023-11-13 00:00:00+00:00,2025-11-12 00:00:00+00:00,2.5,1.15,0.1,-12.813855128676222,0.8718614487132378,-20.139731056023546,0,2.5
LTCUSDT,2024-05-11 00:00:00+00:00,2026-05-11 00:00:00+00:00,2.5,1.15,0.1,4.150163179637012,1.0415016317963701,-20.136278650671503,0,2.5
SOLUSDT,2020-08-12 00:00:00+00:00,2022-08-12 00:00:00+00:00,2.5,1.15,0.1,-16.601685278249235,0.8339831472175077,-21.17468098885378,0,2.5
SOLUSDT,2021-02-08 00:00:00+00:00,2023-02-08 00:00:00+00:00,2.5,1.15,0.1,-5.814681639921493,0.9418531836007851,-20.400895075588267,0,2.5
SOLUSDT,2021-08-07 00:00:00+00:00,2023-08-07 00:00:00+00:00,2.5,1.15,0.1,103.09971732103102,2.0309971732103103,-20.281307567534267,0,2.5
SOLUSDT,2022-02-03 00:00:00+00:00,2024-02-03 00:00:00+00:00,2.5,1.15,0.1,-13.658357354493445,0.8634164264550656,-20.01725400655825,0,2.5
SOLUSDT,2022-08-02 00:00:00+00:00,2024-08-01 00:00:00+00:00,2.5,1.15,0.1,-17.63932652600847,0.8236067347399153,-20.15623076540508,0,2.5
SOLUSDT,2023-01-29 00:00:00+00:00,2025-01-28 00:00:00+00:00,2.5,1.15,0.1,-12.116890622358934,0.8788310937764107,-20.22396202381447,0,2.5
SOLUSDT,2023-07-28 00:00:00+00:00,2025-07-27 00:00:00+00:00,2.5,1.15,0.1,23.817772452958664,1.2381777245295866,-20.223962023813048,0,2.5
SOLUSDT,2024-01-24 00:00:00+00:00,2026-01-23 00:00:00+00:00,2.5,1.15,0.1,4.173177334744271,1.0417317733474427,-20.22411802265229,0,2.5
SOLUSDT,2024-07-22 00:00:00+00:00,2026-07-22 00:00:00+00:00,2.5,1.15,0.1,-22.646030645946414,0.7735396935405359,-22.646030645946414,0,2.5
AVAXUSDT,2020-09-23 00:00:00+00:00,2022-09-23 00:00:00+00:00,2.5,1.15,0.1,-4.649524528003413,0.9535047547199659,-20.297424022807952,0,2.5
AVAXUSDT,2021-03-22 00:00:00+00:00,2023-03-22 00:00:00+00:00,2.5,1.15,0.1,-14.433765913270003,0.8556623408673,-20.907952505689785,0,2.5
AVAXUSDT,2021-09-18 00:00:00+00:00,2023-09-18 00:00:00+00:00,2.5,1.15,0.1,-9.090327331818882,0.9090967266818112,-20.060256769320638,0,2.5
AVAXUSDT,2022-03-17 00:00:00+00:00,2024-03-16 00:00:00+00:00,2.5,1.15,0.1,-17.43761695627406,0.8256238304372594,-20.045836627405833,0,2.5
AVAXUSDT,2022-09-13 00:00:00+00:00,2024-09-12 00:00:00+00:00,2.5,1.15,0.1,19.462780860574156,1.1946278086057416,-20.16341785861091,0,2.5
AVAXUSDT,2023-03-12 00:00:00+00:00,2025-03-11 00:00:00+00:00,2.5,1.15,0.1,31.4525465083072,1.314525465083072,-20.353447439313488,0,2.5
AVAXUSDT,2023-09-08 00:00:00+00:00,2025-09-07 00:00:00+00:00,2.5,1.15,0.1,26.563188838938935,1.2656318883893893,-20.353447439313342,0,2.5
AVAXUSDT,2024-03-06 00:00:00+00:00,2026-03-06 00:00:00+00:00,2.5,1.15,0.1,2.511252190421187,1.0251125219042119,-20.073279617125017,0,2.5
BTCUSDT,2017-08-18 00:00:00+00:00,2019-08-18 00:00:00+00:00,2.5,1.15,0.15,39.5879900484484,1.395879900484484,-25.11037541261506,0,2.5
BTCUSDT,2018-02-14 00:00:00+00:00,2020-02-14 00:00:00+00:00,2.5,1.15,0.15,74.40791890601031,1.744079189060103,-18.480268046512183,0,2.5
BTCUSDT,2018-08-13 00:00:00+00:00,2020-08-12 00:00:00+00:00,2.5,1.15,0.15,104.97247357897513,2.0497247357897512,-18.480268046512172,0,2.5
BTCUSDT,2019-02-09 00:00:00+00:00,2021-02-08 00:00:00+00:00,2.5,1.15,0.15,76.54090248336483,1.7654090248336483,-25.03894072889825,0,2.5
BTCUSDT,2019-08-08 00:00:00+00:00,2021-08-07 00:00:00+00:00,2.5,1.15,0.15,2.6199273314744698,1.0261992733147447,-25.03894072889813,0,2.5
BTCUSDT,2020-02-04 00:00:00+00:00,2022-02-03 00:00:00+00:00,2.5,1.15,0.15,5.72142929884043,1.0572142929884043,-25.03894072889812,0,2.5
BTCUSDT,2020-08-02 00:00:00+00:00,2022-08-02 00:00:00+00:00,2.5,1.15,0.15,-24.030903731562326,0.7596909626843767,-25.03894072890033,0,2.5
BTCUSDT,2021-01-29 00:00:00+00:00,2023-01-29 00:00:00+00:00,2.5,1.15,0.15,-12.836771084658338,0.8716322891534166,-24.210353597408663,0,2.5
BTCUSDT,2021-07-28 00:00:00+00:00,2023-07-28 00:00:00+00:00,2.5,1.15,0.15,-17.761177648499505,0.822388223515005,-22.343491961337936,0,2.5
BTCUSDT,2022-01-24 00:00:00+00:00,2024-01-24 00:00:00+00:00,2.5,1.15,0.15,-9.100966220343466,0.9089903377965654,-22.343491961337993,0,2.5
BTCUSDT,2022-07-23 00:00:00+00:00,2024-07-22 00:00:00+00:00,2.5,1.15,0.15,3.419595202766601,1.034195952027666,-22.34349196133779,0,2.5
BTCUSDT,2023-01-19 00:00:00+00:00,2025-01-18 00:00:00+00:00,2.5,1.15,0.15,21.26233007476712,1.2126233007476712,-22.343491961337925,0,2.5
BTCUSDT,2023-07-18 00:00:00+00:00,2025-07-17 00:00:00+00:00,2.5,1.15,0.15,81.33713922333502,1.81337139223335,-18.986290081496936,0,2.5
BTCUSDT,2024-01-14 00:00:00+00:00,2026-01-13 00:00:00+00:00,2.5,1.15,0.15,57.99820926234018,1.5799820926234018,-18.986290081497124,0,2.5
BTCUSDT,2024-07-12 00:00:00+00:00,2026-07-12 00:00:00+00:00,2.5,1.15,0.15,26.958771692046078,1.2695877169204608,-10.316241768884094,0,2.5
ETHUSDT,2017-08-18 00:00:00+00:00,2019-08-18 00:00:00+00:00,2.5,1.15,0.15,-7.060988838729376,0.9293901116127062,-25.523843947522074,0,2.5
ETHUSDT,2018-02-14 00:00:00+00:00,2020-02-14 00:00:00+00:00,2.5,1.15,0.15,68.54728239378913,1.6854728239378913,-24.82857242126123,0,2.5
ETHUSDT,2018-08-13 00:00:00+00:00,2020-08-12 00:00:00+00:00,2.5,1.15,0.15,50.03573885995285,1.5003573885995285,-24.828572421261363,0,2.5
ETHUSDT,2019-02-09 00:00:00+00:00,2021-02-08 00:00:00+00:00,2.5,1.15,0.15,60.10323265859168,1.6010323265859168,-26.033632984189747,0,2.5
ETHUSDT,2019-08-08 00:00:00+00:00,2021-08-07 00:00:00+00:00,2.5,1.15,0.15,133.2300363544616,2.332300363544616,-26.03363298430229,0,2.5
ETHUSDT,2020-02-04 00:00:00+00:00,2022-02-03 00:00:00+00:00,2.5,1.15,0.15,105.16280673938864,2.0516280673938865,-26.03363298430237,0,2.5
ETHUSDT,2020-08-02 00:00:00+00:00,2022-08-02 00:00:00+00:00,2.5,1.15,0.15,57.49472968536811,1.574947296853681,-26.033632984302347,0,2.5
ETHUSDT,2021-01-29 00:00:00+00:00,2023-01-29 00:00:00+00:00,2.5,1.15,0.15,-3.2192333175847354,0.9678076668241526,-25.653733944408142,0,2.5
ETHUSDT,2021-07-28 00:00:00+00:00,2023-07-28 00:00:00+00:00,2.5,1.15,0.15,-17.107830965344107,0.8289216903465589,-25.154687526298947,0,2.5
ETHUSDT,2022-01-24 00:00:00+00:00,2024-01-24 00:00:00+00:00,2.5,1.15,0.15,-20.464525941044542,0.7953547405895546,-25.02020147164069,0,2.5
ETHUSDT,2022-07-23 00:00:00+00:00,2024-07-22 00:00:00+00:00,2.5,1.15,0.15,-6.492801838753481,0.9350719816124652,-24.65585088764284,0,2.5
ETHUSDT,2023-01-19 00:00:00+00:00,2025-01-18 00:00:00+00:00,2.5,1.15,0.15,-4.862601560264057,0.9513739843973594,-24.916330584282232,0,2.5
ETHUSDT,2023-07-18 00:00:00+00:00,2025-07-17 00:00:00+00:00,2.5,1.15,0.15,11.923922265141584,1.1192392226514158,-24.916330584282143,0,2.5
ETHUSDT,2024-01-14 00:00:00+00:00,2026-01-13 00:00:00+00:00,2.5,1.15,0.15,25.944771552177336,1.2594477155217734,-24.916330584282232,0,2.5
ETHUSDT,2024-07-12 00:00:00+00:00,2026-07-12 00:00:00+00:00,2.5,1.15,0.15,44.490915942273524,1.4449091594227352,-19.134312925451013,0,2.5
BNBUSDT,2017-11-07 00:00:00+00:00,2019-11-07 00:00:00+00:00,2.5,1.15,0.15,18.960904004607904,1.189609040046079,-25.61744748835344,0,2.5
BNBUSDT,2018-05-06 00:00:00+00:00,2020-05-05 00:00:00+00:00,2.5,1.15,0.15,115.14114253571029,2.151411425357103,-17.851380113932937,0,2.5
BNBUSDT,2018-11-02 00:00:00+00:00,2020-11-01 00:00:00+00:00,2.5,1.15,0.15,100.8081749670128,2.008081749670128,-23.925556170536755,0,2.5
BNBUSDT,2019-05-01 00:00:00+00:00,2021-04-30 00:00:00+00:00,2.5,1.15,0.15,14.990782607189669,1.1499078260718967,-25.008382768285166,0,2.5
BNBUSDT,2019-10-28 00:00:00+00:00,2021-10-27 00:00:00+00:00,2.5,1.15,0.15,3.5760285986314644,1.0357602859863146,-25.0083827682851,0,2.5
BNBUSDT,2020-04-25 00:00:00+00:00,2022-04-25 00:00:00+00:00,2.5,1.15,0.15,-21.682211978353692,0.7831778802164631,-27.944949415205567,0,2.5
BNBUSDT,2020-10-22 00:00:00+00:00,2022-10-22 00:00:00+00:00,2.5,1.15,0.15,724.3066628439434,8.243066628439434,-25.06085076759429,0,2.5
BNBUSDT,2021-04-20 00:00:00+00:00,2023-04-20 00:00:00+00:00,2.5,1.15,0.15,-25.03157557283672,0.7496842442716328,-25.03157557283672,0,2.5
BNBUSDT,2021-10-17 00:00:00+00:00,2023-10-17 00:00:00+00:00,2.5,1.15,0.15,7.3200924216078045,1.073200924216078,-25.06193077439477,0,2.5
BNBUSDT,2022-04-15 00:00:00+00:00,2024-04-14 00:00:00+00:00,2.5,1.15,0.15,-23.324492034080045,0.7667550796591995,-25.780310280652174,0,2.5
BNBUSDT,2022-10-12 00:00:00+00:00,2024-10-11 00:00:00+00:00,2.5,1.15,0.15,7.56441234882419,1.075644123488242,-24.561367704433213,0,2.5
BNBUSDT,2023-04-10 00:00:00+00:00,2025-04-09 00:00:00+00:00,2.5,1.15,0.15,24.66265446233866,1.2466265446233866,-24.49309051515295,0,2.5
BNBUSDT,2023-10-07 00:00:00+00:00,2025-10-06 00:00:00+00:00,2.5,1.15,0.15,38.265231457271945,1.3826523145727194,-24.667215705311673,0,2.5
BNBUSDT,2024-04-04 00:00:00+00:00,2026-04-04 00:00:00+00:00,2.5,1.15,0.15,-15.467631949536031,0.8453236805046397,-23.925380486670033,0,2.5
XRPUSDT,2018-05-05 00:00:00+00:00,2020-05-04 00:00:00+00:00,2.5,1.15,0.15,35.63438153486378,1.3563438153486378,-43.28685744051576,0,2.5
XRPUSDT,2018-11-01 00:00:00+00:00,2020-10-31 00:00:00+00:00,2.5,1.15,0.15,-12.784807375577302,0.872151926244227,-25.01387140129,0,2.5
XRPUSDT,2019-04-30 00:00:00+00:00,2021-04-29 00:00:00+00:00,2.5,1.15,0.15,-2.8520927260764717,0.9714790727392353,-24.9387688483675,0,2.5
XRPUSDT,2019-10-27 00:00:00+00:00,2021-10-26 00:00:00+00:00,2.5,1.15,0.15,285.34504016649544,3.8534504016649542,-28.35230580469371,0,2.5
XRPUSDT,2020-04-24 00:00:00+00:00,2022-04-24 00:00:00+00:00,2.5,1.15,0.15,291.7295479847369,3.9172954798473687,-28.35230580469372,0,2.5
XRPUSDT,2020-10-21 00:00:00+00:00,2022-10-21 00:00:00+00:00,2.5,1.15,0.15,212.37434982483126,3.1237434982483125,-28.352305804693668,0,2.5
XRPUSDT,2021-04-19 00:00:00+00:00,2023-04-19 00:00:00+00:00,2.5,1.15,0.15,-20.620615518475958,0.7937938448152404,-25.027308795269743,0,0.75
XRPUSDT,2021-10-16 00:00:00+00:00,2023-10-16 00:00:00+00:00,2.5,1.15,0.15,-23.86137802507222,0.7613862197492778,-25.153983035575234,0,2.5
XRPUSDT,2022-04-14 00:00:00+00:00,2024-04-13 00:00:00+00:00,2.5,1.15,0.15,-18.44970582757657,0.8155029417242343,-25.203963835397868,0,2.5
XRPUSDT,2022-10-11 00:00:00+00:00,2024-10-10 00:00:00+00:00,2.5,1.15,0.15,-24.955853483427013,0.7504414651657298,-25.07897543766642,0,2.5
XRPUSDT,2023-04-09 00:00:00+00:00,2025-04-08 00:00:00+00:00,2.5,1.15,0.15,-22.35068242245436,0.7764931757754564,-25.0460226971176,0,2.5
XRPUSDT,2023-10-06 00:00:00+00:00,2025-10-05 00:00:00+00:00,2.5,1.15,0.15,-7.242979980180486,0.9275702001981951,-25.143974143136372,0,2.5
XRPUSDT,2024-04-03 00:00:00+00:00,2026-04-03 00:00:00+00:00,2.5,1.15,0.15,42.2532621706494,1.422532621706494,-29.051574097419362,0,2.5
ADAUSDT,2018-04-18 00:00:00+00:00,2020-04-17 00:00:00+00:00,2.5,1.15,0.15,-29.693052976461175,0.7030694702353882,-30.928271823691766,0,2.5
ADAUSDT,2018-10-15 00:00:00+00:00,2020-10-14 00:00:00+00:00,2.5,1.15,0.15,-22.402006872574653,0.7759799312742535,-28.761191642372463,0,2.5
ADAUSDT,2019-04-13 00:00:00+00:00,2021-04-12 00:00:00+00:00,2.5,1.15,0.15,11.986301760570228,1.1198630176057023,-24.942456197491136,0,2.5
ADAUSDT,2019-10-10 00:00:00+00:00,2021-10-09 00:00:00+00:00,2.5,1.15,0.15,11.995862417648318,1.1199586241764832,-25.07151981910285,0,2.5
ADAUSDT,2020-04-07 00:00:00+00:00,2022-04-07 00:00:00+00:00,2.5,1.15,0.15,9.163810735896117,1.0916381073589612,-25.071519819103006,0,2.5
ADAUSDT,2020-10-04 00:00:00+00:00,2022-10-04 00:00:00+00:00,2.5,1.15,0.15,22.940596666867606,1.229405966668676,-26.16148791182704,0,2.5
ADAUSDT,2021-04-02 00:00:00+00:00,2023-04-02 00:00:00+00:00,2.5,1.15,0.15,-14.367277266622281,0.8563272273337772,-25.081076031127424,0,2.5
ADAUSDT,2021-09-29 00:00:00+00:00,2023-09-29 00:00:00+00:00,2.5,1.15,0.15,-22.241047204577402,0.777589527954226,-23.680455923576382,0,2.5
ADAUSDT,2022-03-28 00:00:00+00:00,2024-03-27 00:00:00+00:00,2.5,1.15,0.15,-21.79155615835756,0.7820844384164244,-25.105302961637054,0,2.5
ADAUSDT,2022-09-24 00:00:00+00:00,2024-09-23 00:00:00+00:00,2.5,1.15,0.15,-17.889052604733635,0.8211094739526636,-25.07418593672509,0,2.5
ADAUSDT,2023-03-23 00:00:00+00:00,2025-03-22 00:00:00+00:00,2.5,1.15,0.15,19.631863327852273,1.1963186332785227,-25.074185936725037,0,2.5
ADAUSDT,2023-09-19 00:00:00+00:00,2025-09-18 00:00:00+00:00,2.5,1.15,0.15,31.842485932360788,1.3184248593236079,-25.074185936725147,0,2.5
ADAUSDT,2024-03-17 00:00:00+00:00,2026-03-17 00:00:00+00:00,2.5,1.15,0.15,75.2383863984897,1.752383863984897,-25.87036750256958,0,2.5
DOGEUSDT,2019-07-06 00:00:00+00:00,2021-07-05 00:00:00+00:00,2.5,1.15,0.15,87.76064845951326,1.8776064845951326,-39.16671630489811,0,2.5
DOGEUSDT,2020-01-02 00:00:00+00:00,2022-01-01 00:00:00+00:00,2.5,1.15,0.15,88.41107900541671,1.8841107900541672,-39.16671630489809,0,2.5
DOGEUSDT,2020-06-30 00:00:00+00:00,2022-06-30 00:00:00+00:00,2.5,1.15,0.15,50.371038713522175,1.5037103871352218,-39.16671630489811,0,2.5
DOGEUSDT,2020-12-27 00:00:00+00:00,2022-12-27 00:00:00+00:00,2.5,1.15,0.15,59.61680177276718,1.5961680177276718,-57.60037950189625,0,2.5
DOGEUSDT,2021-06-25 00:00:00+00:00,2023-06-25 00:00:00+00:00,2.5,1.15,0.15,-24.88817605137381,0.7511182394862619,-25.359291366358537,0,2.5
DOGEUSDT,2021-12-22 00:00:00+00:00,2023-12-22 00:00:00+00:00,2.5,1.15,0.15,-25.047014341343065,0.7495298565865693,-25.127358147982893,0,2.5
DOGEUSDT,2022-06-20 00:00:00+00:00,2024-06-19 00:00:00+00:00,2.5,1.15,0.15,70.36095598750587,1.7036095598750587,-25.23306903696071,0,2.5
DOGEUSDT,2022-12-17 00:00:00+00:00,2024-12-16 00:00:00+00:00,2.5,1.15,0.15,-19.688200173248394,0.8031179982675161,-25.179825820524204,0,2.5
DOGEUSDT,2023-06-15 00:00:00+00:00,2025-06-14 00:00:00+00:00,2.5,1.15,0.15,-21.582176164586407,0.7841782383541359,-26.878960908457884,0,2.5
DOGEUSDT,2023-12-12 00:00:00+00:00,2025-12-11 00:00:00+00:00,2.5,1.15,0.15,189.24265240945832,2.8924265240945832,-25.1312808738659,0,2.5
DOGEUSDT,2024-06-09 00:00:00+00:00,2026-06-09 00:00:00+00:00,2.5,1.15,0.15,90.0609341039972,1.900609341039972,-25.13128087386587,0,2.5
LINKUSDT,2019-01-17 00:00:00+00:00,2021-01-16 00:00:00+00:00,2.5,1.15,0.15,-20.720383519781837,0.7927961648021816,-25.332248819216463,0,2.5
LINKUSDT,2019-07-16 00:00:00+00:00,2021-07-15 00:00:00+00:00,2.5,1.15,0.15,-9.103136462102924,0.9089686353789708,-25.092472051666213,0,2.5
LINKUSDT,2020-01-12 00:00:00+00:00,2022-01-11 00:00:00+00:00,2.5,1.15,0.15,29.76380781392791,1.2976380781392791,-25.278836230339717,0,2.5
LINKUSDT,2020-07-10 00:00:00+00:00,2022-07-10 00:00:00+00:00,2.5,1.15,0.15,38.63856601181654,1.3863856601181654,-24.981560050834727,0,2.5
LINKUSDT,2021-01-06 00:00:00+00:00,2023-01-06 00:00:00+00:00,2.5,1.15,0.15,-12.787044931814728,0.8721295506818527,-25.014282018472723,0,2.5
LINKUSDT,2021-07-05 00:00:00+00:00,2023-07-05 00:00:00+00:00,2.5,1.15,0.15,-20.148846924591712,0.7985115307540829,-25.062587402805093,0,2.5
LINKUSDT,2022-01-01 00:00:00+00:00,2024-01-01 00:00:00+00:00,2.5,1.15,0.15,-19.554783330378868,0.8044521666962113,-25.150774661450527,0,2.5
LINKUSDT,2022-06-30 00:00:00+00:00,2024-06-29 00:00:00+00:00,2.5,1.15,0.15,-20.387810474215286,0.7961218952578472,-25.046254607737005,0,2.5
LINKUSDT,2022-12-27 00:00:00+00:00,2024-12-26 00:00:00+00:00,2.5,1.15,0.15,-21.324412375882808,0.7867558762411719,-25.396560318086802,0,2.5
LINKUSDT,2023-06-25 00:00:00+00:00,2025-06-24 00:00:00+00:00,2.5,1.15,0.15,7.889682873241677,1.0788968287324168,-25.33472986583074,0,2.5
LINKUSDT,2023-12-22 00:00:00+00:00,2025-12-21 00:00:00+00:00,2.5,1.15,0.15,-20.490899194222965,0.7950910080577703,-25.408015225305547,0,2.5
LINKUSDT,2024-06-19 00:00:00+00:00,2026-06-19 00:00:00+00:00,2.5,1.15,0.15,-6.6823717656828485,0.9331762823431715,-25.050339511087383,0,2.5
LTCUSDT,2017-12-14 00:00:00+00:00,2019-12-14 00:00:00+00:00,2.5,1.15,0.15,-23.56369639590409,0.7643630360409591,-24.104979963750495,0,2.5
LTCUSDT,2018-06-12 00:00:00+00:00,2020-06-11 00:00:00+00:00,2.5,1.15,0.15,10.471267388126515,1.1047126738812652,-30.086504573894935,0,2.5
LTCUSDT,2018-12-09 00:00:00+00:00,2020-12-08 00:00:00+00:00,2.5,1.15,0.15,11.980706770449467,1.1198070677044947,-30.086504573894967,0,2.5
LTCUSDT,2019-06-07 00:00:00+00:00,2021-06-06 00:00:00+00:00,2.5,1.15,0.15,-22.954195654370725,0.7704580434562928,-25.07275979499276,0,2.5
LTCUSDT,2019-12-04 00:00:00+00:00,2021-12-03 00:00:00+00:00,2.5,1.15,0.15,10.626969935406883,1.1062696993540688,-25.029591128291585,0,2.5
LTCUSDT,2020-06-01 00:00:00+00:00,2022-06-01 00:00:00+00:00,2.5,1.15,0.15,-18.87913222379559,0.8112086777620441,-25.472779159747095,0,2.5
LTCUSDT,2020-11-28 00:00:00+00:00,2022-11-28 00:00:00+00:00,2.5,1.15,0.15,-0.8485179592371161,0.9915148204076288,-25.47277915974705,0,2.5
LTCUSDT,2021-05-27 00:00:00+00:00,2023-05-27 00:00:00+00:00,2.5,1.15,0.15,9.065335115066354,1.0906533511506635,-25.15755656293952,0,2.5
LTCUSDT,2021-11-23 00:00:00+00:00,2023-11-23 00:00:00+00:00,2.5,1.15,0.15,-19.86950399145284,0.8013049600854716,-25.150566279307295,0,2.5
LTCUSDT,2022-05-22 00:00:00+00:00,2024-05-21 00:00:00+00:00,2.5,1.15,0.15,-22.98618269079772,0.7701381730920228,-25.076187467023814,0,2.5
LTCUSDT,2022-11-18 00:00:00+00:00,2024-11-17 00:00:00+00:00,2.5,1.15,0.15,-15.016281955778354,0.8498371804422165,-25.214782839845018,0,2.5
LTCUSDT,2023-05-17 00:00:00+00:00,2025-05-16 00:00:00+00:00,2.5,1.15,0.15,-24.071122367326968,0.7592887763267303,-25.12657716450081,0,2.5
LTCUSDT,2023-11-13 00:00:00+00:00,2025-11-12 00:00:00+00:00,2.5,1.15,0.15,-5.878521888325472,0.9412147811167453,-25.05300016322618,0,2.5
LTCUSDT,2024-05-11 00:00:00+00:00,2026-05-11 00:00:00+00:00,2.5,1.15,0.15,0.7486099042049998,1.00748609904205,-25.05300016322619,0,2.5
SOLUSDT,2020-08-12 00:00:00+00:00,2022-08-12 00:00:00+00:00,2.5,1.15,0.15,-17.88207386751951,0.8211792613248049,-25.075726492746576,0,2.5
SOLUSDT,2021-02-08 00:00:00+00:00,2023-02-08 00:00:00+00:00,2.5,1.15,0.15,1.6776257136274175,1.0167762571362742,-25.18113167160906,0,2.5
SOLUSDT,2021-08-07 00:00:00+00:00,2023-08-07 00:00:00+00:00,2.5,1.15,0.15,45.826377113708936,1.4582637711370894,-25.067496194484928,0,2.5
SOLUSDT,2022-02-03 00:00:00+00:00,2024-02-03 00:00:00+00:00,2.5,1.15,0.15,-19.30307315248977,0.8069692684751023,-25.246247294651603,0,2.5
SOLUSDT,2022-08-02 00:00:00+00:00,2024-08-01 00:00:00+00:00,2.5,1.15,0.15,-8.702380568378143,0.9129761943162186,-25.14893155817144,0,2.5
SOLUSDT,2023-01-29 00:00:00+00:00,2025-01-28 00:00:00+00:00,2.5,1.15,0.15,30.04902433000818,1.3004902433000818,-25.265687003344105,0,2.5
SOLUSDT,2023-07-28 00:00:00+00:00,2025-07-27 00:00:00+00:00,2.5,1.15,0.15,15.992676445153432,1.1599267644515343,-25.26568700334414,0,2.5
SOLUSDT,2024-01-24 00:00:00+00:00,2026-01-23 00:00:00+00:00,2.5,1.15,0.15,-12.112973899891378,0.8788702610010862,-32.696062452115335,0,2.5
SOLUSDT,2024-07-22 00:00:00+00:00,2026-07-22 00:00:00+00:00,2.5,1.15,0.15,-27.061966062767585,0.7293803393723242,-27.061966062767585,0,2.5
AVAXUSDT,2020-09-23 00:00:00+00:00,2022-09-23 00:00:00+00:00,2.5,1.15,0.15,196.16667256946138,2.961666725694614,-25.32715544394738,0,2.5
AVAXUSDT,2021-03-22 00:00:00+00:00,2023-03-22 00:00:00+00:00,2.5,1.15,0.15,12.690187790576068,1.1269018779057607,-25.419336055161914,0,2.5
AVAXUSDT,2021-09-18 00:00:00+00:00,2023-09-18 00:00:00+00:00,2.5,1.15,0.15,-15.04159055088885,0.8495840944911115,-25.293390270604842,0,2.5
AVAXUSDT,2022-03-17 00:00:00+00:00,2024-03-16 00:00:00+00:00,2.5,1.15,0.15,-22.580771387244734,0.7741922861275526,-25.026514200708505,0,2.5
AVAXUSDT,2022-09-13 00:00:00+00:00,2024-09-12 00:00:00+00:00,2.5,1.15,0.15,12.182441551660839,1.1218244155166084,-25.028844588728706,0,2.5
AVAXUSDT,2023-03-12 00:00:00+00:00,2025-03-11 00:00:00+00:00,2.5,1.15,0.15,32.13882885706971,1.3213882885706971,-25.299553661576667,0,2.5
AVAXUSDT,2023-09-08 00:00:00+00:00,2025-09-07 00:00:00+00:00,2.5,1.15,0.15,38.500141930471685,1.3850014193047169,-25.299553661576656,0,2.5
AVAXUSDT,2024-03-06 00:00:00+00:00,2026-03-06 00:00:00+00:00,2.5,1.15,0.15,0.4707375867704755,1.0047073758677048,-25.272211508708676,0,2.5
BTCUSDT,2017-08-18 00:00:00+00:00,2019-08-18 00:00:00+00:00,2.5,1.2,0.1,11.676373442023058,1.1167637344202306,-23.522306360644805,0,2.5
BTCUSDT,2018-02-14 00:00:00+00:00,2020-02-14 00:00:00+00:00,2.5,1.2,0.1,50.83360225046065,1.5083360225046065,-17.1152509803976,0,2.5
BTCUSDT,2018-08-13 00:00:00+00:00,2020-08-12 00:00:00+00:00,2.5,1.2,0.1,62.50202278838488,1.6250202278838488,-17.304325863455638,0,2.5
BTCUSDT,2019-02-09 00:00:00+00:00,2021-02-08 00:00:00+00:00,2.5,1.2,0.1,50.22708722303142,1.5022708722303142,-20.635009743328613,0,2.5
BTCUSDT,2019-08-08 00:00:00+00:00,2021-08-07 00:00:00+00:00,2.5,1.2,0.1,-7.078208824245746,0.9292179117575425,-20.627622421188153,0,2.5
BTCUSDT,2020-02-04 00:00:00+00:00,2022-02-03 00:00:00+00:00,2.5,1.2,0.1,-9.686653341587913,0.9031334665841209,-20.627622421188207,0,2.5
BTCUSDT,2020-08-02 00:00:00+00:00,2022-08-02 00:00:00+00:00,2.5,1.2,0.1,-19.560264329614284,0.8043973567038571,-20.62762242119036,0,2.5
BTCUSDT,2021-01-29 00:00:00+00:00,2023-01-29 00:00:00+00:00,2.5,1.2,0.1,-17.763103331160245,0.8223689666883975,-20.16649677760194,0,2.5
BTCUSDT,2021-07-28 00:00:00+00:00,2023-07-28 00:00:00+00:00,2.5,1.2,0.1,-13.799526034964805,0.862004739650352,-17.819795418927153,0,2.5
BTCUSDT,2022-01-24 00:00:00+00:00,2024-01-24 00:00:00+00:00,2.5,1.2,0.1,-7.384792621200276,0.9261520737879972,-20.096338691482497,0,2.5
BTCUSDT,2022-07-23 00:00:00+00:00,2024-07-22 00:00:00+00:00,2.5,1.2,0.1,-7.69629037655577,0.9230370962344423,-20.096338691482497,0,2.5
BTCUSDT,2023-01-19 00:00:00+00:00,2025-01-18 00:00:00+00:00,2.5,1.2,0.1,-11.914191057023215,0.8808580894297678,-20.09633869148255,0,2.5
BTCUSDT,2023-07-18 00:00:00+00:00,2025-07-17 00:00:00+00:00,2.5,1.2,0.1,44.61037873778455,1.4461037873778455,-17.49127887198093,0,2.5
BTCUSDT,2024-01-14 00:00:00+00:00,2026-01-13 00:00:00+00:00,2.5,1.2,0.1,35.96584151304181,1.359658415130418,-17.4912788719811,0,2.5
BTCUSDT,2024-07-12 00:00:00+00:00,2026-07-12 00:00:00+00:00,2.5,1.2,0.1,26.77772882148375,1.2677772882148375,-13.216762266056703,0,2.5
ETHUSDT,2017-08-18 00:00:00+00:00,2019-08-18 00:00:00+00:00,2.5,1.2,0.1,2.2357279985163014,1.022357279985163,-20.309128709118873,0,2.5
ETHUSDT,2018-02-14 00:00:00+00:00,2020-02-14 00:00:00+00:00,2.5,1.2,0.1,12.263640116825991,1.12263640116826,-20.09948235389698,0,2.5
ETHUSDT,2018-08-13 00:00:00+00:00,2020-08-12 00:00:00+00:00,2.5,1.2,0.1,4.916448286404029,1.0491644828640403,-20.099482353897002,0,2.5
ETHUSDT,2019-02-09 00:00:00+00:00,2021-02-08 00:00:00+00:00,2.5,1.2,0.1,18.046353268808126,1.1804635326880812,-20.099482353897013,0,2.5
ETHUSDT,2019-08-08 00:00:00+00:00,2021-08-07 00:00:00+00:00,2.5,1.2,0.1,218.60939982697428,3.186093998269743,-20.766165756219845,0,2.5
ETHUSDT,2020-02-04 00:00:00+00:00,2022-02-03 00:00:00+00:00,2.5,1.2,0.1,203.1314585176791,3.031314585176791,-20.766165756219824,0,2.5
ETHUSDT,2020-08-02 00:00:00+00:00,2022-08-02 00:00:00+00:00,2.5,1.2,0.1,102.20945045722307,2.0220945045722307,-20.766165756219813,0,2.5
ETHUSDT,2021-01-29 00:00:00+00:00,2023-01-29 00:00:00+00:00,2.5,1.2,0.1,13.887281451257728,1.1388728145125773,-20.002979925323615,0,2.5
ETHUSDT,2021-07-28 00:00:00+00:00,2023-07-28 00:00:00+00:00,2.5,1.2,0.1,2.8995270977423493,1.0289952709774235,-20.070363669125456,0,2.5
ETHUSDT,2022-01-24 00:00:00+00:00,2024-01-24 00:00:00+00:00,2.5,1.2,0.1,-12.886110531621087,0.8711388946837891,-19.096137983740636,0,2.5
ETHUSDT,2022-07-23 00:00:00+00:00,2024-07-22 00:00:00+00:00,2.5,1.2,0.1,-11.381700432461328,0.8861829956753867,-18.306079438905787,0,2.5
ETHUSDT,2023-01-19 00:00:00+00:00,2025-01-18 00:00:00+00:00,2.5,1.2,0.1,-15.88652900635924,0.8411347099364076,-18.621038473053087,0,2.5
ETHUSDT,2023-07-18 00:00:00+00:00,2025-07-17 00:00:00+00:00,2.5,1.2,0.1,6.5969041886742685,1.0659690418867427,-22.61089106438412,0,2.5
ETHUSDT,2024-01-14 00:00:00+00:00,2026-01-13 00:00:00+00:00,2.5,1.2,0.1,4.815184153483387,1.0481518415348339,-22.6108910643841,0,2.5
ETHUSDT,2024-07-12 00:00:00+00:00,2026-07-12 00:00:00+00:00,2.5,1.2,0.1,28.041108405784442,1.2804110840578444,-16.09575350139688,0,2.5
BNBUSDT,2017-11-07 00:00:00+00:00,2019-11-07 00:00:00+00:00,2.5,1.2,0.1,2.7845119288174125,1.0278451192881741,-20.03871299858677,0,2.5
BNBUSDT,2018-05-06 00:00:00+00:00,2020-05-05 00:00:00+00:00,2.5,1.2,0.1,-3.1329564441023194,0.9686704355589768,-18.113288970979713,0,2.5
BNBUSDT,2018-11-02 00:00:00+00:00,2020-11-01 00:00:00+00:00,2.5,1.2,0.1,39.16259239780311,1.391625923978031,-19.825251664710642,0,2.5
BNBUSDT,2019-05-01 00:00:00+00:00,2021-04-30 00:00:00+00:00,2.5,1.2,0.1,-9.020449407400811,0.9097955059259919,-20.1997731338886,0,2.5
BNBUSDT,2019-10-28 00:00:00+00:00,2021-10-27 00:00:00+00:00,2.5,1.2,0.1,4.919441138956748,1.0491944113895675,-20.148374144928905,0,2.5
BNBUSDT,2020-04-25 00:00:00+00:00,2022-04-25 00:00:00+00:00,2.5,1.2,0.1,-17.670050799576543,0.8232994920042346,-23.83061078251476,0,2.5
BNBUSDT,2020-10-22 00:00:00+00:00,2022-10-22 00:00:00+00:00,2.5,1.2,0.1,62.028799650073864,1.6202879965007386,-20.134491575082603,0,2.5
BNBUSDT,2021-04-20 00:00:00+00:00,2023-04-20 00:00:00+00:00,2.5,1.2,0.1,-20.04114362937316,0.7995885637062684,-20.04114362937316,0,2.5
BNBUSDT,2021-10-17 00:00:00+00:00,2023-10-17 00:00:00+00:00,2.5,1.2,0.1,9.282232143729562,1.0928223214372956,-20.382071930683864,0,2.5
BNBUSDT,2022-04-15 00:00:00+00:00,2024-04-14 00:00:00+00:00,2.5,1.2,0.1,-17.002158560587354,0.8299784143941265,-20.02122540250022,0,2.5
BNBUSDT,2022-10-12 00:00:00+00:00,2024-10-11 00:00:00+00:00,2.5,1.2,0.1,20.262096885363245,1.2026209688536325,-19.845732358349565,0,2.5
BNBUSDT,2023-04-10 00:00:00+00:00,2025-04-09 00:00:00+00:00,2.5,1.2,0.1,28.06415573008991,1.2806415573008991,-20.742290270172102,0,2.5
BNBUSDT,2023-10-07 00:00:00+00:00,2025-10-06 00:00:00+00:00,2.5,1.2,0.1,27.924945965170277,1.2792494596517028,-20.742290270171882,0,2.5
BNBUSDT,2024-04-04 00:00:00+00:00,2026-04-04 00:00:00+00:00,2.5,1.2,0.1,-14.406492890621314,0.8559350710937869,-20.09498756592928,0,2.5
XRPUSDT,2018-05-05 00:00:00+00:00,2020-05-04 00:00:00+00:00,2.5,1.2,0.1,32.538515023722205,1.325385150237222,-43.28685744051784,0,2.5
XRPUSDT,2018-11-01 00:00:00+00:00,2020-10-31 00:00:00+00:00,2.5,1.2,0.1,-3.8159781768198453,0.9618402182318015,-20.069716719156094,0,2.5
XRPUSDT,2019-04-30 00:00:00+00:00,2021-04-29 00:00:00+00:00,2.5,1.2,0.1,14.961123938917398,1.149611239389174,-20.069716719156173,0,2.5
XRPUSDT,2019-10-27 00:00:00+00:00,2021-10-26 00:00:00+00:00,2.5,1.2,0.1,-12.224499870439987,0.8777550012956001,-20.014932957843524,0,2.5
XRPUSDT,2020-04-24 00:00:00+00:00,2022-04-24 00:00:00+00:00,2.5,1.2,0.1,-11.034158002537154,0.8896584199746285,-20.259389745864087,0,2.5
XRPUSDT,2020-10-21 00:00:00+00:00,2022-10-21 00:00:00+00:00,2.5,1.2,0.1,119.86418723996594,2.1986418723996595,-20.45366379953728,0,2.5
XRPUSDT,2021-04-19 00:00:00+00:00,2023-04-19 00:00:00+00:00,2.5,1.2,0.1,-15.561820651159476,0.8443817934884053,-20.249349531253657,0,0.75
XRPUSDT,2021-10-16 00:00:00+00:00,2023-10-16 00:00:00+00:00,2.5,1.2,0.1,-18.8015869937451,0.811984130062549,-20.050162197164433,0,0.75
XRPUSDT,2022-04-14 00:00:00+00:00,2024-04-13 00:00:00+00:00,2.5,1.2,0.1,-9.040492560045067,0.9095950743995493,-20.05165933794003,0,2.5
XRPUSDT,2022-10-11 00:00:00+00:00,2024-10-10 00:00:00+00:00,2.5,1.2,0.1,-19.965202943493765,0.8003479705650623,-20.096512860098315,0,2.5
XRPUSDT,2023-04-09 00:00:00+00:00,2025-04-08 00:00:00+00:00,2.5,1.2,0.1,-0.24027141809087604,0.9975972858190912,-20.052916843970657,0,2.5
XRPUSDT,2023-10-06 00:00:00+00:00,2025-10-05 00:00:00+00:00,2.5,1.2,0.1,-2.802085607908167,0.9719791439209183,-20.020355562494107,0,2.5
XRPUSDT,2024-04-03 00:00:00+00:00,2026-04-03 00:00:00+00:00,2.5,1.2,0.1,50.82363279984228,1.5082363279984228,-25.161113663569644,0,2.5
ADAUSDT,2018-04-18 00:00:00+00:00,2020-04-17 00:00:00+00:00,2.5,1.2,0.1,-16.53483893427625,0.8346516106572375,-22.754460326440796,0,2.5
ADAUSDT,2018-10-15 00:00:00+00:00,2020-10-14 00:00:00+00:00,2.5,1.2,0.1,-11.162558699886048,0.8883744130011395,-22.754460326440796,0,2.5
ADAUSDT,2019-04-13 00:00:00+00:00,2021-04-12 00:00:00+00:00,2.5,1.2,0.1,19.415574319879592,1.194155743198796,-19.96307084611707,0,2.5
ADAUSDT,2019-10-10 00:00:00+00:00,2021-10-09 00:00:00+00:00,2.5,1.2,0.1,13.400930367794327,1.1340093036779433,-20.002624113644842,0,2.5
ADAUSDT,2020-04-07 00:00:00+00:00,2022-04-07 00:00:00+00:00,2.5,1.2,0.1,7.319683831157842,1.0731968383115784,-19.988100048314084,0,2.5
ADAUSDT,2020-10-04 00:00:00+00:00,2022-10-04 00:00:00+00:00,2.5,1.2,0.1,-16.601479788947483,0.8339852021105252,-20.269206759681758,0,2.5
ADAUSDT,2021-04-02 00:00:00+00:00,2023-04-02 00:00:00+00:00,2.5,1.2,0.1,-8.839545726723852,0.9116045427327615,-20.244937628201587,0,2.5
ADAUSDT,2021-09-29 00:00:00+00:00,2023-09-29 00:00:00+00:00,2.5,1.2,0.1,-18.549593488745707,0.8145040651125429,-20.057335312465487,0,2.5
ADAUSDT,2022-03-28 00:00:00+00:00,2024-03-27 00:00:00+00:00,2.5,1.2,0.1,-16.729007958257892,0.8327099204174211,-20.257258491447892,0,2.5
ADAUSDT,2022-09-24 00:00:00+00:00,2024-09-23 00:00:00+00:00,2.5,1.2,0.1,-14.304951305781232,0.8569504869421877,-20.17261566131522,0,2.5
ADAUSDT,2023-03-23 00:00:00+00:00,2025-03-22 00:00:00+00:00,2.5,1.2,0.1,-13.961489370643976,0.8603851062935602,-20.39291972916123,0,2.5
ADAUSDT,2023-09-19 00:00:00+00:00,2025-09-18 00:00:00+00:00,2.5,1.2,0.1,1.3508322597544309,1.0135083225975443,-20.197299692146675,0,2.5
ADAUSDT,2024-03-17 00:00:00+00:00,2026-03-17 00:00:00+00:00,2.5,1.2,0.1,78.67132319035991,1.7867132319035992,-20.33369711787012,0,2.5
DOGEUSDT,2019-07-06 00:00:00+00:00,2021-07-05 00:00:00+00:00,2.5,1.2,0.1,36.1545448540628,1.361545448540628,-39.166449149850145,0,2.5
DOGEUSDT,2020-01-02 00:00:00+00:00,2022-01-01 00:00:00+00:00,2.5,1.2,0.1,36.62620425481178,1.3662620425481178,-39.16644914985014,0,2.5
DOGEUSDT,2020-06-30 00:00:00+00:00,2022-06-30 00:00:00+00:00,2.5,1.2,0.1,50.371038713522175,1.5037103871352218,-39.16671630489811,0,2.5
DOGEUSDT,2020-12-27 00:00:00+00:00,2022-12-27 00:00:00+00:00,2.5,1.2,0.1,26.073923707741642,1.2607392370774164,-57.60037966482571,0,2.5
DOGEUSDT,2021-06-25 00:00:00+00:00,2023-06-25 00:00:00+00:00,2.5,1.2,0.1,-19.749683531839768,0.8025031646816023,-20.253028426598018,0,2.5
DOGEUSDT,2021-12-22 00:00:00+00:00,2023-12-22 00:00:00+00:00,2.5,1.2,0.1,-16.26498222309597,0.8373501777690403,-20.19288272391947,0,2.5
DOGEUSDT,2022-06-20 00:00:00+00:00,2024-06-19 00:00:00+00:00,2.5,1.2,0.1,55.4929231076688,1.554929231076688,-20.451042896425985,0,2.5
DOGEUSDT,2022-12-17 00:00:00+00:00,2024-12-16 00:00:00+00:00,2.5,1.2,0.1,-14.42641726755265,0.8557358273244735,-20.277837391077913,0,0.75
DOGEUSDT,2023-06-15 00:00:00+00:00,2025-06-14 00:00:00+00:00,2.5,1.2,0.1,-14.949275349324044,0.8505072465067596,-22.128531003228424,0,2.5
DOGEUSDT,2023-12-12 00:00:00+00:00,2025-12-11 00:00:00+00:00,2.5,1.2,0.1,4.0556423471085346,1.0405564234710853,-22.128531003224673,0,2.5
DOGEUSDT,2024-06-09 00:00:00+00:00,2026-06-09 00:00:00+00:00,2.5,1.2,0.1,9.761468011067475,1.0976146801106748,-20.575846903564752,0,2.5
LINKUSDT,2019-01-17 00:00:00+00:00,2021-01-16 00:00:00+00:00,2.5,1.2,0.1,-2.773528032595085,0.9722647196740491,-20.426805780863845,0,2.5
LINKUSDT,2019-07-16 00:00:00+00:00,2021-07-15 00:00:00+00:00,2.5,1.2,0.1,-3.7496813698606912,0.9625031863013931,-21.282140561883566,0,2.5
LINKUSDT,2020-01-12 00:00:00+00:00,2022-01-11 00:00:00+00:00,2.5,1.2,0.1,31.64755022251442,1.3164755022251442,-22.59653914902945,0,2.5
LINKUSDT,2020-07-10 00:00:00+00:00,2022-07-10 00:00:00+00:00,2.5,1.2,0.1,46.50518055937405,1.4650518055937405,-20.014110772214888,0,2.5
LINKUSDT,2021-01-06 00:00:00+00:00,2023-01-06 00:00:00+00:00,2.5,1.2,0.1,-7.06999726610511,0.9293000273389489,-20.09876317597181,0,2.5
LINKUSDT,2021-07-05 00:00:00+00:00,2023-07-05 00:00:00+00:00,2.5,1.2,0.1,-13.259313283624952,0.8674068671637505,-20.08790088300313,0,2.5
LINKUSDT,2022-01-01 00:00:00+00:00,2024-01-01 00:00:00+00:00,2.5,1.2,0.1,-14.154415498079365,0.8584558450192064,-20.126071322644247,0,0.75
LINKUSDT,2022-06-30 00:00:00+00:00,2024-06-29 00:00:00+00:00,2.5,1.2,0.1,-15.313383882531184,0.8468661611746882,-20.04668781001593,0,2.5
LINKUSDT,2022-12-27 00:00:00+00:00,2024-12-26 00:00:00+00:00,2.5,1.2,0.1,-14.067459937281846,0.8593254006271815,-19.998839903828745,0,2.5
LINKUSDT,2023-06-25 00:00:00+00:00,2025-06-24 00:00:00+00:00,2.5,1.2,0.1,15.047658727956437,1.1504765872795644,-19.998860017465915,0,2.5
LINKUSDT,2023-12-22 00:00:00+00:00,2025-12-21 00:00:00+00:00,2.5,1.2,0.1,-14.33246900768701,0.8566753099231299,-20.094668109764548,0,2.5
LINKUSDT,2024-06-19 00:00:00+00:00,2026-06-19 00:00:00+00:00,2.5,1.2,0.1,-8.590336216377315,0.9140966378362269,-20.19445737833382,0,2.5
LTCUSDT,2017-12-14 00:00:00+00:00,2019-12-14 00:00:00+00:00,2.5,1.2,0.1,-18.938738405598908,0.8106126159440109,-19.77391892573721,0,2.5
LTCUSDT,2018-06-12 00:00:00+00:00,2020-06-11 00:00:00+00:00,2.5,1.2,0.1,-17.577251996803046,0.8242274800319696,-20.589174427594603,0,2.5
LTCUSDT,2018-12-09 00:00:00+00:00,2020-12-08 00:00:00+00:00,2.5,1.2,0.1,-16.451057423528283,0.8354894257647172,-20.58917442759468,0,2.5
LTCUSDT,2019-06-07 00:00:00+00:00,2021-06-06 00:00:00+00:00,2.5,1.2,0.1,-17.780515011029863,0.8221948498897014,-20.041342242797565,0,2.5
LTCUSDT,2019-12-04 00:00:00+00:00,2021-12-03 00:00:00+00:00,2.5,1.2,0.1,6.790711250308967,1.0679071125030897,-20.012923203857767,0,2.5
LTCUSDT,2020-06-01 00:00:00+00:00,2022-06-01 00:00:00+00:00,2.5,1.2,0.1,-8.534349250827677,0.9146565074917232,-20.230235183849878,0,2.5
LTCUSDT,2020-11-28 00:00:00+00:00,2022-11-28 00:00:00+00:00,2.5,1.2,0.1,6.355705171243642,1.0635570517124364,-20.057724163321833,0,2.5
LTCUSDT,2021-05-27 00:00:00+00:00,2023-05-27 00:00:00+00:00,2.5,1.2,0.1,-7.8523861898819,0.921476138101181,-20.205494074313712,0,2.5
LTCUSDT,2021-11-23 00:00:00+00:00,2023-11-23 00:00:00+00:00,2.5,1.2,0.1,-14.630559700404945,0.8536944029959506,-20.256898661957678,0,0.75
LTCUSDT,2022-05-22 00:00:00+00:00,2024-05-21 00:00:00+00:00,2.5,1.2,0.1,-17.861444297019702,0.821385557029803,-20.09052447677894,0,0.75
LTCUSDT,2022-11-18 00:00:00+00:00,2024-11-17 00:00:00+00:00,2.5,1.2,0.1,-9.223776123591698,0.907762238764083,-20.11740870123496,0,2.5
LTCUSDT,2023-05-17 00:00:00+00:00,2025-05-16 00:00:00+00:00,2.5,1.2,0.1,-12.634956533466768,0.8736504346653323,-20.221682637720072,0,2.5
LTCUSDT,2023-11-13 00:00:00+00:00,2025-11-12 00:00:00+00:00,2.5,1.2,0.1,-12.379035978938413,0.8762096402106159,-20.139731056023212,0,2.5
LTCUSDT,2024-05-11 00:00:00+00:00,2026-05-11 00:00:00+00:00,2.5,1.2,0.1,2.5093549743925303,1.0250935497439253,-20.1362786506714,0,2.5
SOLUSDT,2020-08-12 00:00:00+00:00,2022-08-12 00:00:00+00:00,2.5,1.2,0.1,-16.601685278249235,0.8339831472175077,-21.17468098885378,0,2.5
SOLUSDT,2021-02-08 00:00:00+00:00,2023-02-08 00:00:00+00:00,2.5,1.2,0.1,-5.814681639921493,0.9418531836007851,-20.400895075588267,0,2.5
SOLUSDT,2021-08-07 00:00:00+00:00,2023-08-07 00:00:00+00:00,2.5,1.2,0.1,103.09971732103102,2.0309971732103103,-20.281307567534267,0,2.5
SOLUSDT,2022-02-03 00:00:00+00:00,2024-02-03 00:00:00+00:00,2.5,1.2,0.1,-13.658357354493445,0.8634164264550656,-20.01725400655825,0,2.5
SOLUSDT,2022-08-02 00:00:00+00:00,2024-08-01 00:00:00+00:00,2.5,1.2,0.1,12.451079328031778,1.1245107932803178,-20.12738225120758,0,2.5
SOLUSDT,2023-01-29 00:00:00+00:00,2025-01-28 00:00:00+00:00,2.5,1.2,0.1,-12.116890622358934,0.8788310937764107,-20.22396202381447,0,2.5
SOLUSDT,2023-07-28 00:00:00+00:00,2025-07-27 00:00:00+00:00,2.5,1.2,0.1,26.80854894474123,1.2680854894474123,-20.22396202381309,0,2.5
SOLUSDT,2024-01-24 00:00:00+00:00,2026-01-23 00:00:00+00:00,2.5,1.2,0.1,7.275518426448091,1.072755184264481,-20.224118022652082,0,2.5
SOLUSDT,2024-07-22 00:00:00+00:00,2026-07-22 00:00:00+00:00,2.5,1.2,0.1,-19.37134957392881,0.8062865042607119,-20.04541496304485,0,2.5
AVAXUSDT,2020-09-23 00:00:00+00:00,2022-09-23 00:00:00+00:00,2.5,1.2,0.1,-2.760193754212703,0.972398062457873,-20.297424022807988,0,2.5
AVAXUSDT,2021-03-22 00:00:00+00:00,2023-03-22 00:00:00+00:00,2.5,1.2,0.1,-14.433765913270003,0.8556623408673,-20.907952505689785,0,2.5
AVAXUSDT,2021-09-18 00:00:00+00:00,2023-09-18 00:00:00+00:00,2.5,1.2,0.1,-9.090327331818882,0.9090967266818112,-20.060256769320638,0,2.5
AVAXUSDT,2022-03-17 00:00:00+00:00,2024-03-16 00:00:00+00:00,2.5,1.2,0.1,-15.504964366575201,0.844950356334248,-20.00434686243303,0,0.75
AVAXUSDT,2022-09-13 00:00:00+00:00,2024-09-12 00:00:00+00:00,2.5,1.2,0.1,2.2173596556855912,1.022173596556856,-20.1634178586109,0,2.5
AVAXUSDT,2023-03-12 00:00:00+00:00,2025-03-11 00:00:00+00:00,2.5,1.2,0.1,33.40259065772899,1.33402590657729,-20.35344743931342,0,2.5
AVAXUSDT,2023-09-08 00:00:00+00:00,2025-09-07 00:00:00+00:00,2.5,1.2,0.1,24.290984605399156,1.2429098460539916,-20.3534474393134,0,2.5
AVAXUSDT,2024-03-06 00:00:00+00:00,2026-03-06 00:00:00+00:00,2.5,1.2,0.1,1.7706794533941306,1.0177067945339413,-20.07327961712496,0,2.5
BTCUSDT,2017-08-18 00:00:00+00:00,2019-08-18 00:00:00+00:00,2.5,1.2,0.15,40.64184978690075,1.4064184978690075,-25.11037541261504,0,2.5
BTCUSDT,2018-02-14 00:00:00+00:00,2020-02-14 00:00:00+00:00,2.5,1.2,0.15,75.80315145927787,1.7580315145927787,-19.43019640397664,0,2.5
BTCUSDT,2018-08-13 00:00:00+00:00,2020-08-12 00:00:00+00:00,2.5,1.2,0.15,111.68914787687716,2.1168914787687716,-17.742186431558117,0,2.5
BTCUSDT,2019-02-09 00:00:00+00:00,2021-02-08 00:00:00+00:00,2.5,1.2,0.15,168.48791776501054,2.6848791776501053,-25.02667018326864,0,2.5
BTCUSDT,2019-08-08 00:00:00+00:00,2021-08-07 00:00:00+00:00,2.5,1.2,0.15,40.513557888069855,1.4051355788806985,-25.026670183268696,0,2.5
BTCUSDT,2020-02-04 00:00:00+00:00,2022-02-03 00:00:00+00:00,2.5,1.2,0.15,36.56914597943517,1.3656914597943517,-25.026670183268752,0,2.5
BTCUSDT,2020-08-02 00:00:00+00:00,2022-08-02 00:00:00+00:00,2.5,1.2,0.15,11.86991596768976,1.1186991596768976,-25.026670183268727,0,2.5
BTCUSDT,2021-01-29 00:00:00+00:00,2023-01-29 00:00:00+00:00,2.5,1.2,0.15,-12.838073776265313,0.8716192622373469,-24.21148630597717,0,2.5
BTCUSDT,2021-07-28 00:00:00+00:00,2023-07-28 00:00:00+00:00,2.5,1.2,0.15,-17.38912960024769,0.8261087039975231,-21.44881059323489,0,2.5
BTCUSDT,2022-01-24 00:00:00+00:00,2024-01-24 00:00:00+00:00,2.5,1.2,0.15,-6.517167331864792,0.9348283266813521,-21.765724041688795,0,2.5
BTCUSDT,2022-07-23 00:00:00+00:00,2024-07-22 00:00:00+00:00,2.5,1.2,0.15,8.87057429132565,1.0887057429132565,-21.76572404168905,0,2.5
BTCUSDT,2023-01-19 00:00:00+00:00,2025-01-18 00:00:00+00:00,2.5,1.2,0.15,31.254573256863736,1.3125457325686374,-21.765724041688838,0,2.5
BTCUSDT,2023-07-18 00:00:00+00:00,2025-07-17 00:00:00+00:00,2.5,1.2,0.15,71.25167434630913,1.7125167434630912,-18.98629008149697,0,2.5
BTCUSDT,2024-01-14 00:00:00+00:00,2026-01-13 00:00:00+00:00,2.5,1.2,0.15,61.737844781789875,1.6173784478178987,-18.986290081497113,0,2.5
BTCUSDT,2024-07-12 00:00:00+00:00,2026-07-12 00:00:00+00:00,2.5,1.2,0.15,31.908060869184474,1.3190806086918447,-10.316241768884037,0,2.5
ETHUSDT,2017-08-18 00:00:00+00:00,2019-08-18 00:00:00+00:00,2.5,1.2,0.15,-3.780650211991421,0.9621934978800858,-25.523843947522053,0,2.5
ETHUSDT,2018-02-14 00:00:00+00:00,2020-02-14 00:00:00+00:00,2.5,1.2,0.15,43.498585333038676,1.4349858533303868,-24.82857242126144,0,2.5
ETHUSDT,2018-08-13 00:00:00+00:00,2020-08-12 00:00:00+00:00,2.5,1.2,0.15,34.31131410631134,1.3431131410631134,-24.82857242126133,0,2.5
ETHUSDT,2019-02-09 00:00:00+00:00,2021-02-08 00:00:00+00:00,2.5,1.2,0.15,203.95224347726776,3.0395224347726777,-26.03363298430237,0,2.5
ETHUSDT,2019-08-08 00:00:00+00:00,2021-08-07 00:00:00+00:00,2.5,1.2,0.15,201.66685462993868,3.0166685462993867,-26.033632984302436,0,2.5
ETHUSDT,2020-02-04 00:00:00+00:00,2022-02-03 00:00:00+00:00,2.5,1.2,0.15,187.0119766713554,2.870119766713554,-26.033632984302415,0,2.5
ETHUSDT,2020-08-02 00:00:00+00:00,2022-08-02 00:00:00+00:00,2.5,1.2,0.15,102.77771989560773,2.0277771989560773,-26.03363298430237,0,2.5
ETHUSDT,2021-01-29 00:00:00+00:00,2023-01-29 00:00:00+00:00,2.5,1.2,0.15,-1.4802333408165391,0.9851976665918346,-25.653733944407954,0,2.5
ETHUSDT,2021-07-28 00:00:00+00:00,2023-07-28 00:00:00+00:00,2.5,1.2,0.15,-2.8046611423887313,0.9719533885761127,-25.154687526299004,0,2.5
ETHUSDT,2022-01-24 00:00:00+00:00,2024-01-24 00:00:00+00:00,2.5,1.2,0.15,-17.134950634734402,0.828650493652656,-22.102547306716012,0,2.5
ETHUSDT,2022-07-23 00:00:00+00:00,2024-07-22 00:00:00+00:00,2.5,1.2,0.15,-15.832543416072964,0.8416745658392704,-22.372718852628516,0,2.5
ETHUSDT,2023-01-19 00:00:00+00:00,2025-01-18 00:00:00+00:00,2.5,1.2,0.15,-13.215001456598008,0.8678499854340199,-24.91633058428222,0,2.5
ETHUSDT,2023-07-18 00:00:00+00:00,2025-07-17 00:00:00+00:00,2.5,1.2,0.15,11.850095571072927,1.1185009557107293,-24.916330584282232,0,2.5
ETHUSDT,2024-01-14 00:00:00+00:00,2026-01-13 00:00:00+00:00,2.5,1.2,0.15,28.667315963484175,1.2866731596348417,-24.91633058428222,0,2.5
ETHUSDT,2024-07-12 00:00:00+00:00,2026-07-12 00:00:00+00:00,2.5,1.2,0.15,38.75087082758735,1.3875087082758735,-19.134312925451113,0,2.5
BNBUSDT,2017-11-07 00:00:00+00:00,2019-11-07 00:00:00+00:00,2.5,1.2,0.15,18.960904004607904,1.189609040046079,-25.61744748835344,0,2.5
BNBUSDT,2018-05-06 00:00:00+00:00,2020-05-05 00:00:00+00:00,2.5,1.2,0.15,106.3624206216661,2.063624206216661,-17.116870525536797,0,2.5
BNBUSDT,2018-11-02 00:00:00+00:00,2020-11-01 00:00:00+00:00,2.5,1.2,0.15,62.366821705311246,1.6236682170531125,-35.181469070698945,0,2.5
BNBUSDT,2019-05-01 00:00:00+00:00,2021-04-30 00:00:00+00:00,2.5,1.2,0.15,-5.447032391655037,0.9455296760834496,-35.18146907069887,0,2.5
BNBUSDT,2019-10-28 00:00:00+00:00,2021-10-27 00:00:00+00:00,2.5,1.2,0.15,-14.832992218673159,0.8516700778132684,-35.18146907069904,0,2.5
BNBUSDT,2020-04-25 00:00:00+00:00,2022-04-25 00:00:00+00:00,2.5,1.2,0.15,-18.945099701733426,0.8105490029826657,-25.010250719657034,0,2.5
BNBUSDT,2020-10-22 00:00:00+00:00,2022-10-22 00:00:00+00:00,2.5,1.2,0.15,679.9247550055914,7.799247550055914,-25.06085076759422,0,2.5
BNBUSDT,2021-04-20 00:00:00+00:00,2023-04-20 00:00:00+00:00,2.5,1.2,0.15,-25.03157557283672,0.7496842442716328,-25.03157557283672,0,2.5
BNBUSDT,2021-10-17 00:00:00+00:00,2023-10-17 00:00:00+00:00,2.5,1.2,0.15,6.269709034498083,1.0626970903449808,-23.80263522622956,0,2.5
BNBUSDT,2022-04-15 00:00:00+00:00,2024-04-14 00:00:00+00:00,2.5,1.2,0.15,-13.711717385688571,0.8628828261431143,-24.580000243248712,0,2.5
BNBUSDT,2022-10-12 00:00:00+00:00,2024-10-11 00:00:00+00:00,2.5,1.2,0.15,25.432311207352278,1.2543231120735228,-22.460145869130656,0,2.5
BNBUSDT,2023-04-10 00:00:00+00:00,2025-04-09 00:00:00+00:00,2.5,1.2,0.15,21.95633910675976,1.2195633910675976,-24.271161563874156,0,2.5
BNBUSDT,2023-10-07 00:00:00+00:00,2025-10-06 00:00:00+00:00,2.5,1.2,0.15,34.82487074332548,1.3482487074332548,-24.445798540584175,0,2.5
BNBUSDT,2024-04-04 00:00:00+00:00,2026-04-04 00:00:00+00:00,2.5,1.2,0.15,-15.155419371321067,0.8484458062867893,-23.925380486670022,0,2.5
XRPUSDT,2018-05-05 00:00:00+00:00,2020-05-04 00:00:00+00:00,2.5,1.2,0.15,32.538515023722205,1.325385150237222,-43.28685744051784,0,2.5
XRPUSDT,2018-11-01 00:00:00+00:00,2020-10-31 00:00:00+00:00,2.5,1.2,0.15,1.9568415872990963,1.019568415872991,-24.93876884836743,0,2.5
XRPUSDT,2019-04-30 00:00:00+00:00,2021-04-29 00:00:00+00:00,2.5,1.2,0.15,7.958124796219845,1.0795812479621985,-24.938768848367577,0,2.5
XRPUSDT,2019-10-27 00:00:00+00:00,2021-10-26 00:00:00+00:00,2.5,1.2,0.15,254.4803380034557,3.544803380034557,-28.352305804693756,0,2.5
XRPUSDT,2020-04-24 00:00:00+00:00,2022-04-24 00:00:00+00:00,2.5,1.2,0.15,266.2305341857748,3.662305341857748,-28.352305804693824,0,2.5
XRPUSDT,2020-10-21 00:00:00+00:00,2022-10-21 00:00:00+00:00,2.5,1.2,0.15,201.68741931070514,3.0168741931070513,-28.352305804693756,0,2.5
XRPUSDT,2021-04-19 00:00:00+00:00,2023-04-19 00:00:00+00:00,2.5,1.2,0.15,-20.620615518475958,0.7937938448152404,-25.027308795269743,0,0.75
XRPUSDT,2021-10-16 00:00:00+00:00,2023-10-16 00:00:00+00:00,2.5,1.2,0.15,-24.017275315183674,0.7598272468481633,-25.185649701052427,0,2.5
XRPUSDT,2022-04-14 00:00:00+00:00,2024-04-13 00:00:00+00:00,2.5,1.2,0.15,-13.996322953434658,0.8600367704656534,-25.20396383539768,0,2.5
XRPUSDT,2022-10-11 00:00:00+00:00,2024-10-10 00:00:00+00:00,2.5,1.2,0.15,-24.955853483427013,0.7504414651657298,-25.07897543766642,0,2.5
XRPUSDT,2023-04-09 00:00:00+00:00,2025-04-08 00:00:00+00:00,2.5,1.2,0.15,32.883365756348645,1.3288336575634865,-25.143974143136262,0,2.5
XRPUSDT,2023-10-06 00:00:00+00:00,2025-10-05 00:00:00+00:00,2.5,1.2,0.15,-9.028732946508466,0.9097126705349153,-25.14397414313635,0,2.5
XRPUSDT,2024-04-03 00:00:00+00:00,2026-04-03 00:00:00+00:00,2.5,1.2,0.15,47.10079029692058,1.4710079029692058,-29.05157409741944,0,2.5
ADAUSDT,2018-04-18 00:00:00+00:00,2020-04-17 00:00:00+00:00,2.5,1.2,0.15,-24.002826535288325,0.7599717346471168,-25.338016654814275,0,2.5
ADAUSDT,2018-10-15 00:00:00+00:00,2020-10-14 00:00:00+00:00,2.5,1.2,0.15,-8.462119352607333,0.9153788064739267,-25.124190175562177,0,2.5
ADAUSDT,2019-04-13 00:00:00+00:00,2021-04-12 00:00:00+00:00,2.5,1.2,0.15,11.986301760570228,1.1198630176057023,-24.942456197491136,0,2.5
ADAUSDT,2019-10-10 00:00:00+00:00,2021-10-09 00:00:00+00:00,2.5,1.2,0.15,12.965545729361105,1.129655457293611,-25.071519819102928,0,2.5
ADAUSDT,2020-04-07 00:00:00+00:00,2022-04-07 00:00:00+00:00,2.5,1.2,0.15,10.108973559133982,1.1010897355913398,-25.07151981910287,0,2.5
ADAUSDT,2020-10-04 00:00:00+00:00,2022-10-04 00:00:00+00:00,2.5,1.2,0.15,22.914106259139054,1.2291410625913906,-26.161487911827063,0,2.5
ADAUSDT,2021-04-02 00:00:00+00:00,2023-04-02 00:00:00+00:00,2.5,1.2,0.15,-14.367277266622281,0.8563272273337772,-25.081076031127424,0,2.5
ADAUSDT,2021-09-29 00:00:00+00:00,2023-09-29 00:00:00+00:00,2.5,1.2,0.15,-22.26640728058782,0.7773359271941218,-23.705346555063546,0,2.5
ADAUSDT,2022-03-28 00:00:00+00:00,2024-03-27 00:00:00+00:00,2.5,1.2,0.15,-21.844639138413058,0.7815536086158694,-25.15613677847146,0,2.5
ADAUSDT,2022-09-24 00:00:00+00:00,2024-09-23 00:00:00+00:00,2.5,1.2,0.15,-17.889052604733635,0.8211094739526636,-25.07418593672509,0,2.5
ADAUSDT,2023-03-23 00:00:00+00:00,2025-03-22 00:00:00+00:00,2.5,1.2,0.15,24.35413150766925,1.2435413150766925,-25.07418593672497,0,2.5
ADAUSDT,2023-09-19 00:00:00+00:00,2025-09-18 00:00:00+00:00,2.5,1.2,0.15,33.982107096050164,1.3398210709605016,-25.07418593672517,0,2.5
ADAUSDT,2024-03-17 00:00:00+00:00,2026-03-17 00:00:00+00:00,2.5,1.2,0.15,66.25397497769339,1.6625397497769339,-25.87036750256977,0,2.5
DOGEUSDT,2019-07-06 00:00:00+00:00,2021-07-05 00:00:00+00:00,2.5,1.2,0.15,69.60590922714785,1.6960590922714784,-39.16671630489811,0,2.5
DOGEUSDT,2020-01-02 00:00:00+00:00,2022-01-01 00:00:00+00:00,2.5,1.2,0.15,70.19344908191607,1.7019344908191607,-39.16671630489812,0,2.5
DOGEUSDT,2020-06-30 00:00:00+00:00,2022-06-30 00:00:00+00:00,2.5,1.2,0.15,50.371038713522175,1.5037103871352218,-39.16671630489811,0,2.5
DOGEUSDT,2020-12-27 00:00:00+00:00,2022-12-27 00:00:00+00:00,2.5,1.2,0.15,59.61680177276718,1.5961680177276718,-57.60037950189625,0,2.5
DOGEUSDT,2021-06-25 00:00:00+00:00,2023-06-25 00:00:00+00:00,2.5,1.2,0.15,-24.88817605137381,0.7511182394862619,-25.359291366358537,0,2.5
DOGEUSDT,2021-12-22 00:00:00+00:00,2023-12-22 00:00:00+00:00,2.5,1.2,0.15,37.02599285353592,1.3702599285353592,-25.233069036960632,0,2.5
DOGEUSDT,2022-06-20 00:00:00+00:00,2024-06-19 00:00:00+00:00,2.5,1.2,0.15,65.71226468823095,1.6571226468823095,-25.233069036960632,0,2.5
DOGEUSDT,2022-12-17 00:00:00+00:00,2024-12-16 00:00:00+00:00,2.5,1.2,0.15,-19.81336871963022,0.8018663128036978,-25.2964354901155,0,0.75
DOGEUSDT,2023-06-15 00:00:00+00:00,2025-06-14 00:00:00+00:00,2.5,1.2,0.15,192.7658622410624,2.927658622410624,-25.13128087386591,0,2.5
DOGEUSDT,2023-12-12 00:00:00+00:00,2025-12-11 00:00:00+00:00,2.5,1.2,0.15,194.84556195978732,2.948455619597873,-25.13128087386587,0,2.5
DOGEUSDT,2024-06-09 00:00:00+00:00,2026-06-09 00:00:00+00:00,2.5,1.2,0.15,86.30126985026862,1.8630126985026862,-25.13128087386587,0,2.5
LINKUSDT,2019-01-17 00:00:00+00:00,2021-01-16 00:00:00+00:00,2.5,1.2,0.15,-9.334925343506262,0.9066507465649374,-25.201256273082993,0,2.5
LINKUSDT,2019-07-16 00:00:00+00:00,2021-07-15 00:00:00+00:00,2.5,1.2,0.15,-5.463032960790848,0.9453696703920915,-25.09247205166626,0,2.5
LINKUSDT,2020-01-12 00:00:00+00:00,2022-01-11 00:00:00+00:00,2.5,1.2,0.15,27.544408560054467,1.2754440856005447,-25.278836230339774,0,2.5
LINKUSDT,2020-07-10 00:00:00+00:00,2022-07-10 00:00:00+00:00,2.5,1.2,0.15,38.63856601181654,1.3863856601181654,-24.981560050834727,0,2.5
LINKUSDT,2021-01-06 00:00:00+00:00,2023-01-06 00:00:00+00:00,2.5,1.2,0.15,-12.787044931814728,0.8721295506818527,-25.014282018472723,0,2.5
LINKUSDT,2021-07-05 00:00:00+00:00,2023-07-05 00:00:00+00:00,2.5,1.2,0.15,-18.65909291267155,0.8134090708732845,-25.062587402805047,0,2.5
LINKUSDT,2022-01-01 00:00:00+00:00,2024-01-01 00:00:00+00:00,2.5,1.2,0.15,-20.135837562895965,0.7986416243710404,-25.691409157622047,0,2.5
LINKUSDT,2022-06-30 00:00:00+00:00,2024-06-29 00:00:00+00:00,2.5,1.2,0.15,-20.60892927715082,0.7939107072284918,-25.046254607737104,0,2.5
LINKUSDT,2022-12-27 00:00:00+00:00,2024-12-26 00:00:00+00:00,2.5,1.2,0.15,-12.740508861868138,0.8725949113813186,-25.300035988304725,0,2.5
LINKUSDT,2023-06-25 00:00:00+00:00,2025-06-24 00:00:00+00:00,2.5,1.2,0.15,8.064868393125568,1.0806486839312557,-25.30003598830448,0,2.5
LINKUSDT,2023-12-22 00:00:00+00:00,2025-12-21 00:00:00+00:00,2.5,1.2,0.15,-20.007354194931793,0.7999264580506821,-25.387847206597215,0,2.5
LINKUSDT,2024-06-19 00:00:00+00:00,2026-06-19 00:00:00+00:00,2.5,1.2,0.15,-16.688939358801925,0.8331106064119808,-25.050339511087316,0,2.5
LTCUSDT,2017-12-14 00:00:00+00:00,2019-12-14 00:00:00+00:00,2.5,1.2,0.15,-24.595640742563173,0.7540435925743683,-25.1296165980865,0,2.5
LTCUSDT,2018-06-12 00:00:00+00:00,2020-06-11 00:00:00+00:00,2.5,1.2,0.15,10.471267388126515,1.1047126738812652,-30.086504573894935,0,2.5
LTCUSDT,2018-12-09 00:00:00+00:00,2020-12-08 00:00:00+00:00,2.5,1.2,0.15,11.980706770449467,1.1198070677044947,-30.086504573894967,0,2.5
LTCUSDT,2019-06-07 00:00:00+00:00,2021-06-06 00:00:00+00:00,2.5,1.2,0.15,-22.954195654370725,0.7704580434562928,-25.07275979499276,0,2.5
LTCUSDT,2019-12-04 00:00:00+00:00,2021-12-03 00:00:00+00:00,2.5,1.2,0.15,0.09296009830372931,1.0009296009830373,-25.02959112829154,0,2.5
LTCUSDT,2020-06-01 00:00:00+00:00,2022-06-01 00:00:00+00:00,2.5,1.2,0.15,-15.992651483051423,0.8400734851694858,-25.472779159747038,0,2.5
LTCUSDT,2020-11-28 00:00:00+00:00,2022-11-28 00:00:00+00:00,2.5,1.2,0.15,-0.8485179592371161,0.9915148204076288,-25.47277915974705,0,2.5
LTCUSDT,2021-05-27 00:00:00+00:00,2023-05-27 00:00:00+00:00,2.5,1.2,0.15,-8.320056011770482,0.9167994398822952,-25.157556562939487,0,2.5
LTCUSDT,2021-11-23 00:00:00+00:00,2023-11-23 00:00:00+00:00,2.5,1.2,0.15,-19.86950399145284,0.8013049600854716,-25.150566279307295,0,2.5
LTCUSDT,2022-05-22 00:00:00+00:00,2024-05-21 00:00:00+00:00,2.5,1.2,0.15,-22.98618269079772,0.7701381730920228,-25.076187467023814,0,2.5
LTCUSDT,2022-11-18 00:00:00+00:00,2024-11-17 00:00:00+00:00,2.5,1.2,0.15,-14.7894454426169,0.852105545573831,-25.015167921987402,0,2.5
LTCUSDT,2023-05-17 00:00:00+00:00,2025-05-16 00:00:00+00:00,2.5,1.2,0.15,-17.938637332322692,0.8206136266767731,-25.06479509060223,0,2.5
LTCUSDT,2023-11-13 00:00:00+00:00,2025-11-12 00:00:00+00:00,2.5,1.2,0.15,-5.409114494008871,0.9459088550599113,-25.05300016322609,0,2.5
LTCUSDT,2024-05-11 00:00:00+00:00,2026-05-11 00:00:00+00:00,2.5,1.2,0.15,-0.8386093641190362,0.9916139063588096,-25.0530001632262,0,2.5
SOLUSDT,2020-08-12 00:00:00+00:00,2022-08-12 00:00:00+00:00,2.5,1.2,0.15,-17.88207386751951,0.8211792613248049,-25.075726492746576,0,2.5
SOLUSDT,2021-02-08 00:00:00+00:00,2023-02-08 00:00:00+00:00,2.5,1.2,0.15,1.6776257136274175,1.0167762571362742,-25.18113167160906,0,2.5
SOLUSDT,2021-08-07 00:00:00+00:00,2023-08-07 00:00:00+00:00,2.5,1.2,0.15,45.826377113708936,1.4582637711370894,-25.067496194484928,0,2.5
SOLUSDT,2022-02-03 00:00:00+00:00,2024-02-03 00:00:00+00:00,2.5,1.2,0.15,-19.30307315248977,0.8069692684751023,-25.246247294651603,0,2.5
SOLUSDT,2022-08-02 00:00:00+00:00,2024-08-01 00:00:00+00:00,2.5,1.2,0.15,1.0379659065405278,1.0103796590654053,-25.148931558171483,0,2.5
SOLUSDT,2023-01-29 00:00:00+00:00,2025-01-28 00:00:00+00:00,2.5,1.2,0.15,39.967574203968034,1.3996757420396804,-25.26568700334404,0,2.5
SOLUSDT,2023-07-28 00:00:00+00:00,2025-07-27 00:00:00+00:00,2.5,1.2,0.15,18.794440384679277,1.1879444038467928,-25.265687003344127,0,2.5
SOLUSDT,2024-01-24 00:00:00+00:00,2026-01-23 00:00:00+00:00,2.5,1.2,0.15,-9.495644377323021,0.9050435562267698,-32.69606245211541,0,2.5
SOLUSDT,2024-07-22 00:00:00+00:00,2026-07-22 00:00:00+00:00,2.5,1.2,0.15,-22.645441970038227,0.7735455802996177,-25.1702787649292,0,2.5
AVAXUSDT,2020-09-23 00:00:00+00:00,2022-09-23 00:00:00+00:00,2.5,1.2,0.15,173.00404551580155,2.7300404551580155,-25.327155443947312,0,2.5
AVAXUSDT,2021-03-22 00:00:00+00:00,2023-03-22 00:00:00+00:00,2.5,1.2,0.15,12.690187790576068,1.1269018779057607,-25.419336055161914,0,2.5
AVAXUSDT,2021-09-18 00:00:00+00:00,2023-09-18 00:00:00+00:00,2.5,1.2,0.15,-15.04159055088885,0.8495840944911115,-25.293390270604842,0,2.5
AVAXUSDT,2022-03-17 00:00:00+00:00,2024-03-16 00:00:00+00:00,2.5,1.2,0.15,-20.84693994771608,0.7915306005228392,-25.06186086257214,0,2.5
AVAXUSDT,2022-09-13 00:00:00+00:00,2024-09-12 00:00:00+00:00,2.5,1.2,0.15,-4.012003633815908,0.9598799636618409,-25.028844588728717,0,2.5
AVAXUSDT,2023-03-12 00:00:00+00:00,2025-03-11 00:00:00+00:00,2.5,1.2,0.15,26.008053888485726,1.2600805388848573,-25.29955366157668,0,2.5
AVAXUSDT,2023-09-08 00:00:00+00:00,2025-09-07 00:00:00+00:00,2.5,1.2,0.15,36.01363213463533,1.3601363213463533,-25.29955366157659,0,2.5
AVAXUSDT,2024-03-06 00:00:00+00:00,2026-03-06 00:00:00+00:00,2.5,1.2,0.15,-0.25509384671503765,0.9974490615328496,-25.27221150870873,0,2.5
BTCUSDT,2017-08-18 00:00:00+00:00,2019-08-18 00:00:00+00:00,3.0,1.15,0.1,10.897438369127066,1.1089743836912707,-20.992630066451422,0,3.0
BTCUSDT,2018-02-14 00:00:00+00:00,2020-02-14 00:00:00+00:00,3.0,1.15,0.1,49.83454413570889,1.498345441357089,-17.766674167541964,0,3.0
BTCUSDT,2018-08-13 00:00:00+00:00,2020-08-12 00:00:00+00:00,3.0,1.15,0.1,55.7387823019178,1.557387823019178,-17.76667416754203,0,3.0
BTCUSDT,2019-02-09 00:00:00+00:00,2021-02-08 00:00:00+00:00,3.0,1.15,0.1,133.8807642882663,2.338807642882663,-21.556156855256326,0,3.0
BTCUSDT,2019-08-08 00:00:00+00:00,2021-08-07 00:00:00+00:00,3.0,1.15,0.1,10.389390727882542,1.1038939072788254,-21.556156855256425,0,3.0
BTCUSDT,2020-02-04 00:00:00+00:00,2022-02-03 00:00:00+00:00,3.0,1.15,0.1,15.655649345913147,1.1565564934591315,-21.55615685525637,0,3.0
BTCUSDT,2020-08-02 00:00:00+00:00,2022-08-02 00:00:00+00:00,3.0,1.15,0.1,-21.261791630902028,0.7873820836909797,-22.306572088204057,0,3.0
BTCUSDT,2021-01-29 00:00:00+00:00,2023-01-29 00:00:00+00:00,3.0,1.15,0.1,-17.773569402685663,0.8222643059731434,-20.176656975623697,0,3.0
BTCUSDT,2021-07-28 00:00:00+00:00,2023-07-28 00:00:00+00:00,3.0,1.15,0.1,-12.403865339816978,0.8759613466018302,-19.685342534901185,0,3.0
BTCUSDT,2022-01-24 00:00:00+00:00,2024-01-24 00:00:00+00:00,3.0,1.15,0.1,-3.9095434688550035,0.96090456531145,-16.80625691834976,0,3.0
BTCUSDT,2022-07-23 00:00:00+00:00,2024-07-22 00:00:00+00:00,3.0,1.15,0.1,5.235810761205473,1.0523581076120547,-16.806256918349625,0,3.0
BTCUSDT,2023-01-19 00:00:00+00:00,2025-01-18 00:00:00+00:00,3.0,1.15,0.1,5.996643201354113,1.0599664320135411,-17.633079303618928,0,3.0
BTCUSDT,2023-07-18 00:00:00+00:00,2025-07-17 00:00:00+00:00,3.0,1.15,0.1,66.25606169207565,1.6625606169207565,-17.63307930361896,0,3.0
BTCUSDT,2024-01-14 00:00:00+00:00,2026-01-13 00:00:00+00:00,3.0,1.15,0.1,40.82800738509198,1.4082800738509198,-17.633079303619013,0,3.0
BTCUSDT,2024-07-12 00:00:00+00:00,2026-07-12 00:00:00+00:00,3.0,1.15,0.1,27.483722686118362,1.2748372268611836,-13.141012663458296,0,3.0
ETHUSDT,2017-08-18 00:00:00+00:00,2019-08-18 00:00:00+00:00,3.0,1.15,0.1,-7.929578346968369,0.9207042165303163,-20.7837292370446,0,3.0
ETHUSDT,2018-02-14 00:00:00+00:00,2020-02-14 00:00:00+00:00,3.0,1.15,0.1,13.807257368207715,1.1380725736820771,-20.11186234365153,0,3.0
ETHUSDT,2018-08-13 00:00:00+00:00,2020-08-12 00:00:00+00:00,3.0,1.15,0.1,1.7108487011956441,1.0171084870119564,-20.111862380819833,0,3.0
ETHUSDT,2019-02-09 00:00:00+00:00,2021-02-08 00:00:00+00:00,3.0,1.15,0.1,14.439584766305646,1.1443958476630565,-20.111862380819723,0,3.0
ETHUSDT,2019-08-08 00:00:00+00:00,2021-08-07 00:00:00+00:00,3.0,1.15,0.1,281.0739116982149,3.8107391169821487,-20.990459866404198,0,3.0
ETHUSDT,2020-02-04 00:00:00+00:00,2022-02-03 00:00:00+00:00,3.0,1.15,0.1,227.17824671030522,3.271782467103052,-20.990459866404198,0,3.0
ETHUSDT,2020-08-02 00:00:00+00:00,2022-08-02 00:00:00+00:00,3.0,1.15,0.1,106.57290377783445,2.0657290377783446,-20.99045986640421,0,3.0
ETHUSDT,2021-01-29 00:00:00+00:00,2023-01-29 00:00:00+00:00,3.0,1.15,0.1,-2.249226677579952,0.9775077332242005,-20.06977881724762,0,3.0
ETHUSDT,2021-07-28 00:00:00+00:00,2023-07-28 00:00:00+00:00,3.0,1.15,0.1,-13.437917806379652,0.8656208219362035,-20.023946875470877,0,3.0
ETHUSDT,2022-01-24 00:00:00+00:00,2024-01-24 00:00:00+00:00,3.0,1.15,0.1,-14.6797149799321,0.853202850200679,-20.144181976193774,0,3.0
ETHUSDT,2022-07-23 00:00:00+00:00,2024-07-22 00:00:00+00:00,3.0,1.15,0.1,-14.828541182382649,0.8517145881761735,-19.44754275970797,0,3.0
ETHUSDT,2023-01-19 00:00:00+00:00,2025-01-18 00:00:00+00:00,3.0,1.15,0.1,-15.833758463482761,0.8416624153651724,-18.569983488307408,0,3.0
ETHUSDT,2023-07-18 00:00:00+00:00,2025-07-17 00:00:00+00:00,3.0,1.15,0.1,14.172536022958093,1.141725360229581,-18.36780360065142,0,3.0
ETHUSDT,2024-01-14 00:00:00+00:00,2026-01-13 00:00:00+00:00,3.0,1.15,0.1,-2.0646526345812544,0.9793534736541875,-26.478894439063904,0,3.0
ETHUSDT,2024-07-12 00:00:00+00:00,2026-07-12 00:00:00+00:00,3.0,1.15,0.1,32.20191715617313,1.3220191715617313,-16.082354625393013,0,3.0
BNBUSDT,2017-11-07 00:00:00+00:00,2019-11-07 00:00:00+00:00,3.0,1.15,0.1,3.1168653989785966,1.031168653989786,-20.753546366290323,0,3.0
BNBUSDT,2018-05-06 00:00:00+00:00,2020-05-05 00:00:00+00:00,3.0,1.15,0.1,-3.406336754832784,0.9659366324516722,-18.131614812286323,0,3.0
BNBUSDT,2018-11-02 00:00:00+00:00,2020-11-01 00:00:00+00:00,3.0,1.15,0.1,-3.937379388180595,0.960626206118194,-19.843194377225416,0,3.0
BNBUSDT,2019-05-01 00:00:00+00:00,2021-04-30 00:00:00+00:00,3.0,1.15,0.1,-8.982841116431839,0.9101715888356816,-20.16446344204933,0,3.0
BNBUSDT,2019-10-28 00:00:00+00:00,2021-10-27 00:00:00+00:00,3.0,1.15,0.1,-14.814055994610065,0.8518594400538994,-20.12559151564214,0,3.0
BNBUSDT,2020-04-25 00:00:00+00:00,2022-04-25 00:00:00+00:00,3.0,1.15,0.1,-29.59246791036628,0.7040753208963372,-35.70894053309247,0,3.0
BNBUSDT,2020-10-22 00:00:00+00:00,2022-10-22 00:00:00+00:00,3.0,1.15,0.1,156.09012066888207,2.5609012066888206,-21.365412898814697,0,3.0
BNBUSDT,2021-04-20 00:00:00+00:00,2023-04-20 00:00:00+00:00,3.0,1.15,0.1,-20.076409817249473,0.7992359018275053,-20.076409817249473,0,3.0
BNBUSDT,2021-10-17 00:00:00+00:00,2023-10-17 00:00:00+00:00,3.0,1.15,0.1,18.607317435507586,1.1860731743550759,-20.095735644477397,0,3.0
BNBUSDT,2022-04-15 00:00:00+00:00,2024-04-14 00:00:00+00:00,3.0,1.15,0.1,-17.235088092818273,0.8276491190718173,-19.946295675056348,0,3.0
BNBUSDT,2022-10-12 00:00:00+00:00,2024-10-11 00:00:00+00:00,3.0,1.15,0.1,28.42131953311824,1.2842131953311824,-19.875682354196666,0,3.0
BNBUSDT,2023-04-10 00:00:00+00:00,2025-04-09 00:00:00+00:00,3.0,1.15,0.1,27.1818875498542,1.271818875498542,-20.090271507470593,0,3.0
BNBUSDT,2023-10-07 00:00:00+00:00,2025-10-06 00:00:00+00:00,3.0,1.15,0.1,27.04363683819413,1.2704363683819413,-20.09027150747057,0,3.0
BNBUSDT,2024-04-04 00:00:00+00:00,2026-04-04 00:00:00+00:00,3.0,1.15,0.1,-13.957307026063981,0.8604269297393602,-20.044920097996876,0,3.0
XRPUSDT,2018-05-05 00:00:00+00:00,2020-05-04 00:00:00+00:00,3.0,1.15,0.1,4.697502520141894,1.046975025201419,-51.95131777071279,0,3.0
XRPUSDT,2018-11-01 00:00:00+00:00,2020-10-31 00:00:00+00:00,3.0,1.15,0.1,-5.920672290429918,0.9407932770957008,-20.241256805403808,0,3.0
XRPUSDT,2019-04-30 00:00:00+00:00,2021-04-29 00:00:00+00:00,3.0,1.15,0.1,-12.319162728350186,0.8768083727164981,-20.241245327632605,0,3.0
XRPUSDT,2019-10-27 00:00:00+00:00,2021-10-26 00:00:00+00:00,3.0,1.15,0.1,-13.50845148607478,0.8649154851392522,-20.005163777025015,0,3.0
XRPUSDT,2020-04-24 00:00:00+00:00,2022-04-24 00:00:00+00:00,3.0,1.15,0.1,-11.104771478428688,0.8889522852157131,-20.166157719827382,0,3.0
XRPUSDT,2020-10-21 00:00:00+00:00,2022-10-21 00:00:00+00:00,3.0,1.15,0.1,161.29146112046894,2.6129146112046895,-20.35526534544133,0,3.0
XRPUSDT,2021-04-19 00:00:00+00:00,2023-04-19 00:00:00+00:00,3.0,1.15,0.1,-15.561820651159476,0.8443817934884053,-20.249349531253657,0,0.75
XRPUSDT,2021-10-16 00:00:00+00:00,2023-10-16 00:00:00+00:00,3.0,1.15,0.1,-18.85426382014962,0.8114573617985038,-20.270162429671124,0,3.0
XRPUSDT,2022-04-14 00:00:00+00:00,2024-04-13 00:00:00+00:00,3.0,1.15,0.1,-8.92930562678622,0.9107069437321378,-20.019207119864912,0,3.0
XRPUSDT,2022-10-11 00:00:00+00:00,2024-10-10 00:00:00+00:00,3.0,1.15,0.1,-20.01932714424055,0.7998067285575945,-20.150548261416002,0,3.0
XRPUSDT,2023-04-09 00:00:00+00:00,2025-04-08 00:00:00+00:00,3.0,1.15,0.1,-15.796805358048138,0.8420319464195186,-20.148998584693867,0,3.0
XRPUSDT,2023-10-06 00:00:00+00:00,2025-10-05 00:00:00+00:00,3.0,1.15,0.1,-0.12700846499573704,0.9987299153500426,-20.071573333990735,0,3.0
XRPUSDT,2024-04-03 00:00:00+00:00,2026-04-03 00:00:00+00:00,3.0,1.15,0.1,-14.315829116709489,0.8568417088329051,-21.45377157480994,0,3.0
ADAUSDT,2018-04-18 00:00:00+00:00,2020-04-17 00:00:00+00:00,3.0,1.15,0.1,-35.46829803429957,0.6453170196570043,-36.602051921880744,0,3.0
ADAUSDT,2018-10-15 00:00:00+00:00,2020-10-14 00:00:00+00:00,3.0,1.15,0.1,-28.59644555322155,0.7140355444677845,-34.51684785240556,0,3.0
ADAUSDT,2019-04-13 00:00:00+00:00,2021-04-12 00:00:00+00:00,3.0,1.15,0.1,26.153962862455018,1.2615396286245502,-20.11492325891814,0,3.0
ADAUSDT,2019-10-10 00:00:00+00:00,2021-10-09 00:00:00+00:00,3.0,1.15,0.1,-1.6677616526968642,0.9833223834730314,-20.045240930953156,0,3.0
ADAUSDT,2020-04-07 00:00:00+00:00,2022-04-07 00:00:00+00:00,3.0,1.15,0.1,7.793061690996983,1.0779306169099698,-20.045240930953156,0,3.0
ADAUSDT,2020-10-04 00:00:00+00:00,2022-10-04 00:00:00+00:00,3.0,1.15,0.1,-23.9537243352421,0.760462756647579,-24.292626007065486,0,3.0
ADAUSDT,2021-04-02 00:00:00+00:00,2023-04-02 00:00:00+00:00,3.0,1.15,0.1,-8.835159834809192,0.9116484016519081,-20.24110047001717,0,3.0
ADAUSDT,2021-09-29 00:00:00+00:00,2023-09-29 00:00:00+00:00,3.0,1.15,0.1,-18.472464105945228,0.8152753589405477,-19.98163368431065,0,3.0
ADAUSDT,2022-03-28 00:00:00+00:00,2024-03-27 00:00:00+00:00,3.0,1.15,0.1,-16.01119342712257,0.8398880657287743,-20.019150398835308,0,3.0
ADAUSDT,2022-09-24 00:00:00+00:00,2024-09-23 00:00:00+00:00,3.0,1.15,0.1,-12.775776530761796,0.872242234692382,-20.226023781168635,0,3.0
ADAUSDT,2023-03-23 00:00:00+00:00,2025-03-22 00:00:00+00:00,3.0,1.15,0.1,-11.518902187449932,0.8848109781255007,-20.12938356248739,0,3.0
ADAUSDT,2023-09-19 00:00:00+00:00,2025-09-18 00:00:00+00:00,3.0,1.15,0.1,16.77996770104262,1.1677996770104262,-20.176267870081087,0,3.0
ADAUSDT,2024-03-17 00:00:00+00:00,2026-03-17 00:00:00+00:00,3.0,1.15,0.1,105.9540505384808,2.059540505384808,-24.22492074860363,0,3.0
DOGEUSDT,2019-07-06 00:00:00+00:00,2021-07-05 00:00:00+00:00,3.0,1.15,0.1,22.198964159322433,1.2219896415932243,-20.325130137836467,0,3.0
DOGEUSDT,2020-01-02 00:00:00+00:00,2022-01-01 00:00:00+00:00,3.0,1.15,0.1,22.62227937270218,1.2262227937270218,-20.325130137836446,0,3.0
DOGEUSDT,2020-06-30 00:00:00+00:00,2022-06-30 00:00:00+00:00,3.0,1.15,0.1,48.099691827960456,1.4809969182796046,-47.114776340723274,0,3.0
DOGEUSDT,2020-12-27 00:00:00+00:00,2022-12-27 00:00:00+00:00,3.0,1.15,0.1,91.34601299610034,1.9134601299610035,-22.28435077013757,0,3.0
DOGEUSDT,2021-06-25 00:00:00+00:00,2023-06-25 00:00:00+00:00,3.0,1.15,0.1,-19.54091525690621,0.8045908474309379,-20.04556958507232,0,3.0
DOGEUSDT,2021-12-22 00:00:00+00:00,2023-12-22 00:00:00+00:00,3.0,1.15,0.1,-22.964961001769744,0.7703503899823025,-23.075562053833554,0,3.0
DOGEUSDT,2022-06-20 00:00:00+00:00,2024-06-19 00:00:00+00:00,3.0,1.15,0.1,40.642457388467434,1.4064245738846743,-19.987161283970078,0,3.0
DOGEUSDT,2022-12-17 00:00:00+00:00,2024-12-16 00:00:00+00:00,3.0,1.15,0.1,-14.42641726755265,0.8557358273244735,-20.277837391077913,0,0.75
DOGEUSDT,2023-06-15 00:00:00+00:00,2025-06-14 00:00:00+00:00,3.0,1.15,0.1,87.25788310156956,1.8725788310156957,-21.08775712981358,0,3.0
DOGEUSDT,2023-12-12 00:00:00+00:00,2025-12-11 00:00:00+00:00,3.0,1.15,0.1,127.52566450068686,2.2752566450068685,-21.08775712981358,0,3.0
DOGEUSDT,2024-06-09 00:00:00+00:00,2026-06-09 00:00:00+00:00,3.0,1.15,0.1,147.89552776675455,2.4789552776675454,-21.087757129813546,0,3.0
LINKUSDT,2019-01-17 00:00:00+00:00,2021-01-16 00:00:00+00:00,3.0,1.15,0.1,-17.792215657016076,0.8220778434298393,-23.745420390594273,0,3.0
LINKUSDT,2019-07-16 00:00:00+00:00,2021-07-15 00:00:00+00:00,3.0,1.15,0.1,-11.144764653953764,0.8885523534604624,-25.47679063272338,0,3.0
LINKUSDT,2020-01-12 00:00:00+00:00,2022-01-11 00:00:00+00:00,3.0,1.15,0.1,8.621188663630818,1.0862118866363082,-20.071873404485352,0,3.0
LINKUSDT,2020-07-10 00:00:00+00:00,2022-07-10 00:00:00+00:00,3.0,1.15,0.1,45.85976696900327,1.4585976696900327,-19.973519047899245,0,3.0
LINKUSDT,2021-01-06 00:00:00+00:00,2023-01-06 00:00:00+00:00,3.0,1.15,0.1,-6.219708978220984,0.9378029102177902,-20.020488427716288,0,3.0
LINKUSDT,2021-07-05 00:00:00+00:00,2023-07-05 00:00:00+00:00,3.0,1.15,0.1,-15.365212157615272,0.8463478784238473,-20.14271810804713,0,3.0
LINKUSDT,2022-01-01 00:00:00+00:00,2024-01-01 00:00:00+00:00,3.0,1.15,0.1,-14.175230339571087,0.8582476966042891,-20.14543822630489,0,3.0
LINKUSDT,2022-06-30 00:00:00+00:00,2024-06-29 00:00:00+00:00,3.0,1.15,0.1,-18.09044950351818,0.8190955049648182,-20.003267261107872,0,3.0
LINKUSDT,2022-12-27 00:00:00+00:00,2024-12-26 00:00:00+00:00,3.0,1.15,0.1,-15.702223877894284,0.8429777612210572,-20.065369116898246,0,3.0
LINKUSDT,2023-06-25 00:00:00+00:00,2025-06-24 00:00:00+00:00,3.0,1.15,0.1,10.47442267482641,1.1047442267482641,-20.093600657830514,0,3.0
LINKUSDT,2023-12-22 00:00:00+00:00,2025-12-21 00:00:00+00:00,3.0,1.15,0.1,-14.974078171783777,0.8502592182821622,-20.065999044667983,0,3.0
LINKUSDT,2024-06-19 00:00:00+00:00,2026-06-19 00:00:00+00:00,3.0,1.15,0.1,3.350083373924151,1.0335008337392415,-20.211570943108768,0,3.0
LTCUSDT,2017-12-14 00:00:00+00:00,2019-12-14 00:00:00+00:00,3.0,1.15,0.1,-18.753200459054842,0.8124679954094516,-19.676513955844264,0,3.0
LTCUSDT,2018-06-12 00:00:00+00:00,2020-06-11 00:00:00+00:00,3.0,1.15,0.1,-17.048326345699117,0.8295167365430088,-20.079576972545475,0,3.0
LTCUSDT,2018-12-09 00:00:00+00:00,2020-12-08 00:00:00+00:00,3.0,1.15,0.1,-15.914904723916855,0.8408509527608314,-20.07957697254553,0,3.0
LTCUSDT,2019-06-07 00:00:00+00:00,2021-06-06 00:00:00+00:00,3.0,1.15,0.1,-18.17364481332887,0.8182635518667113,-20.19097635597047,0,3.0
LTCUSDT,2019-12-04 00:00:00+00:00,2021-12-03 00:00:00+00:00,3.0,1.15,0.1,26.068202136847553,1.2606820213684755,-20.389175014188854,0,3.0
LTCUSDT,2020-06-01 00:00:00+00:00,2022-06-01 00:00:00+00:00,3.0,1.15,0.1,-11.334843663847805,0.886651563361522,-20.055778684964487,0,3.0
LTCUSDT,2020-11-28 00:00:00+00:00,2022-11-28 00:00:00+00:00,3.0,1.15,0.1,9.379532074911868,1.0937953207491187,-20.232864439753527,0,3.0
LTCUSDT,2021-05-27 00:00:00+00:00,2023-05-27 00:00:00+00:00,3.0,1.15,0.1,-10.182486145160553,0.8981751385483945,-20.085938470308673,0,3.0
LTCUSDT,2021-11-23 00:00:00+00:00,2023-11-23 00:00:00+00:00,3.0,1.15,0.1,-14.630559700404945,0.8536944029959506,-20.256898661957678,0,0.75
LTCUSDT,2022-05-22 00:00:00+00:00,2024-05-21 00:00:00+00:00,3.0,1.15,0.1,-17.861444297019702,0.821385557029803,-20.09052447677894,0,0.75
LTCUSDT,2022-11-18 00:00:00+00:00,2024-11-17 00:00:00+00:00,3.0,1.15,0.1,-9.251073041774516,0.9074892695822548,-20.14142984317939,0,3.0
LTCUSDT,2023-05-17 00:00:00+00:00,2025-05-16 00:00:00+00:00,3.0,1.15,0.1,-21.6643969575512,0.783356030424488,-22.7533066135143,0,3.0
LTCUSDT,2023-11-13 00:00:00+00:00,2025-11-12 00:00:00+00:00,3.0,1.15,0.1,-13.109348483588047,0.8689065151641195,-20.12365307149193,0,3.0
LTCUSDT,2024-05-11 00:00:00+00:00,2026-05-11 00:00:00+00:00,3.0,1.15,0.1,7.445687081162644,1.0744568708116264,-20.239748356183984,0,3.0
SOLUSDT,2020-08-12 00:00:00+00:00,2022-08-12 00:00:00+00:00,3.0,1.15,0.1,-16.47588188774276,0.8352411811225724,-21.055775799672894,0,3.0
SOLUSDT,2021-02-08 00:00:00+00:00,2023-02-08 00:00:00+00:00,3.0,1.15,0.1,-12.725509039941063,0.8727449096005894,-20.21845876981453,0,3.0
SOLUSDT,2021-08-07 00:00:00+00:00,2023-08-07 00:00:00+00:00,3.0,1.15,0.1,30.564459718105,1.30564459718105,-21.695492624288025,0,3.0
SOLUSDT,2022-02-03 00:00:00+00:00,2024-02-03 00:00:00+00:00,3.0,1.15,0.1,-13.702777649690379,0.8629722235030962,-20.058402832070843,0,3.0
SOLUSDT,2022-08-02 00:00:00+00:00,2024-08-01 00:00:00+00:00,3.0,1.15,0.1,-17.589549339727085,0.8241045066027292,-20.107974747005073,0,3.0
SOLUSDT,2023-01-29 00:00:00+00:00,2025-01-28 00:00:00+00:00,3.0,1.15,0.1,-9.814774983698948,0.9018522501630105,-20.17598250282865,0,3.0
SOLUSDT,2023-07-28 00:00:00+00:00,2025-07-27 00:00:00+00:00,3.0,1.15,0.1,9.808340055098274,1.0980834005509827,-20.175982502828592,0,3.0
SOLUSDT,2024-01-24 00:00:00+00:00,2026-01-23 00:00:00+00:00,3.0,1.15,0.1,1.1387173317111365,1.0113871733171114,-20.040134088786687,0,3.0
SOLUSDT,2024-07-22 00:00:00+00:00,2026-07-22 00:00:00+00:00,3.0,1.15,0.1,-20.051047223061847,0.7994895277693815,-20.051047223061847,0,3.0
AVAXUSDT,2020-09-23 00:00:00+00:00,2022-09-23 00:00:00+00:00,3.0,1.15,0.1,-16.064754113368352,0.8393524588663165,-20.082199113773058,0,3.0
AVAXUSDT,2021-03-22 00:00:00+00:00,2023-03-22 00:00:00+00:00,3.0,1.15,0.1,-12.79209719676383,0.8720790280323617,-19.945320135483758,0,3.0
AVAXUSDT,2021-09-18 00:00:00+00:00,2023-09-18 00:00:00+00:00,3.0,1.15,0.1,-6.821817893298265,0.9317818210670173,-20.010383825790136,0,3.0
AVAXUSDT,2022-03-17 00:00:00+00:00,2024-03-16 00:00:00+00:00,3.0,1.15,0.1,-17.407832340235007,0.8259216765976499,-20.01699293407985,0,3.0
AVAXUSDT,2022-09-13 00:00:00+00:00,2024-09-12 00:00:00+00:00,3.0,1.15,0.1,26.910901950817223,1.2691090195081722,-21.72159402524517,0,3.0
AVAXUSDT,2023-03-12 00:00:00+00:00,2025-03-11 00:00:00+00:00,3.0,1.15,0.1,-13.884550630985837,0.8611544936901416,-19.98492359507045,0,3.0
AVAXUSDT,2023-09-08 00:00:00+00:00,2025-09-07 00:00:00+00:00,3.0,1.15,0.1,-13.980407738909872,0.8601959226109013,-20.446994946810516,0,3.0
AVAXUSDT,2024-03-06 00:00:00+00:00,2026-03-06 00:00:00+00:00,3.0,1.15,0.1,-4.099126747976434,0.9590087325202357,-20.67166339515183,0,3.0
BTCUSDT,2017-08-18 00:00:00+00:00,2019-08-18 00:00:00+00:00,3.0,1.15,0.15,13.923867833366321,1.1392386783336632,-25.419066153422897,0,3.0
BTCUSDT,2018-02-14 00:00:00+00:00,2020-02-14 00:00:00+00:00,3.0,1.15,0.15,43.57159554107935,1.4357159554107934,-21.635319774657702,0,3.0
BTCUSDT,2018-08-13 00:00:00+00:00,2020-08-12 00:00:00+00:00,3.0,1.15,0.15,70.74206104595223,1.7074206104595222,-21.635319774657603,0,3.0
BTCUSDT,2019-02-09 00:00:00+00:00,2021-02-08 00:00:00+00:00,3.0,1.15,0.15,40.07659810960151,1.4007659810960151,-28.652596011947097,0,3.0
BTCUSDT,2019-08-08 00:00:00+00:00,2021-08-07 00:00:00+00:00,3.0,1.15,0.15,-0.45308103142950307,0.995469189685705,-28.652596011946997,0,3.0
BTCUSDT,2020-02-04 00:00:00+00:00,2022-02-03 00:00:00+00:00,3.0,1.15,0.15,4.295924434221621,1.0429592443422162,-28.652596011946873,0,3.0
BTCUSDT,2020-08-02 00:00:00+00:00,2022-08-02 00:00:00+00:00,3.0,1.15,0.15,-24.453044807475987,0.7554695519252401,-25.45548039787987,0,3.0
BTCUSDT,2021-01-29 00:00:00+00:00,2023-01-29 00:00:00+00:00,3.0,1.15,0.15,-14.872175666379094,0.851278243336209,-23.7981421472383,0,3.0
BTCUSDT,2021-07-28 00:00:00+00:00,2023-07-28 00:00:00+00:00,3.0,1.15,0.15,-17.977854623525268,0.8202214537647473,-22.77094658341121,0,3.0
BTCUSDT,2022-01-24 00:00:00+00:00,2024-01-24 00:00:00+00:00,3.0,1.15,0.15,-9.253416400648584,0.9074658359935142,-22.415034107146383,0,3.0
BTCUSDT,2022-07-23 00:00:00+00:00,2024-07-22 00:00:00+00:00,3.0,1.15,0.15,2.118583214398595,1.021185832143986,-22.415034107146447,0,3.0
BTCUSDT,2023-01-19 00:00:00+00:00,2025-01-18 00:00:00+00:00,3.0,1.15,0.15,20.333163559723122,1.2033316355972312,-22.415034107146415,0,3.0
BTCUSDT,2023-07-18 00:00:00+00:00,2025-07-17 00:00:00+00:00,3.0,1.15,0.15,93.06487302524049,1.930648730252405,-19.058557283817755,0,3.0
BTCUSDT,2024-01-14 00:00:00+00:00,2026-01-13 00:00:00+00:00,3.0,1.15,0.15,63.97095871316034,1.6397095871316034,-19.058557283817535,0,3.0
BTCUSDT,2024-07-12 00:00:00+00:00,2026-07-12 00:00:00+00:00,3.0,1.15,0.15,27.024916636851316,1.2702491663685131,-12.511877375106728,0,3.0
ETHUSDT,2017-08-18 00:00:00+00:00,2019-08-18 00:00:00+00:00,3.0,1.15,0.15,-7.778776098661999,0.92221223901338,-25.551153236845547,0,3.0
ETHUSDT,2018-02-14 00:00:00+00:00,2020-02-14 00:00:00+00:00,3.0,1.15,0.15,12.357248929202957,1.1235724892920296,-25.011870835684658,0,3.0
ETHUSDT,2018-08-13 00:00:00+00:00,2020-08-12 00:00:00+00:00,3.0,1.15,0.15,37.613366702075425,1.3761336670207542,-25.011870835729187,0,3.0
ETHUSDT,2019-02-09 00:00:00+00:00,2021-02-08 00:00:00+00:00,3.0,1.15,0.15,104.87218115495426,2.0487218115495427,-25.1928727077794,0,3.0
ETHUSDT,2019-08-08 00:00:00+00:00,2021-08-07 00:00:00+00:00,3.0,1.15,0.15,115.29621041122024,2.1529621041122025,-25.19287270777938,0,3.0
ETHUSDT,2020-02-04 00:00:00+00:00,2022-02-03 00:00:00+00:00,3.0,1.15,0.15,84.84665174744346,1.8484665174744346,-25.19287270777937,0,3.0
ETHUSDT,2020-08-02 00:00:00+00:00,2022-08-02 00:00:00+00:00,3.0,1.15,0.15,31.945425796625713,1.3194542579662571,-25.192872707779323,0,3.0
ETHUSDT,2021-01-29 00:00:00+00:00,2023-01-29 00:00:00+00:00,3.0,1.15,0.15,-2.989844612052084,0.9701015538794792,-25.05817364253452,0,3.0
ETHUSDT,2021-07-28 00:00:00+00:00,2023-07-28 00:00:00+00:00,3.0,1.15,0.15,-19.00978886184992,0.8099021113815008,-25.17188514408335,0,3.0
ETHUSDT,2022-01-24 00:00:00+00:00,2024-01-24 00:00:00+00:00,3.0,1.15,0.15,-19.894215965339136,0.8010578403466087,-25.024712341014755,0,3.0
ETHUSDT,2022-07-23 00:00:00+00:00,2024-07-22 00:00:00+00:00,3.0,1.15,0.15,-3.8223582388219213,0.9617764176117808,-26.478894439063883,0,3.0
ETHUSDT,2023-01-19 00:00:00+00:00,2025-01-18 00:00:00+00:00,3.0,1.15,0.15,-8.371610401886143,0.9162838959811386,-26.478894439063914,0,3.0
ETHUSDT,2023-07-18 00:00:00+00:00,2025-07-17 00:00:00+00:00,3.0,1.15,0.15,1.780450134760625,1.0178045013476062,-26.478894439063904,0,3.0
ETHUSDT,2024-01-14 00:00:00+00:00,2026-01-13 00:00:00+00:00,3.0,1.15,0.15,-2.0646526345812544,0.9793534736541875,-26.478894439063904,0,3.0
ETHUSDT,2024-07-12 00:00:00+00:00,2026-07-12 00:00:00+00:00,3.0,1.15,0.15,49.98549492047608,1.4998549492047608,-20.261170321292244,0,3.0
BNBUSDT,2017-11-07 00:00:00+00:00,2019-11-07 00:00:00+00:00,3.0,1.15,0.15,8.415218917062205,1.084152189170622,-28.04815300980796,0,3.0
BNBUSDT,2018-05-06 00:00:00+00:00,2020-05-05 00:00:00+00:00,3.0,1.15,0.15,37.01226735845034,1.3701226735845033,-22.83620365813237,0,3.0
BNBUSDT,2018-11-02 00:00:00+00:00,2020-11-01 00:00:00+00:00,3.0,1.15,0.15,35.40545799439643,1.3540545799439643,-24.44942684152629,0,3.0
BNBUSDT,2019-05-01 00:00:00+00:00,2021-04-30 00:00:00+00:00,3.0,1.15,0.15,-6.64086095546782,0.9335913904453218,-25.006158326759053,0,3.0
BNBUSDT,2019-10-28 00:00:00+00:00,2021-10-27 00:00:00+00:00,3.0,1.15,0.15,4.802051297695398,1.048020512976954,-25.200592082176488,0,3.0
BNBUSDT,2020-04-25 00:00:00+00:00,2022-04-25 00:00:00+00:00,3.0,1.15,0.15,-27.04516421061993,0.7295483578938007,-33.38292726746377,0,3.0
BNBUSDT,2020-10-22 00:00:00+00:00,2022-10-22 00:00:00+00:00,3.0,1.15,0.15,88.63138467127503,1.8863138467127503,-32.04945218312438,0,3.0
BNBUSDT,2021-04-20 00:00:00+00:00,2023-04-20 00:00:00+00:00,3.0,1.15,0.15,-24.947082670272447,0.7505291732972755,-25.23766650316891,0,3.0
BNBUSDT,2021-10-17 00:00:00+00:00,2023-10-17 00:00:00+00:00,3.0,1.15,0.15,11.23966128356313,1.1123966128356313,-25.059233323831542,0,3.0
BNBUSDT,2022-04-15 00:00:00+00:00,2024-04-14 00:00:00+00:00,3.0,1.15,0.15,-22.4142622452863,0.775857377547137,-24.95581077867949,0,3.0
BNBUSDT,2022-10-12 00:00:00+00:00,2024-10-11 00:00:00+00:00,3.0,1.15,0.15,-10.047803149952983,0.8995219685004702,-25.154899465026993,0,3.0
BNBUSDT,2023-04-10 00:00:00+00:00,2025-04-09 00:00:00+00:00,3.0,1.15,0.15,30.152584538969162,1.3015258453896916,-25.050242671292843,0,3.0
BNBUSDT,2023-10-07 00:00:00+00:00,2025-10-06 00:00:00+00:00,3.0,1.15,0.15,30.011104586252046,1.3001110458625205,-25.050242671293077,0,3.0
BNBUSDT,2024-04-04 00:00:00+00:00,2026-04-04 00:00:00+00:00,3.0,1.15,0.15,-14.20931818652228,0.8579068181347772,-24.705396478198693,0,3.0
XRPUSDT,2018-05-05 00:00:00+00:00,2020-05-04 00:00:00+00:00,3.0,1.15,0.15,35.65132464290714,1.3565132464290715,-51.95139166569669,0,3.0
XRPUSDT,2018-11-01 00:00:00+00:00,2020-10-31 00:00:00+00:00,3.0,1.15,0.15,-11.855462013634643,0.8814453798636536,-25.27266360827006,0,3.0
XRPUSDT,2019-04-30 00:00:00+00:00,2021-04-29 00:00:00+00:00,3.0,1.15,0.15,-17.741341440688263,0.8225865855931174,-25.1735228373381,0,3.0
XRPUSDT,2019-10-27 00:00:00+00:00,2021-10-26 00:00:00+00:00,3.0,1.15,0.15,-18.895679719592984,0.8110432028040702,-24.98773661379984,0,3.0
XRPUSDT,2020-04-24 00:00:00+00:00,2022-04-24 00:00:00+00:00,3.0,1.15,0.15,144.58635441721887,2.4458635441721888,-33.676590483823844,0,3.0
XRPUSDT,2020-10-21 00:00:00+00:00,2022-10-21 00:00:00+00:00,3.0,1.15,0.15,192.57869121177075,2.9257869121177076,-33.67659048382392,0,3.0
XRPUSDT,2021-04-19 00:00:00+00:00,2023-04-19 00:00:00+00:00,3.0,1.15,0.15,-20.620615518475958,0.7937938448152404,-25.027308795269743,0,0.75
XRPUSDT,2021-10-16 00:00:00+00:00,2023-10-16 00:00:00+00:00,3.0,1.15,0.15,-23.73036949662197,0.7626963050337803,-25.060097424226246,0,3.0
XRPUSDT,2022-04-14 00:00:00+00:00,2024-04-13 00:00:00+00:00,3.0,1.15,0.15,-19.36532748070926,0.8063467251929074,-25.14363878741198,0,3.0
XRPUSDT,2022-10-11 00:00:00+00:00,2024-10-10 00:00:00+00:00,3.0,1.15,0.15,-24.95877158691898,0.7504122841308102,-25.081888753541737,0,3.0
XRPUSDT,2023-04-09 00:00:00+00:00,2025-04-08 00:00:00+00:00,3.0,1.15,0.15,-22.402165245367257,0.7759783475463274,-25.095718463422923,0,3.0
XRPUSDT,2023-10-06 00:00:00+00:00,2025-10-05 00:00:00+00:00,3.0,1.15,0.15,-6.257953250145521,0.9374204674985448,-24.978172837235256,0,3.0
XRPUSDT,2024-04-03 00:00:00+00:00,2026-04-03 00:00:00+00:00,3.0,1.15,0.15,-8.687028741520086,0.9131297125847991,-32.20029142594887,0,3.0
ADAUSDT,2018-04-18 00:00:00+00:00,2020-04-17 00:00:00+00:00,3.0,1.15,0.15,-35.30546709451229,0.6469453290548771,-36.442081749830535,0,3.0
ADAUSDT,2018-10-15 00:00:00+00:00,2020-10-14 00:00:00+00:00,3.0,1.15,0.15,-28.59644555322155,0.7140355444677845,-34.51684785240556,0,3.0
ADAUSDT,2019-04-13 00:00:00+00:00,2021-04-12 00:00:00+00:00,3.0,1.15,0.15,18.695495454801183,1.1869549545480118,-24.83788421640233,0,3.0
ADAUSDT,2019-10-10 00:00:00+00:00,2021-10-09 00:00:00+00:00,3.0,1.15,0.15,-9.163148113996423,0.9083685188600358,-25.110626410642222,0,3.0
ADAUSDT,2020-04-07 00:00:00+00:00,2022-04-07 00:00:00+00:00,3.0,1.15,0.15,15.509207783707124,1.1550920778370712,-25.879437461297293,0,3.0
ADAUSDT,2020-10-04 00:00:00+00:00,2022-10-04 00:00:00+00:00,3.0,1.15,0.15,-12.776891424979942,0.8722310857502006,-25.236578935211885,0,3.0
ADAUSDT,2021-04-02 00:00:00+00:00,2023-04-02 00:00:00+00:00,3.0,1.15,0.15,-14.302252432637886,0.8569774756736211,-25.027723102931166,0,3.0
ADAUSDT,2021-09-29 00:00:00+00:00,2023-09-29 00:00:00+00:00,3.0,1.15,0.15,-22.177301798544747,0.7782269820145525,-23.617890519201936,0,3.0
ADAUSDT,2022-03-28 00:00:00+00:00,2024-03-27 00:00:00+00:00,3.0,1.15,0.15,-21.327744368585467,0.7867225563141453,-25.081994825337638,0,3.0
ADAUSDT,2022-09-24 00:00:00+00:00,2024-09-23 00:00:00+00:00,3.0,1.15,0.15,-18.15002856902659,0.8184997143097341,-25.141234685232938,0,3.0
ADAUSDT,2023-03-23 00:00:00+00:00,2025-03-22 00:00:00+00:00,3.0,1.15,0.15,-16.994491818337664,0.8300550818166234,-25.072119694721763,0,3.0
ADAUSDT,2023-09-19 00:00:00+00:00,2025-09-18 00:00:00+00:00,3.0,1.15,0.15,44.648238928586046,1.4464823892858605,-25.011962509649067,0,3.0
ADAUSDT,2024-03-17 00:00:00+00:00,2026-03-17 00:00:00+00:00,3.0,1.15,0.15,102.96345988007367,2.0296345988007367,-25.325225615426085,0,3.0
DOGEUSDT,2019-07-06 00:00:00+00:00,2021-07-05 00:00:00+00:00,3.0,1.15,0.15,30.016383164788184,1.3001638316478819,-47.11448363276419,0,3.0
DOGEUSDT,2020-01-02 00:00:00+00:00,2022-01-01 00:00:00+00:00,3.0,1.15,0.15,30.46677906921238,1.3046677906921238,-47.11448363276419,0,3.0
DOGEUSDT,2020-06-30 00:00:00+00:00,2022-06-30 00:00:00+00:00,3.0,1.15,0.15,48.099691827960456,1.4809969182796046,-47.114776340723274,0,3.0
DOGEUSDT,2020-12-27 00:00:00+00:00,2022-12-27 00:00:00+00:00,3.0,1.15,0.15,4.773999805830864,1.0477399980583086,-69.17979233953979,0,3.0
DOGEUSDT,2021-06-25 00:00:00+00:00,2023-06-25 00:00:00+00:00,3.0,1.15,0.15,-24.855301637528417,0.7514469836247158,-25.326623146944584,0,3.0
DOGEUSDT,2021-12-22 00:00:00+00:00,2023-12-22 00:00:00+00:00,3.0,1.15,0.15,-25.098892137119932,0.7490110786288007,-25.179180334772923,0,3.0
DOGEUSDT,2022-06-20 00:00:00+00:00,2024-06-19 00:00:00+00:00,3.0,1.15,0.15,-14.847622803479954,0.8515237719652005,-25.317107914077873,0,3.0
DOGEUSDT,2022-12-17 00:00:00+00:00,2024-12-16 00:00:00+00:00,3.0,1.15,0.15,-19.57513290656534,0.8042486709343466,-25.074489959474235,0,3.0
DOGEUSDT,2023-06-15 00:00:00+00:00,2025-06-14 00:00:00+00:00,3.0,1.15,0.15,-21.655298446300144,0.7834470155369986,-26.937912370260932,0,3.0
DOGEUSDT,2023-12-12 00:00:00+00:00,2025-12-11 00:00:00+00:00,3.0,1.15,0.15,129.96256936003869,2.2996256936003867,-25.018131195930337,0,3.0
DOGEUSDT,2024-06-09 00:00:00+00:00,2026-06-09 00:00:00+00:00,3.0,1.15,0.15,117.37452920071422,2.1737452920071423,-25.018131195930472,0,3.0
LINKUSDT,2019-01-17 00:00:00+00:00,2021-01-16 00:00:00+00:00,3.0,1.15,0.15,-22.601561018410955,0.7739843898158905,-28.2064895175706,0,3.0
LINKUSDT,2019-07-16 00:00:00+00:00,2021-07-15 00:00:00+00:00,3.0,1.15,0.15,-9.07144242796969,0.9092855757203031,-25.4767906327234,0,3.0
LINKUSDT,2020-01-12 00:00:00+00:00,2022-01-11 00:00:00+00:00,3.0,1.15,0.15,35.661829455271366,1.3566182945527137,-26.738007853092903,0,3.0
LINKUSDT,2020-07-10 00:00:00+00:00,2022-07-10 00:00:00+00:00,3.0,1.15,0.15,45.88311578174136,1.4588311578174136,-24.98584893791177,0,3.0
LINKUSDT,2021-01-06 00:00:00+00:00,2023-01-06 00:00:00+00:00,3.0,1.15,0.15,-12.077927281642186,0.8792207271835781,-25.01660683902116,0,3.0
LINKUSDT,2021-07-05 00:00:00+00:00,2023-07-05 00:00:00+00:00,3.0,1.15,0.15,-20.581221166073902,0.794187788339261,-25.064291285676667,0,3.0
LINKUSDT,2022-01-01 00:00:00+00:00,2024-01-01 00:00:00+00:00,3.0,1.15,0.15,-19.456691632801217,0.8054330836719878,-25.059506493126925,0,3.0
LINKUSDT,2022-06-30 00:00:00+00:00,2024-06-29 00:00:00+00:00,3.0,1.15,0.15,-20.705131842159364,0.7929486815784064,-25.294157294625663,0,3.0
LINKUSDT,2022-12-27 00:00:00+00:00,2024-12-26 00:00:00+00:00,3.0,1.15,0.15,-19.304754339923736,0.8069524566007626,-25.1148244313792,0,3.0
LINKUSDT,2023-06-25 00:00:00+00:00,2025-06-24 00:00:00+00:00,3.0,1.15,0.15,8.559638210942854,1.0855963821094285,-25.114824431376615,0,3.0
LINKUSDT,2023-12-22 00:00:00+00:00,2025-12-21 00:00:00+00:00,3.0,1.15,0.15,-20.53441078906405,0.7946558921093595,-25.214799260716237,0,3.0
LINKUSDT,2024-06-19 00:00:00+00:00,2026-06-19 00:00:00+00:00,3.0,1.15,0.15,-2.9813132416787513,0.9701868675832125,-25.099541742971066,0,3.0
LTCUSDT,2017-12-14 00:00:00+00:00,2019-12-14 00:00:00+00:00,3.0,1.15,0.15,-23.582758325221796,0.764172416747782,-24.267665753849,0,3.0
LTCUSDT,2018-06-12 00:00:00+00:00,2020-06-11 00:00:00+00:00,3.0,1.15,0.15,25.755108650047266,1.2575510865004726,-25.28042292902559,0,3.0
LTCUSDT,2018-12-09 00:00:00+00:00,2020-12-08 00:00:00+00:00,3.0,1.15,0.15,27.473380903209655,1.2747338090320965,-25.28042292902558,0,3.0
LTCUSDT,2019-06-07 00:00:00+00:00,2021-06-06 00:00:00+00:00,3.0,1.15,0.15,-23.18637933975206,0.7681362066024794,-25.08012786990369,0,3.0
LTCUSDT,2019-12-04 00:00:00+00:00,2021-12-03 00:00:00+00:00,3.0,1.15,0.15,18.700852533957722,1.1870085253395772,-25.04158355102415,0,3.0
LTCUSDT,2020-06-01 00:00:00+00:00,2022-06-01 00:00:00+00:00,3.0,1.15,0.15,-16.974510054297333,0.8302548994570267,-25.214322603934725,0,3.0
LTCUSDT,2020-11-28 00:00:00+00:00,2022-11-28 00:00:00+00:00,3.0,1.15,0.15,3.274820676813861,1.0327482067681386,-25.214322603934647,0,3.0
LTCUSDT,2021-05-27 00:00:00+00:00,2023-05-27 00:00:00+00:00,3.0,1.15,0.15,12.46594155559022,1.1246594155559022,-25.034262355612668,0,3.0
LTCUSDT,2021-11-23 00:00:00+00:00,2023-11-23 00:00:00+00:00,3.0,1.15,0.15,-19.743153028230374,0.8025684697176962,-25.032542573997198,0,3.0
LTCUSDT,2022-05-22 00:00:00+00:00,2024-05-21 00:00:00+00:00,3.0,1.15,0.15,-22.934686322976518,0.7706531367702348,-25.026088610174856,0,3.0
LTCUSDT,2022-11-18 00:00:00+00:00,2024-11-17 00:00:00+00:00,3.0,1.15,0.15,-14.792949934932754,0.8520705006506725,-25.018251856474016,0,3.0
LTCUSDT,2023-05-17 00:00:00+00:00,2025-05-16 00:00:00+00:00,3.0,1.15,0.15,-24.01207917406909,0.7598792082593091,-25.068354705376073,0,3.0
LTCUSDT,2023-11-13 00:00:00+00:00,2025-11-12 00:00:00+00:00,3.0,1.15,0.15,-1.192546755560675,0.9880745324443932,-25.033558629406894,0,3.0
LTCUSDT,2024-05-11 00:00:00+00:00,2026-05-11 00:00:00+00:00,3.0,1.15,0.15,2.141750869596515,1.0214175086959651,-25.033558629406972,0,3.0
SOLUSDT,2020-08-12 00:00:00+00:00,2022-08-12 00:00:00+00:00,3.0,1.15,0.15,-21.277274458581473,0.7872272554141853,-25.882855666615768,0,3.0
SOLUSDT,2021-02-08 00:00:00+00:00,2023-02-08 00:00:00+00:00,3.0,1.15,0.15,-0.12144653338711509,0.9987855346661288,-25.15780439967905,0,3.0
SOLUSDT,2021-08-07 00:00:00+00:00,2023-08-07 00:00:00+00:00,3.0,1.15,0.15,60.33426889288567,1.6033426889288567,-26.01726265419937,0,3.0
SOLUSDT,2022-02-03 00:00:00+00:00,2024-02-03 00:00:00+00:00,3.0,1.15,0.15,-19.059078224833137,0.8094092177516686,-25.020222126210314,0,3.0
SOLUSDT,2022-08-02 00:00:00+00:00,2024-08-01 00:00:00+00:00,3.0,1.15,0.15,-22.915293088474442,0.7708470691152556,-25.270966220257797,0,3.0
SOLUSDT,2023-01-29 00:00:00+00:00,2025-01-28 00:00:00+00:00,3.0,1.15,0.15,-4.100900088658221,0.9589909991134178,-25.136467646134896,0,3.0
SOLUSDT,2023-07-28 00:00:00+00:00,2025-07-27 00:00:00+00:00,3.0,1.15,0.15,17.35943996623206,1.1735943996623206,-25.136467646134896,0,3.0
SOLUSDT,2024-01-24 00:00:00+00:00,2026-01-23 00:00:00+00:00,3.0,1.15,0.15,-16.432985192722306,0.835670148072777,-37.76995844507369,0,3.0
SOLUSDT,2024-07-22 00:00:00+00:00,2026-07-22 00:00:00+00:00,3.0,1.15,0.15,-25.052274103623727,0.7494772589637627,-25.052274103623727,0,3.0
AVAXUSDT,2020-09-23 00:00:00+00:00,2022-09-23 00:00:00+00:00,3.0,1.15,0.15,67.45573572539196,1.6745573572539196,-26.19846583698793,0,3.0
AVAXUSDT,2021-03-22 00:00:00+00:00,2023-03-22 00:00:00+00:00,3.0,1.15,0.15,-17.193842039181217,0.8280615796081878,-25.002018922066547,0,3.0
AVAXUSDT,2021-09-18 00:00:00+00:00,2023-09-18 00:00:00+00:00,3.0,1.15,0.15,-13.077976791517031,0.8692202320848297,-25.381037531185758,0,3.0
AVAXUSDT,2022-03-17 00:00:00+00:00,2024-03-16 00:00:00+00:00,3.0,1.15,0.15,-22.63698535269355,0.7736301464730645,-25.08095231661095,0,3.0
AVAXUSDT,2022-09-13 00:00:00+00:00,2024-09-12 00:00:00+00:00,3.0,1.15,0.15,21.48238785760086,1.2148238785760086,-25.044506329553904,0,3.0
AVAXUSDT,2023-03-12 00:00:00+00:00,2025-03-11 00:00:00+00:00,3.0,1.15,0.15,2.946203733374375,1.0294620373337438,-25.02353586438588,0,3.0
AVAXUSDT,2023-09-08 00:00:00+00:00,2025-09-07 00:00:00+00:00,3.0,1.15,0.15,19.913600674411526,1.1991360067441152,-25.023535864386016,0,3.0
AVAXUSDT,2024-03-06 00:00:00+00:00,2026-03-06 00:00:00+00:00,3.0,1.15,0.15,0.7989058636640678,1.0079890586366407,-25.185133470458474,0,3.0
BTCUSDT,2017-08-18 00:00:00+00:00,2019-08-18 00:00:00+00:00,3.0,1.2,0.1,12.009785901581571,1.1200978590158157,-20.992630066451312,0,3.0
BTCUSDT,2018-02-14 00:00:00+00:00,2020-02-14 00:00:00+00:00,3.0,1.2,0.1,35.95637377260734,1.3595637377260734,-17.766674167542007,0,3.0
BTCUSDT,2018-08-13 00:00:00+00:00,2020-08-12 00:00:00+00:00,3.0,1.2,0.1,46.20187124253772,1.4620187124253772,-17.766674167542007,0,3.0
BTCUSDT,2019-02-09 00:00:00+00:00,2021-02-08 00:00:00+00:00,3.0,1.2,0.1,28.670021904157885,1.2867002190415788,-24.41923354475708,0,3.0
BTCUSDT,2019-08-08 00:00:00+00:00,2021-08-07 00:00:00+00:00,3.0,1.2,0.1,53.91238505416498,1.5391238505416498,-21.556156855256337,0,3.0
BTCUSDT,2020-02-04 00:00:00+00:00,2022-02-03 00:00:00+00:00,3.0,1.2,0.1,49.59184934487968,1.4959184934487968,-21.55615685525637,0,3.0
BTCUSDT,2020-08-02 00:00:00+00:00,2022-08-02 00:00:00+00:00,3.0,1.2,0.1,32.05236214875431,1.320523621487543,-21.556156855256383,0,3.0
BTCUSDT,2021-01-29 00:00:00+00:00,2023-01-29 00:00:00+00:00,3.0,1.2,0.1,-17.773569402685663,0.8222643059731434,-20.176656975623697,0,3.0
BTCUSDT,2021-07-28 00:00:00+00:00,2023-07-28 00:00:00+00:00,3.0,1.2,0.1,-13.83748352734383,0.8616251647265617,-19.127189197486636,0,3.0
BTCUSDT,2022-01-24 00:00:00+00:00,2024-01-24 00:00:00+00:00,3.0,1.2,0.1,0.5164671915759422,1.0051646719157594,-16.845160133726367,0,3.0
BTCUSDT,2022-07-23 00:00:00+00:00,2024-07-22 00:00:00+00:00,3.0,1.2,0.1,22.627174664149187,1.2262717466414919,-16.845160133726335,0,3.0
BTCUSDT,2023-01-19 00:00:00+00:00,2025-01-18 00:00:00+00:00,3.0,1.2,0.1,23.558052375943884,1.2355805237594388,-17.63307930361895,0,3.0
BTCUSDT,2023-07-18 00:00:00+00:00,2025-07-17 00:00:00+00:00,3.0,1.2,0.1,49.27676984913136,1.4927676984913136,-17.63307930361899,0,3.0
BTCUSDT,2024-01-14 00:00:00+00:00,2026-01-13 00:00:00+00:00,3.0,1.2,0.1,40.1263162467564,1.401263162467564,-17.633079303618928,0,3.0
BTCUSDT,2024-07-12 00:00:00+00:00,2026-07-12 00:00:00+00:00,3.0,1.2,0.1,31.44422224206791,1.314442222420679,-13.141012663458174,0,3.0
ETHUSDT,2017-08-18 00:00:00+00:00,2019-08-18 00:00:00+00:00,3.0,1.2,0.1,0.8446571763796484,1.0084465717637965,-20.783729237044636,0,3.0
ETHUSDT,2018-02-14 00:00:00+00:00,2020-02-14 00:00:00+00:00,3.0,1.2,0.1,6.732359310799363,1.0673235931079936,-20.111862343651442,0,3.0
ETHUSDT,2018-08-13 00:00:00+00:00,2020-08-12 00:00:00+00:00,3.0,1.2,0.1,-7.7889671629676975,0.922110328370323,-20.11186238081989,0,3.0
ETHUSDT,2019-02-09 00:00:00+00:00,2021-02-08 00:00:00+00:00,3.0,1.2,0.1,3.7509021259218622,1.0375090212592186,-20.111862380819645,0,3.0
ETHUSDT,2019-08-08 00:00:00+00:00,2021-08-07 00:00:00+00:00,3.0,1.2,0.1,246.36576297295426,3.4636576297295427,-20.990459866404166,0,3.0
ETHUSDT,2020-02-04 00:00:00+00:00,2022-02-03 00:00:00+00:00,3.0,1.2,0.1,228.71043144396032,3.287104314439603,-20.990459866404155,0,3.0
ETHUSDT,2020-08-02 00:00:00+00:00,2022-08-02 00:00:00+00:00,3.0,1.2,0.1,129.54734052392155,2.2954734052392154,-20.990459866404144,0,3.0
ETHUSDT,2021-01-29 00:00:00+00:00,2023-01-29 00:00:00+00:00,3.0,1.2,0.1,-2.249226677579952,0.9775077332242005,-20.06977881724762,0,3.0
ETHUSDT,2021-07-28 00:00:00+00:00,2023-07-28 00:00:00+00:00,3.0,1.2,0.1,5.088337990662883,1.0508833799066288,-20.06955288312311,0,3.0
ETHUSDT,2022-01-24 00:00:00+00:00,2024-01-24 00:00:00+00:00,3.0,1.2,0.1,-12.902494275546672,0.8709750572445333,-19.11135379107002,0,3.0
ETHUSDT,2022-07-23 00:00:00+00:00,2024-07-22 00:00:00+00:00,3.0,1.2,0.1,-10.812688941591041,0.8918731105840896,-18.300170754831203,0,3.0
ETHUSDT,2023-01-19 00:00:00+00:00,2025-01-18 00:00:00+00:00,3.0,1.2,0.1,-15.833758463482761,0.8416624153651724,-18.569983488307408,0,3.0
ETHUSDT,2023-07-18 00:00:00+00:00,2025-07-17 00:00:00+00:00,3.0,1.2,0.1,0.7809936274664864,1.0078099362746649,-26.47889443906394,0,3.0
ETHUSDT,2024-01-14 00:00:00+00:00,2026-01-13 00:00:00+00:00,3.0,1.2,0.1,0.7147672886404388,1.0071476728864044,-26.478894439063904,0,3.0
ETHUSDT,2024-07-12 00:00:00+00:00,2026-07-12 00:00:00+00:00,3.0,1.2,0.1,28.748159669229544,1.2874815966922954,-16.082354625392924,0,3.0
BNBUSDT,2017-11-07 00:00:00+00:00,2019-11-07 00:00:00+00:00,3.0,1.2,0.1,3.1168653989785966,1.031168653989786,-20.753546366290323,0,3.0
BNBUSDT,2018-05-06 00:00:00+00:00,2020-05-05 00:00:00+00:00,3.0,1.2,0.1,-2.3665155479404287,0.9763348445205957,-18.13161481228628,0,3.0
BNBUSDT,2018-11-02 00:00:00+00:00,2020-11-01 00:00:00+00:00,3.0,1.2,0.1,3.3214694331429984,1.03321469433143,-19.84319437722527,0,3.0
BNBUSDT,2019-05-01 00:00:00+00:00,2021-04-30 00:00:00+00:00,3.0,1.2,0.1,-8.982841116431839,0.9101715888356816,-20.16446344204933,0,3.0
BNBUSDT,2019-10-28 00:00:00+00:00,2021-10-27 00:00:00+00:00,3.0,1.2,0.1,4.863305547094621,1.0486330554709462,-20.307721687425783,0,3.0
BNBUSDT,2020-04-25 00:00:00+00:00,2022-04-25 00:00:00+00:00,3.0,1.2,0.1,-22.145715394870603,0.778542846051294,-28.597541223973376,0,3.0
BNBUSDT,2020-10-22 00:00:00+00:00,2022-10-22 00:00:00+00:00,3.0,1.2,0.1,138.881710520225,2.38881710520225,-21.36541289881463,0,3.0
BNBUSDT,2021-04-20 00:00:00+00:00,2023-04-20 00:00:00+00:00,3.0,1.2,0.1,-20.076409817249473,0.7992359018275053,-20.076409817249473,0,3.0
BNBUSDT,2021-10-17 00:00:00+00:00,2023-10-17 00:00:00+00:00,3.0,1.2,0.1,12.345731496020672,1.1234573149602067,-20.10134364042877,0,3.0
BNBUSDT,2022-04-15 00:00:00+00:00,2024-04-14 00:00:00+00:00,3.0,1.2,0.1,-17.042276223748686,0.8295772377625131,-20.059883775823106,0,3.0
BNBUSDT,2022-10-12 00:00:00+00:00,2024-10-11 00:00:00+00:00,3.0,1.2,0.1,22.177463162763942,1.2217746316276394,-19.8756823541968,0,3.0
BNBUSDT,2023-04-10 00:00:00+00:00,2025-04-09 00:00:00+00:00,3.0,1.2,0.1,28.347185303448065,1.2834718530344806,-20.218731395869415,0,3.0
BNBUSDT,2023-10-07 00:00:00+00:00,2025-10-06 00:00:00+00:00,3.0,1.2,0.1,28.207667876481036,1.2820766787648104,-20.218731395869437,0,3.0
BNBUSDT,2024-04-04 00:00:00+00:00,2026-04-04 00:00:00+00:00,3.0,1.2,0.1,-13.185492970165757,0.8681450702983424,-20.0911919639978,0,3.0
XRPUSDT,2018-05-05 00:00:00+00:00,2020-05-04 00:00:00+00:00,3.0,1.2,0.1,25.299659817609268,1.2529965981760927,-51.9513916656992,0,3.0
XRPUSDT,2018-11-01 00:00:00+00:00,2020-10-31 00:00:00+00:00,3.0,1.2,0.1,-2.3194058723965627,0.9768059412760344,-19.9368191349241,0,3.0
XRPUSDT,2019-04-30 00:00:00+00:00,2021-04-29 00:00:00+00:00,3.0,1.2,0.1,19.241663008391853,1.1924166300839185,-19.93681913492401,0,3.0
XRPUSDT,2019-10-27 00:00:00+00:00,2021-10-26 00:00:00+00:00,3.0,1.2,0.1,-12.791827111972687,0.8720817288802731,-19.992544992995665,0,3.0
XRPUSDT,2020-04-24 00:00:00+00:00,2022-04-24 00:00:00+00:00,3.0,1.2,0.1,-10.431372163828234,0.8956862783617177,-20.166157719827417,0,3.0
XRPUSDT,2020-10-21 00:00:00+00:00,2022-10-21 00:00:00+00:00,3.0,1.2,0.1,149.95490562422336,2.4995490562422336,-20.35526534544132,0,3.0
XRPUSDT,2021-04-19 00:00:00+00:00,2023-04-19 00:00:00+00:00,3.0,1.2,0.1,-15.561820651159476,0.8443817934884053,-20.249349531253657,0,0.75
XRPUSDT,2021-10-16 00:00:00+00:00,2023-10-16 00:00:00+00:00,3.0,1.2,0.1,-18.8015869937451,0.811984130062549,-20.050162197164433,0,0.75
XRPUSDT,2022-04-14 00:00:00+00:00,2024-04-13 00:00:00+00:00,3.0,1.2,0.1,-8.92930562678622,0.9107069437321378,-20.019207119864912,0,3.0
XRPUSDT,2022-10-11 00:00:00+00:00,2024-10-10 00:00:00+00:00,3.0,1.2,0.1,-20.01932714424055,0.7998067285575945,-20.150548261416002,0,3.0
XRPUSDT,2023-04-09 00:00:00+00:00,2025-04-08 00:00:00+00:00,3.0,1.2,0.1,4.081413596559957,1.0408141359655996,-20.14908433950515,0,3.0
XRPUSDT,2023-10-06 00:00:00+00:00,2025-10-05 00:00:00+00:00,3.0,1.2,0.1,-2.54330938752817,0.9745669061247183,-20.07157333399069,0,3.0
XRPUSDT,2024-04-03 00:00:00+00:00,2026-04-03 00:00:00+00:00,3.0,1.2,0.1,21.158668609274443,1.2115866860927444,-21.45377157480994,0,3.0
ADAUSDT,2018-04-18 00:00:00+00:00,2020-04-17 00:00:00+00:00,3.0,1.2,0.1,-12.157331139987148,0.8784266886001285,-20.48014500337495,0,3.0
ADAUSDT,2018-10-15 00:00:00+00:00,2020-10-14 00:00:00+00:00,3.0,1.2,0.1,-6.503290248828697,0.934967097511713,-20.48014500337495,0,3.0
ADAUSDT,2019-04-13 00:00:00+00:00,2021-04-12 00:00:00+00:00,3.0,1.2,0.1,26.153962862455018,1.2615396286245502,-20.11492325891814,0,3.0
ADAUSDT,2019-10-10 00:00:00+00:00,2021-10-09 00:00:00+00:00,3.0,1.2,0.1,-1.6677616526968642,0.9833223834730314,-20.045240930953156,0,3.0
ADAUSDT,2020-04-07 00:00:00+00:00,2022-04-07 00:00:00+00:00,3.0,1.2,0.1,9.021154905210338,1.0902115490521034,-20.045240930953156,0,3.0
ADAUSDT,2020-10-04 00:00:00+00:00,2022-10-04 00:00:00+00:00,3.0,1.2,0.1,-23.939427997313256,0.7606057200268674,-24.278393381038143,0,3.0
ADAUSDT,2021-04-02 00:00:00+00:00,2023-04-02 00:00:00+00:00,3.0,1.2,0.1,-8.835159834809192,0.9116484016519081,-20.24110047001717,0,3.0
ADAUSDT,2021-09-29 00:00:00+00:00,2023-09-29 00:00:00+00:00,3.0,1.2,0.1,-18.484250579678317,0.8151574942032168,-19.993201976696795,0,3.0
ADAUSDT,2022-03-28 00:00:00+00:00,2024-03-27 00:00:00+00:00,3.0,1.2,0.1,-16.281525617718383,0.8371847438228162,-20.27658230149768,0,3.0
ADAUSDT,2022-09-24 00:00:00+00:00,2024-09-23 00:00:00+00:00,3.0,1.2,0.1,-12.775776530761796,0.872242234692382,-20.226023781168635,0,3.0
ADAUSDT,2023-03-23 00:00:00+00:00,2025-03-22 00:00:00+00:00,3.0,1.2,0.1,-13.378825833620134,0.8662117416637987,-20.12938384407996,0,3.0
ADAUSDT,2023-09-19 00:00:00+00:00,2025-09-18 00:00:00+00:00,3.0,1.2,0.1,19.249718774209956,1.1924971877420996,-20.176267870081066,0,3.0
ADAUSDT,2024-03-17 00:00:00+00:00,2026-03-17 00:00:00+00:00,3.0,1.2,0.1,92.67758107511632,1.9267758107511632,-24.22492074860361,0,3.0
DOGEUSDT,2019-07-06 00:00:00+00:00,2021-07-05 00:00:00+00:00,3.0,1.2,0.1,12.581976561253128,1.1258197656125313,-20.325130137836467,0,3.0
DOGEUSDT,2020-01-02 00:00:00+00:00,2022-01-01 00:00:00+00:00,3.0,1.2,0.1,12.971977112883003,1.12971977112883,-20.325130137836545,0,3.0
DOGEUSDT,2020-06-30 00:00:00+00:00,2022-06-30 00:00:00+00:00,3.0,1.2,0.1,48.099691827960456,1.4809969182796046,-47.114776340723274,0,3.0
DOGEUSDT,2020-12-27 00:00:00+00:00,2022-12-27 00:00:00+00:00,3.0,1.2,0.1,91.34601299610034,1.9134601299610035,-22.28435077013757,0,3.0
DOGEUSDT,2021-06-25 00:00:00+00:00,2023-06-25 00:00:00+00:00,3.0,1.2,0.1,-19.54091525690621,0.8045908474309379,-20.04556958507232,0,3.0
DOGEUSDT,2021-12-22 00:00:00+00:00,2023-12-22 00:00:00+00:00,3.0,1.2,0.1,-14.61775310748752,0.8538224689251248,-20.12769634054825,0,3.0
DOGEUSDT,2022-06-20 00:00:00+00:00,2024-06-19 00:00:00+00:00,3.0,1.2,0.1,38.32944781481766,1.3832944781481766,-19.98716128397009,0,3.0
DOGEUSDT,2022-12-17 00:00:00+00:00,2024-12-16 00:00:00+00:00,3.0,1.2,0.1,-14.42641726755265,0.8557358273244735,-20.277837391077913,0,0.75
DOGEUSDT,2023-06-15 00:00:00+00:00,2025-06-14 00:00:00+00:00,3.0,1.2,0.1,88.00736669128246,1.8800736669128246,-21.08775712981361,0,3.0
DOGEUSDT,2023-12-12 00:00:00+00:00,2025-12-11 00:00:00+00:00,3.0,1.2,0.1,133.1854696014026,2.331854696014026,-21.08775712981361,0,3.0
DOGEUSDT,2024-06-09 00:00:00+00:00,2026-06-09 00:00:00+00:00,3.0,1.2,0.1,141.75028150858427,2.4175028150858426,-21.087757129813532,0,3.0
LINKUSDT,2019-01-17 00:00:00+00:00,2021-01-16 00:00:00+00:00,3.0,1.2,0.1,-8.630986856872324,0.9136901314312768,-22.325410589934247,0,3.0
LINKUSDT,2019-07-16 00:00:00+00:00,2021-07-15 00:00:00+00:00,3.0,1.2,0.1,-6.679703045442631,0.9332029695455737,-25.47679063272341,0,3.0
LINKUSDT,2020-01-12 00:00:00+00:00,2022-01-11 00:00:00+00:00,3.0,1.2,0.1,6.341701361230001,1.0634170136123,-20.07187340448533,0,3.0
LINKUSDT,2020-07-10 00:00:00+00:00,2022-07-10 00:00:00+00:00,3.0,1.2,0.1,45.85976696900327,1.4585976696900327,-19.973519047899245,0,3.0
LINKUSDT,2021-01-06 00:00:00+00:00,2023-01-06 00:00:00+00:00,3.0,1.2,0.1,-6.219708978220984,0.9378029102177902,-20.020488427716288,0,3.0
LINKUSDT,2021-07-05 00:00:00+00:00,2023-07-05 00:00:00+00:00,3.0,1.2,0.1,-13.318814708274507,0.8668118529172549,-20.142718108047074,0,3.0
LINKUSDT,2022-01-01 00:00:00+00:00,2024-01-01 00:00:00+00:00,3.0,1.2,0.1,-14.154415498079365,0.8584558450192064,-20.126071322644247,0,0.75
LINKUSDT,2022-06-30 00:00:00+00:00,2024-06-29 00:00:00+00:00,3.0,1.2,0.1,-15.36475922911713,0.8463524077088287,-20.0251350831004,0,3.0
LINKUSDT,2022-12-27 00:00:00+00:00,2024-12-26 00:00:00+00:00,3.0,1.2,0.1,-15.699921593835208,0.8430007840616479,-20.063185996121913,0,3.0
LINKUSDT,2023-06-25 00:00:00+00:00,2025-06-24 00:00:00+00:00,3.0,1.2,0.1,19.378943496935563,1.1937894349693556,-20.09360065783037,0,3.0
LINKUSDT,2023-12-22 00:00:00+00:00,2025-12-21 00:00:00+00:00,3.0,1.2,0.1,-14.328710559672897,0.856712894403271,-20.06599904466767,0,3.0
LINKUSDT,2024-06-19 00:00:00+00:00,2026-06-19 00:00:00+00:00,3.0,1.2,0.1,-10.572184680858443,0.8942781531914156,-20.211570943108825,0,3.0
LTCUSDT,2017-12-14 00:00:00+00:00,2019-12-14 00:00:00+00:00,3.0,1.2,0.1,-18.753200459054842,0.8124679954094516,-19.676513955844264,0,3.0
LTCUSDT,2018-06-12 00:00:00+00:00,2020-06-11 00:00:00+00:00,3.0,1.2,0.1,-17.048326345699117,0.8295167365430088,-20.079576972545475,0,3.0
LTCUSDT,2018-12-09 00:00:00+00:00,2020-12-08 00:00:00+00:00,3.0,1.2,0.1,-15.914904723916855,0.8408509527608314,-20.07957697254553,0,3.0
LTCUSDT,2019-06-07 00:00:00+00:00,2021-06-06 00:00:00+00:00,3.0,1.2,0.1,-18.17364481332887,0.8182635518667113,-20.19097635597047,0,3.0
LTCUSDT,2019-12-04 00:00:00+00:00,2021-12-03 00:00:00+00:00,3.0,1.2,0.1,10.952072832313654,1.1095207283231365,-20.389175014188975,0,3.0
LTCUSDT,2020-06-01 00:00:00+00:00,2022-06-01 00:00:00+00:00,3.0,1.2,0.1,-9.83847004146945,0.9016152995853055,-20.055778684964455,0,3.0
LTCUSDT,2020-11-28 00:00:00+00:00,2022-11-28 00:00:00+00:00,3.0,1.2,0.1,9.379532074911868,1.0937953207491187,-20.232864439753527,0,3.0
LTCUSDT,2021-05-27 00:00:00+00:00,2023-05-27 00:00:00+00:00,3.0,1.2,0.1,-12.519097072077301,0.874809029279227,-20.08593863774466,0,3.0
LTCUSDT,2021-11-23 00:00:00+00:00,2023-11-23 00:00:00+00:00,3.0,1.2,0.1,-14.630559700404945,0.8536944029959506,-20.256898661957678,0,0.75
LTCUSDT,2022-05-22 00:00:00+00:00,2024-05-21 00:00:00+00:00,3.0,1.2,0.1,-17.861444297019702,0.821385557029803,-20.09052447677894,0,0.75
LTCUSDT,2022-11-18 00:00:00+00:00,2024-11-17 00:00:00+00:00,3.0,1.2,0.1,-9.251073041774516,0.9074892695822548,-20.14142984317939,0,3.0
LTCUSDT,2023-05-17 00:00:00+00:00,2025-05-16 00:00:00+00:00,3.0,1.2,0.1,-12.234293056526447,0.8776570694347355,-20.21580131849988,0,3.0
LTCUSDT,2023-11-13 00:00:00+00:00,2025-11-12 00:00:00+00:00,3.0,1.2,0.1,-12.539771771897678,0.8746022822810232,-20.123653071492043,0,3.0
LTCUSDT,2024-05-11 00:00:00+00:00,2026-05-11 00:00:00+00:00,3.0,1.2,0.1,5.361190128067861,1.0536119012806786,-20.239748356183938,0,3.0
SOLUSDT,2020-08-12 00:00:00+00:00,2022-08-12 00:00:00+00:00,3.0,1.2,0.1,-16.47588188774276,0.8352411811225724,-21.055775799672894,0,3.0
SOLUSDT,2021-02-08 00:00:00+00:00,2023-02-08 00:00:00+00:00,3.0,1.2,0.1,-12.725509039941063,0.8727449096005894,-20.21845876981453,0,3.0
SOLUSDT,2021-08-07 00:00:00+00:00,2023-08-07 00:00:00+00:00,3.0,1.2,0.1,30.564459718105,1.30564459718105,-21.695492624288025,0,3.0
SOLUSDT,2022-02-03 00:00:00+00:00,2024-02-03 00:00:00+00:00,3.0,1.2,0.1,-13.702777649690379,0.8629722235030962,-20.058402832070843,0,3.0
SOLUSDT,2022-08-02 00:00:00+00:00,2024-08-01 00:00:00+00:00,3.0,1.2,0.1,21.458828434283085,1.2145882843428308,-20.03686010099319,0,3.0
SOLUSDT,2023-01-29 00:00:00+00:00,2025-01-28 00:00:00+00:00,3.0,1.2,0.1,-9.814774983698948,0.9018522501630105,-20.17598250282865,0,3.0
SOLUSDT,2023-07-28 00:00:00+00:00,2025-07-27 00:00:00+00:00,3.0,1.2,0.1,13.242782757551597,1.132427827575516,-20.17598250282857,0,3.0
SOLUSDT,2024-01-24 00:00:00+00:00,2026-01-23 00:00:00+00:00,3.0,1.2,0.1,11.571428867948551,1.1157142886794855,-20.04013408878701,0,3.0
SOLUSDT,2024-07-22 00:00:00+00:00,2026-07-22 00:00:00+00:00,3.0,1.2,0.1,-14.544055412720514,0.8545594458727949,-20.01340572861794,0,3.0
AVAXUSDT,2020-09-23 00:00:00+00:00,2022-09-23 00:00:00+00:00,3.0,1.2,0.1,46.969028237395506,1.469690282373955,-26.19846583698796,0,3.0
AVAXUSDT,2021-03-22 00:00:00+00:00,2023-03-22 00:00:00+00:00,3.0,1.2,0.1,-12.79209719676383,0.8720790280323617,-19.945320135483758,0,3.0
AVAXUSDT,2021-09-18 00:00:00+00:00,2023-09-18 00:00:00+00:00,3.0,1.2,0.1,-6.821817893298265,0.9317818210670173,-20.010383825790136,0,3.0
AVAXUSDT,2022-03-17 00:00:00+00:00,2024-03-16 00:00:00+00:00,3.0,1.2,0.1,-15.504964366575201,0.844950356334248,-20.00434686243303,0,0.75
AVAXUSDT,2022-09-13 00:00:00+00:00,2024-09-12 00:00:00+00:00,3.0,1.2,0.1,4.090085612348915,1.0409008561234891,-21.721594025245196,0,3.0
AVAXUSDT,2023-03-12 00:00:00+00:00,2025-03-11 00:00:00+00:00,3.0,1.2,0.1,-12.230629607187172,0.8776937039281283,-19.98492359507046,0,3.0
AVAXUSDT,2023-09-08 00:00:00+00:00,2025-09-07 00:00:00+00:00,3.0,1.2,0.1,-15.95436576828584,0.8404563423171416,-20.446994946815366,0,3.0
AVAXUSDT,2024-03-06 00:00:00+00:00,2026-03-06 00:00:00+00:00,3.0,1.2,0.1,-4.927730888412352,0.9507226911158765,-20.67166339515183,0,3.0
BTCUSDT,2017-08-18 00:00:00+00:00,2019-08-18 00:00:00+00:00,3.0,1.2,0.15,15.066571714860011,1.1506657171486,-25.419066153422943,0,3.0
BTCUSDT,2018-02-14 00:00:00+00:00,2020-02-14 00:00:00+00:00,3.0,1.2,0.15,32.0593307801504,1.320593307801504,-21.63531977465787,0,3.0
BTCUSDT,2018-08-13 00:00:00+00:00,2020-08-12 00:00:00+00:00,3.0,1.2,0.15,47.878301404793746,1.4787830140479374,-21.635319774657813,0,3.0
BTCUSDT,2019-02-09 00:00:00+00:00,2021-02-08 00:00:00+00:00,3.0,1.2,0.15,21.1956854724324,1.211956854724324,-28.725231530212902,0,3.0
BTCUSDT,2019-08-08 00:00:00+00:00,2021-08-07 00:00:00+00:00,3.0,1.2,0.15,-9.276377070932384,0.9072362292906762,-28.725231530212625,0,3.0
BTCUSDT,2020-02-04 00:00:00+00:00,2022-02-03 00:00:00+00:00,3.0,1.2,0.15,-11.823115934102757,0.8817688406589724,-28.725231530212557,0,3.0
BTCUSDT,2020-08-02 00:00:00+00:00,2022-08-02 00:00:00+00:00,3.0,1.2,0.15,-28.22556865997844,0.7177443134002156,-29.17794647947999,0,3.0
BTCUSDT,2021-01-29 00:00:00+00:00,2023-01-29 00:00:00+00:00,3.0,1.2,0.15,-15.769569669909444,0.8423043033009056,-23.791724679537896,0,3.0
BTCUSDT,2021-07-28 00:00:00+00:00,2023-07-28 00:00:00+00:00,3.0,1.2,0.15,-21.92032331297763,0.7807967668702237,-24.90344575894763,0,3.0
BTCUSDT,2022-01-24 00:00:00+00:00,2024-01-24 00:00:00+00:00,3.0,1.2,0.15,-9.036284467823187,0.9096371553217681,-23.429492627241522,0,3.0
BTCUSDT,2022-07-23 00:00:00+00:00,2024-07-22 00:00:00+00:00,3.0,1.2,0.15,-0.35630569634441667,0.9964369430365558,-23.429492627241565,0,3.0
BTCUSDT,2023-01-19 00:00:00+00:00,2025-01-18 00:00:00+00:00,3.0,1.2,0.15,21.335382408183847,1.2133538240818385,-23.42949262724169,0,3.0
BTCUSDT,2023-07-18 00:00:00+00:00,2025-07-17 00:00:00+00:00,3.0,1.2,0.15,79.06855196422833,1.7906855196422833,-19.058557283817557,0,3.0
BTCUSDT,2024-01-14 00:00:00+00:00,2026-01-13 00:00:00+00:00,3.0,1.2,0.15,68.53842235379264,1.6853842235379264,-19.058557283817734,0,3.0
BTCUSDT,2024-07-12 00:00:00+00:00,2026-07-12 00:00:00+00:00,3.0,1.2,0.15,33.453913467625185,1.3345391346762518,-12.006557559346199,0,3.0
ETHUSDT,2017-08-18 00:00:00+00:00,2019-08-18 00:00:00+00:00,3.0,1.2,0.15,-3.5421852543627286,0.9645781474563727,-25.55115323684567,0,3.0
ETHUSDT,2018-02-14 00:00:00+00:00,2020-02-14 00:00:00+00:00,3.0,1.2,0.15,5.202779624057552,1.0520277962405755,-25.011870835684668,0,3.0
ETHUSDT,2018-08-13 00:00:00+00:00,2020-08-12 00:00:00+00:00,3.0,1.2,0.15,19.47317957239556,1.1947317957239556,-25.0118708357293,0,3.0
ETHUSDT,2019-02-09 00:00:00+00:00,2021-02-08 00:00:00+00:00,3.0,1.2,0.15,187.67503324263978,2.876750332426398,-25.192872707779358,0,3.0
ETHUSDT,2019-08-08 00:00:00+00:00,2021-08-07 00:00:00+00:00,3.0,1.2,0.15,202.08218452750705,3.0208218452750706,-25.1928727077793,0,3.0
ETHUSDT,2020-02-04 00:00:00+00:00,2022-02-03 00:00:00+00:00,3.0,1.2,0.15,186.68412361335035,2.8668412361335034,-25.1928727077794,0,3.0
ETHUSDT,2020-08-02 00:00:00+00:00,2022-08-02 00:00:00+00:00,3.0,1.2,0.15,113.40457118326981,2.134045711832698,-25.192872707779358,0,3.0
ETHUSDT,2021-01-29 00:00:00+00:00,2023-01-29 00:00:00+00:00,3.0,1.2,0.15,12.429552318168401,1.124295523181684,-25.058173642534477,0,3.0
ETHUSDT,2021-07-28 00:00:00+00:00,2023-07-28 00:00:00+00:00,3.0,1.2,0.15,-0.44030851449059494,0.995596914855094,-25.05671749670678,0,3.0
ETHUSDT,2022-01-24 00:00:00+00:00,2024-01-24 00:00:00+00:00,3.0,1.2,0.15,-17.497177975403943,0.8250282202459606,-22.367382933465052,0,3.0
ETHUSDT,2022-07-23 00:00:00+00:00,2024-07-22 00:00:00+00:00,3.0,1.2,0.15,-15.828809557545053,0.8417119044245495,-22.895176400064965,0,3.0
ETHUSDT,2023-01-19 00:00:00+00:00,2025-01-18 00:00:00+00:00,3.0,1.2,0.15,-20.65887711478762,0.7934112288521238,-26.47889443906393,0,3.0
ETHUSDT,2023-07-18 00:00:00+00:00,2025-07-17 00:00:00+00:00,3.0,1.2,0.15,1.8173604578663793,1.0181736045786638,-26.478894439063883,0,3.0
ETHUSDT,2024-01-14 00:00:00+00:00,2026-01-13 00:00:00+00:00,3.0,1.2,0.15,0.7147672886404388,1.0071476728864044,-26.478894439063904,0,3.0
ETHUSDT,2024-07-12 00:00:00+00:00,2026-07-12 00:00:00+00:00,3.0,1.2,0.15,44.578839926979555,1.4457883992697955,-20.261170321292177,0,3.0
BNBUSDT,2017-11-07 00:00:00+00:00,2019-11-07 00:00:00+00:00,3.0,1.2,0.15,8.415218917062205,1.084152189170622,-28.04815300980796,0,3.0
BNBUSDT,2018-05-06 00:00:00+00:00,2020-05-05 00:00:00+00:00,3.0,1.2,0.15,69.79163337288554,1.6979163337288554,-20.60509315665775,0,3.0
BNBUSDT,2018-11-02 00:00:00+00:00,2020-11-01 00:00:00+00:00,3.0,1.2,0.15,59.567689140679825,1.5956768914067982,-23.41228719895976,0,3.0
BNBUSDT,2019-05-01 00:00:00+00:00,2021-04-30 00:00:00+00:00,3.0,1.2,0.15,49.14749945355632,1.4914749945355632,-32.049452183124416,0,3.0
BNBUSDT,2019-10-28 00:00:00+00:00,2021-10-27 00:00:00+00:00,3.0,1.2,0.15,35.65590376730212,1.3565590376730212,-32.049452183124416,0,3.0
BNBUSDT,2020-04-25 00:00:00+00:00,2022-04-25 00:00:00+00:00,3.0,1.2,0.15,-22.145715394870603,0.778542846051294,-28.597541223973376,0,3.0
BNBUSDT,2020-10-22 00:00:00+00:00,2022-10-22 00:00:00+00:00,3.0,1.2,0.15,75.95597874052666,1.7595597874052666,-32.04945218312445,0,3.0
BNBUSDT,2021-04-20 00:00:00+00:00,2023-04-20 00:00:00+00:00,3.0,1.2,0.15,-24.947082670272447,0.7505291732972755,-25.23766650316891,0,3.0
BNBUSDT,2021-10-17 00:00:00+00:00,2023-10-17 00:00:00+00:00,3.0,1.2,0.15,7.989688761191638,1.0798968876119164,-24.415223190649716,0,3.0
BNBUSDT,2022-04-15 00:00:00+00:00,2024-04-14 00:00:00+00:00,3.0,1.2,0.15,-13.656382721032445,0.8634361727896755,-24.57655331861045,0,3.0
BNBUSDT,2022-10-12 00:00:00+00:00,2024-10-11 00:00:00+00:00,3.0,1.2,0.15,17.253356836217225,1.1725335683621723,-22.65786815723947,0,3.0
BNBUSDT,2023-04-10 00:00:00+00:00,2025-04-09 00:00:00+00:00,3.0,1.2,0.15,19.194696835765555,1.1919469683576556,-25.082971960172383,0,3.0
BNBUSDT,2023-10-07 00:00:00+00:00,2025-10-06 00:00:00+00:00,3.0,1.2,0.15,19.06512845160966,1.1906512845160966,-25.08297196017257,0,3.0
BNBUSDT,2024-04-04 00:00:00+00:00,2026-04-04 00:00:00+00:00,3.0,1.2,0.15,-13.703173071078734,0.8629682692892127,-24.705396478198683,0,3.0
XRPUSDT,2018-05-05 00:00:00+00:00,2020-05-04 00:00:00+00:00,3.0,1.2,0.15,25.299659817609268,1.2529965981760927,-51.9513916656992,0,3.0
XRPUSDT,2018-11-01 00:00:00+00:00,2020-10-31 00:00:00+00:00,3.0,1.2,0.15,5.623571112722892,1.056235711127229,-24.906106601936806,0,3.0
XRPUSDT,2019-04-30 00:00:00+00:00,2021-04-29 00:00:00+00:00,3.0,1.2,0.15,11.840681744208336,1.1184068174420834,-24.906106601936795,0,3.0
XRPUSDT,2019-10-27 00:00:00+00:00,2021-10-26 00:00:00+00:00,3.0,1.2,0.15,-18.404573807641324,0.8159542619235868,-25.14185111704441,0,3.0
XRPUSDT,2020-04-24 00:00:00+00:00,2022-04-24 00:00:00+00:00,3.0,1.2,0.15,169.29332603473335,2.6929332603473335,-33.67659048382393,0,3.0
XRPUSDT,2020-10-21 00:00:00+00:00,2022-10-21 00:00:00+00:00,3.0,1.2,0.15,179.8846882936588,2.798846882936588,-33.67659048382385,0,3.0
XRPUSDT,2021-04-19 00:00:00+00:00,2023-04-19 00:00:00+00:00,3.0,1.2,0.15,-20.620615518475958,0.7937938448152404,-25.027308795269743,0,0.75
XRPUSDT,2021-10-16 00:00:00+00:00,2023-10-16 00:00:00+00:00,3.0,1.2,0.15,-23.884443885106023,0.7611555611489398,-25.054860798946553,0,3.0
XRPUSDT,2022-04-14 00:00:00+00:00,2024-04-13 00:00:00+00:00,3.0,1.2,0.15,-13.856711653078513,0.8614328834692149,-25.143638787412016,0,3.0
XRPUSDT,2022-10-11 00:00:00+00:00,2024-10-10 00:00:00+00:00,3.0,1.2,0.15,-24.95877158691898,0.7504122841308102,-25.081888753541737,0,3.0
XRPUSDT,2023-04-09 00:00:00+00:00,2025-04-08 00:00:00+00:00,3.0,1.2,0.15,45.507066548394825,1.4550706654839483,-25.039122603548225,0,3.0
XRPUSDT,2023-10-06 00:00:00+00:00,2025-10-05 00:00:00+00:00,3.0,1.2,0.15,-8.525923705024407,0.9147407629497559,-24.97817283723527,0,3.0
XRPUSDT,2024-04-03 00:00:00+00:00,2026-04-03 00:00:00+00:00,3.0,1.2,0.15,-4.7955409430918134,0.9520445905690819,-32.20029142594895,0,3.0
ADAUSDT,2018-04-18 00:00:00+00:00,2020-04-17 00:00:00+00:00,3.0,1.2,0.15,-24.065695607126614,0.7593430439287339,-26.966615287042195,0,3.0
ADAUSDT,2018-10-15 00:00:00+00:00,2020-10-14 00:00:00+00:00,3.0,1.2,0.15,-6.223178849386279,0.9377682115061372,-26.966615287043815,0,3.0
ADAUSDT,2019-04-13 00:00:00+00:00,2021-04-12 00:00:00+00:00,3.0,1.2,0.15,18.695495454801183,1.1869549545480118,-24.83788421640233,0,3.0
ADAUSDT,2019-10-10 00:00:00+00:00,2021-10-09 00:00:00+00:00,3.0,1.2,0.15,-9.163148113996423,0.9083685188600358,-25.110626410642222,0,3.0
ADAUSDT,2020-04-07 00:00:00+00:00,2022-04-07 00:00:00+00:00,3.0,1.2,0.15,16.825211541583364,1.1682521154158336,-25.87943746129724,0,3.0
ADAUSDT,2020-10-04 00:00:00+00:00,2022-10-04 00:00:00+00:00,3.0,1.2,0.15,-12.75370328829104,0.8724629671170896,-25.236578935211895,0,3.0
ADAUSDT,2021-04-02 00:00:00+00:00,2023-04-02 00:00:00+00:00,3.0,1.2,0.15,-14.302252432637886,0.8569774756736211,-25.027723102931166,0,3.0
ADAUSDT,2021-09-29 00:00:00+00:00,2023-09-29 00:00:00+00:00,3.0,1.2,0.15,-23.44269656838329,0.7655730343161671,-24.859861359072276,0,3.0
ADAUSDT,2022-03-28 00:00:00+00:00,2024-03-27 00:00:00+00:00,3.0,1.2,0.15,-21.60319366413247,0.7839680633586753,-25.34429964402529,0,3.0
ADAUSDT,2022-09-24 00:00:00+00:00,2024-09-23 00:00:00+00:00,3.0,1.2,0.15,-18.15002856902659,0.8184997143097341,-25.141234685232938,0,3.0
ADAUSDT,2023-03-23 00:00:00+00:00,2025-03-22 00:00:00+00:00,3.0,1.2,0.15,36.750578731410435,1.3675057873141043,-25.011962509649067,0,3.0
ADAUSDT,2023-09-19 00:00:00+00:00,2025-09-18 00:00:00+00:00,3.0,1.2,0.15,47.70736927738124,1.4770736927738124,-25.011962509649166,0,3.0
ADAUSDT,2024-03-17 00:00:00+00:00,2026-03-17 00:00:00+00:00,3.0,1.2,0.15,89.87977363922879,1.8987977363922879,-25.32522561542604,0,3.0
DOGEUSDT,2019-07-06 00:00:00+00:00,2021-07-05 00:00:00+00:00,3.0,1.2,0.15,19.784169225466997,1.19784169225467,-47.11448363276421,0,3.0
DOGEUSDT,2020-01-02 00:00:00+00:00,2022-01-01 00:00:00+00:00,3.0,1.2,0.15,20.199119233464756,1.2019911923346476,-47.114483632764184,0,3.0
DOGEUSDT,2020-06-30 00:00:00+00:00,2022-06-30 00:00:00+00:00,3.0,1.2,0.15,48.099691827960456,1.4809969182796046,-47.114776340723274,0,3.0
DOGEUSDT,2020-12-27 00:00:00+00:00,2022-12-27 00:00:00+00:00,3.0,1.2,0.15,4.773999805830864,1.0477399980583086,-69.17979233953979,0,3.0
DOGEUSDT,2021-06-25 00:00:00+00:00,2023-06-25 00:00:00+00:00,3.0,1.2,0.15,-24.855301637528417,0.7514469836247158,-25.326623146944584,0,3.0
DOGEUSDT,2021-12-22 00:00:00+00:00,2023-12-22 00:00:00+00:00,3.0,1.2,0.15,55.87867273455301,1.55878672734553,-25.215761714641094,0,3.0
DOGEUSDT,2022-06-20 00:00:00+00:00,2024-06-19 00:00:00+00:00,3.0,1.2,0.15,-17.79889294695085,0.8220110705304915,-25.317107914077862,0,3.0
DOGEUSDT,2022-12-17 00:00:00+00:00,2024-12-16 00:00:00+00:00,3.0,1.2,0.15,-19.81336871963022,0.8018663128036978,-25.2964354901155,0,0.75
DOGEUSDT,2023-06-15 00:00:00+00:00,2025-06-14 00:00:00+00:00,3.0,1.2,0.15,79.68645765739002,1.7968645765739002,-25.018131195930383,0,3.0
DOGEUSDT,2023-12-12 00:00:00+00:00,2025-12-11 00:00:00+00:00,3.0,1.2,0.15,135.7866013998049,2.357866013998049,-25.018131195930472,0,3.0
DOGEUSDT,2024-06-09 00:00:00+00:00,2026-06-09 00:00:00+00:00,3.0,1.2,0.15,111.98588817025126,2.1198588817025126,-25.018131195930394,0,3.0
LINKUSDT,2019-01-17 00:00:00+00:00,2021-01-16 00:00:00+00:00,3.0,1.2,0.15,-9.807790105685521,0.9019220989431448,-25.53546347616724,0,3.0
LINKUSDT,2019-07-16 00:00:00+00:00,2021-07-15 00:00:00+00:00,3.0,1.2,0.15,-4.338790832676032,0.9566120916732397,-25.476790632723436,0,3.0
LINKUSDT,2020-01-12 00:00:00+00:00,2022-01-11 00:00:00+00:00,3.0,1.2,0.15,32.81487646692409,1.328148764669241,-26.738007853092892,0,3.0
LINKUSDT,2020-07-10 00:00:00+00:00,2022-07-10 00:00:00+00:00,3.0,1.2,0.15,45.88311578174136,1.4588311578174136,-24.98584893791177,0,3.0
LINKUSDT,2021-01-06 00:00:00+00:00,2023-01-06 00:00:00+00:00,3.0,1.2,0.15,-12.077927281642186,0.8792207271835781,-25.01660683902116,0,3.0
LINKUSDT,2021-07-05 00:00:00+00:00,2023-07-05 00:00:00+00:00,3.0,1.2,0.15,-18.660942394439893,0.8133905760556011,-25.064291285676887,0,3.0
LINKUSDT,2022-01-01 00:00:00+00:00,2024-01-01 00:00:00+00:00,3.0,1.2,0.15,-19.481501565678382,0.8051849843432162,-25.083317395094195,0,3.0
LINKUSDT,2022-06-30 00:00:00+00:00,2024-06-29 00:00:00+00:00,3.0,1.2,0.15,-20.94082320825543,0.7905917679174457,-25.29415729462572,0,3.0
LINKUSDT,2022-12-27 00:00:00+00:00,2024-12-26 00:00:00+00:00,3.0,1.2,0.15,-11.921885916512231,0.8807811408348777,-25.114824431376405,0,3.0
LINKUSDT,2023-06-25 00:00:00+00:00,2025-06-24 00:00:00+00:00,3.0,1.2,0.15,9.082175638767186,1.0908217563876719,-25.11482443137639,0,3.0
LINKUSDT,2023-12-22 00:00:00+00:00,2025-12-21 00:00:00+00:00,3.0,1.2,0.15,-19.958819288940756,0.8004118071105925,-25.24055168280298,0,3.0
LINKUSDT,2024-06-19 00:00:00+00:00,2026-06-19 00:00:00+00:00,3.0,1.2,0.15,-16.050680186312437,0.8394931981368756,-25.09954174297081,0,3.0
LTCUSDT,2017-12-14 00:00:00+00:00,2019-12-14 00:00:00+00:00,3.0,1.2,0.15,-23.57531718146212,0.7642468281853788,-24.11651845673326,0,3.0
LTCUSDT,2018-06-12 00:00:00+00:00,2020-06-11 00:00:00+00:00,3.0,1.2,0.15,25.755108650047266,1.2575510865004726,-25.28042292902559,0,3.0
LTCUSDT,2018-12-09 00:00:00+00:00,2020-12-08 00:00:00+00:00,3.0,1.2,0.15,27.473380903209655,1.2747338090320965,-25.28042292902558,0,3.0
LTCUSDT,2019-06-07 00:00:00+00:00,2021-06-06 00:00:00+00:00,3.0,1.2,0.15,-23.18637933975206,0.7681362066024794,-25.08012786990369,0,3.0
LTCUSDT,2019-12-04 00:00:00+00:00,2021-12-03 00:00:00+00:00,3.0,1.2,0.15,4.468100697662103,1.044681006976621,-25.041583551024182,0,3.0
LTCUSDT,2020-06-01 00:00:00+00:00,2022-06-01 00:00:00+00:00,3.0,1.2,0.15,-13.977204423818069,0.8602279557618193,-25.21432260393479,0,3.0
LTCUSDT,2020-11-28 00:00:00+00:00,2022-11-28 00:00:00+00:00,3.0,1.2,0.15,3.274820676813861,1.0327482067681386,-25.214322603934647,0,3.0
LTCUSDT,2021-05-27 00:00:00+00:00,2023-05-27 00:00:00+00:00,3.0,1.2,0.15,-6.6322768859013115,0.9336772311409869,-25.034262355612647,0,3.0
LTCUSDT,2021-11-23 00:00:00+00:00,2023-11-23 00:00:00+00:00,3.0,1.2,0.15,-19.743153028230374,0.8025684697176962,-25.032542573997198,0,3.0
LTCUSDT,2022-05-22 00:00:00+00:00,2024-05-21 00:00:00+00:00,3.0,1.2,0.15,-22.934686322976518,0.7706531367702348,-25.026088610174856,0,3.0
LTCUSDT,2022-11-18 00:00:00+00:00,2024-11-17 00:00:00+00:00,3.0,1.2,0.15,-14.792949934932754,0.8520705006506725,-25.018251856474016,0,3.0
LTCUSDT,2023-05-17 00:00:00+00:00,2025-05-16 00:00:00+00:00,3.0,1.2,0.15,-17.571767193630805,0.824282328063692,-25.067879787899926,0,3.0
LTCUSDT,2023-11-13 00:00:00+00:00,2025-11-12 00:00:00+00:00,3.0,1.2,0.15,-0.5448542440265047,0.994551457559735,-25.03355862940677,0,3.0
LTCUSDT,2024-05-11 00:00:00+00:00,2026-05-11 00:00:00+00:00,3.0,1.2,0.15,0.16015277798957506,1.0016015277798958,-25.033558629406826,0,3.0
SOLUSDT,2020-08-12 00:00:00+00:00,2022-08-12 00:00:00+00:00,3.0,1.2,0.15,-21.277274458581473,0.7872272554141853,-25.882855666615768,0,3.0
SOLUSDT,2021-02-08 00:00:00+00:00,2023-02-08 00:00:00+00:00,3.0,1.2,0.15,-0.12144653338711509,0.9987855346661288,-25.15780439967905,0,3.0
SOLUSDT,2021-08-07 00:00:00+00:00,2023-08-07 00:00:00+00:00,3.0,1.2,0.15,60.33426889288567,1.6033426889288567,-26.01726265419937,0,3.0
SOLUSDT,2022-02-03 00:00:00+00:00,2024-02-03 00:00:00+00:00,3.0,1.2,0.15,-19.059078224833137,0.8094092177516686,-25.020222126210314,0,3.0
SOLUSDT,2022-08-02 00:00:00+00:00,2024-08-01 00:00:00+00:00,3.0,1.2,0.15,7.945218180029179,1.0794521818002918,-25.35133228818377,0,3.0
SOLUSDT,2023-01-29 00:00:00+00:00,2025-01-28 00:00:00+00:00,3.0,1.2,0.15,51.88531931397318,1.5188531931397318,-25.136467646134964,0,3.0
SOLUSDT,2023-07-28 00:00:00+00:00,2025-07-27 00:00:00+00:00,3.0,1.2,0.15,21.030056168551003,1.21030056168551,-25.136467646134907,0,3.0
SOLUSDT,2024-01-24 00:00:00+00:00,2026-01-23 00:00:00+00:00,3.0,1.2,0.15,-13.167755152259586,0.8683224484774041,-37.76995844507374,0,3.0
SOLUSDT,2024-07-22 00:00:00+00:00,2026-07-22 00:00:00+00:00,3.0,1.2,0.15,-21.914773480860305,0.7808522651913969,-25.060787233328263,0,3.0
AVAXUSDT,2020-09-23 00:00:00+00:00,2022-09-23 00:00:00+00:00,3.0,1.2,0.15,51.02302004416555,1.5102302004416555,-26.198465836987882,0,3.0
AVAXUSDT,2021-03-22 00:00:00+00:00,2023-03-22 00:00:00+00:00,3.0,1.2,0.15,-17.193842039181217,0.8280615796081878,-25.002018922066547,0,3.0
AVAXUSDT,2021-09-18 00:00:00+00:00,2023-09-18 00:00:00+00:00,3.0,1.2,0.15,-13.077976791517031,0.8692202320848297,-25.381037531185758,0,3.0
AVAXUSDT,2022-03-17 00:00:00+00:00,2024-03-16 00:00:00+00:00,3.0,1.2,0.15,-20.917907003822535,0.7908209299617747,-25.129048904590544,0,3.0
AVAXUSDT,2022-09-13 00:00:00+00:00,2024-09-12 00:00:00+00:00,3.0,1.2,0.15,-0.36228599659059446,0.996377140034094,-25.04450632955385,0,3.0
AVAXUSDT,2023-03-12 00:00:00+00:00,2025-03-11 00:00:00+00:00,3.0,1.2,0.15,30.714480472760087,1.3071448047276009,-25.02353586438596,0,3.0
AVAXUSDT,2023-09-08 00:00:00+00:00,2025-09-07 00:00:00+00:00,3.0,1.2,0.15,17.16185065257727,1.1716185065257727,-25.023535864386027,0,3.0
AVAXUSDT,2024-03-06 00:00:00+00:00,2026-03-06 00:00:00+00:00,3.0,1.2,0.15,-0.07201833043130046,0.999279816695687,-25.18513347045853,0,3.0
