assets,profitable_assets,median_return_pct,median_cagr_pct,median_mdd_pct,median_profit_factor,median_sharpe,total_trades,total_liquidations,entry_n,exit_n,leverage,robust_train,total_return_pct,cagr_pct,mdd_pct,profit_factor,sharpe,win_rate_pct,trades,liquidations,final_equity_krw,symbol
10,9,1053.46753858636,52.4746325392343,-67.68485233878468,1.2985312118735401,1.125218212118324,1448,0,120,40,1.0,True,1081.7389816892594,47.87226246049103,-45.05799150313477,1.730664677732516,1.1570046678261627,43.03030303030303,165,0,118173898.16892596,BTCUSDT
10,9,1053.46753858636,52.4746325392343,-67.68485233878468,1.2985312118735401,1.125218212118324,1448,0,120,40,1.0,True,1630.173733246614,57.07700261797757,-57.77502075926311,1.3012341334160142,1.1149584265932653,37.72455089820359,167,0,173017373.3246614,ETHUSDT
10,9,1053.46753858636,52.4746325392343,-67.68485233878468,1.2985312118735401,1.125218212118324,1448,0,120,40,1.0,True,6277.54452920031,96.36713372872956,-65.47754124445643,1.5452093085545588,1.3400374976469533,44.642857142857146,168,0,637754452.920031,BNBUSDT
10,9,1053.46753858636,52.4746325392343,-67.68485233878468,1.2985312118735401,1.125218212118324,1448,0,120,40,1.0,True,280.9123126639732,25.868124862264775,-67.26551079157976,1.1892976466660814,0.6785395699163191,34.58646616541353,133,0,38091231.26639732,XRPUSDT
10,9,1053.46753858636,52.4746325392343,-67.68485233878468,1.2985312118735401,1.125218212118324,1448,0,120,40,1.0,True,729.9663619678859,43.618968357582276,-68.10419388598959,1.2839140512564442,0.8856633985041951,41.66666666666667,156,0,82996636.19678858,ADAUSDT
10,9,1053.46753858636,52.4746325392343,-67.68485233878468,1.2985312118735401,1.125218212118324,1448,0,120,40,1.0,True,13837.851800684632,168.81137269541136,-72.44617949510078,1.564279848888188,1.474010059321252,39.04761904761905,105,0,1393785180.068463,DOGEUSDT
10,9,1053.46753858636,52.4746325392343,-67.68485233878468,1.2985312118735401,1.125218212118324,1448,0,120,40,1.0,True,469.11051307849067,38.665020804700156,-71.12260289795759,1.16908846930139,0.8140265265314682,42.384105960264904,151,0,56911051.307849064,LINKUSDT
10,9,1053.46753858636,52.4746325392343,-67.68485233878468,1.2985312118735401,1.125218212118324,1448,0,120,40,1.0,True,-61.88436432346355,-14.654675953740092,-80.60207810854114,0.8429525048184356,0.011285993956082215,36.19631901840491,163,0,3811563.5676536453,LTCUSDT
10,9,1053.46753858636,52.4746325392343,-67.68485233878468,1.2985312118735401,1.125218212118324,1448,0,120,40,1.0,True,3202.999809322522,129.03884536014013,-52.88156913858899,1.6389385225067281,1.4123936387139973,44.62809917355372,121,0,330299980.9322522,SOLUSDT
10,9,1053.46753858636,52.4746325392343,-67.68485233878468,1.2985312118735401,1.125218212118324,1448,0,120,40,1.0,True,1025.1960954834606,79.44746023705453,-79.23688602097032,1.2958282903310663,1.135477997643383,38.655462184873954,119,0,112519609.54834604,AVAXUSDT
10,9,1419.5772991716215,56.59254480204227,-70.09501362306051,1.4850115904502306,1.050891187806771,1338,0,120,50,1.0,True,838.0602632014043,42.56099460923601,-46.84658349994263,1.5445517423162445,1.0414871766856282,38.46153846153847,156,0,93806026.32014042,BTCUSDT
10,9,1419.5772991716215,56.59254480204227,-70.09501362306051,1.4850115904502306,1.050891187806771,1338,0,120,50,1.0,True,1236.1055312701037,50.77607872266405,-62.17199130062204,1.2607757523873395,1.0183808742559894,37.57961783439491,157,0,133610553.12701038,ETHUSDT
10,9,1419.5772991716215,56.59254480204227,-70.09501362306051,1.4850115904502306,1.050891187806771,1338,0,120,50,1.0,True,9085.123147589225,108.35190027775936,-71.95348340680543,1.6334722210738104,1.4119874460946433,45.33333333333333,150,0,918512314.7589225,BNBUSDT
10,9,1419.5772991716215,56.59254480204227,-70.09501362306051,1.4850115904502306,1.050891187806771,1338,0,120,50,1.0,True,170.52236670526207,18.672272916215316,-69.93706119587584,1.1073954728959068,0.591209233117836,33.33333333333333,126,0,27052236.670526206,XRPUSDT
10,9,1419.5772991716215,56.59254480204227,-70.09501362306051,1.4850115904502306,1.050891187806771,1338,0,120,50,1.0,True,1603.0490670731392,62.40901088142048,-68.86329814492723,1.44752480459206,1.0602951989279137,42.857142857142854,140,0,170304906.70731393,ADAUSDT
10,9,1419.5772991716215,56.59254480204227,-70.09501362306051,1.4850115904502306,1.050891187806771,1338,0,120,50,1.0,True,16898.50605266655,179.7145685892374,-70.25296605024518,1.5538668465232994,1.4903940460658733,38.775510204081634,98,0,1699850605.2666552,DOGEUSDT
10,9,1419.5772991716215,56.59254480204227,-70.09501362306051,1.4850115904502306,1.050891187806771,1338,0,120,50,1.0,True,636.4416435326168,45.54941962453083,-74.87572159825997,1.1975460644587088,0.8762806172367561,38.68613138686132,137,0,73644164.35326168,LINKUSDT
10,9,1419.5772991716215,56.59254480204227,-70.09501362306051,1.4850115904502306,1.050891187806771,1338,0,120,50,1.0,True,-79.63505709074227,-23.00599644269544,-83.1561297793293,0.7048896283196183,-0.13735067225697561,35.714285714285715,154,0,2036494.2909257729,LTCUSDT
10,9,1419.5772991716215,56.59254480204227,-70.09501362306051,1.4850115904502306,1.050891187806771,1338,0,120,50,1.0,True,2811.5193203839863,122.29351161956035,-51.15647817805713,1.5224983763084012,1.3626405679214826,44.73684210526316,114,0,291151932.0383986,SOLUSDT
10,9,1419.5772991716215,56.59254480204227,-70.09501362306051,1.4850115904502306,1.050891187806771,1338,0,120,50,1.0,True,2965.5839923700187,128.6050656184454,-73.12239563453277,1.5728870439127578,1.4144386082034515,36.79245283018868,106,0,306558399.2370019,AVAXUSDT
10,9,1646.4445170672516,58.843814833277904,-68.6153264137411,1.4819098544362783,1.1518924706484515,1239,0,120,60,1.0,True,1441.3971045472726,54.228590717517775,-46.16713957872457,1.7246342336450429,1.1959527370625638,39.16083916083916,143,0,154139710.45472726,BTCUSDT
10,9,1646.4445170672516,58.843814833277904,-68.6153264137411,1.4819098544362783,1.1518924706484515,1239,0,120,60,1.0,True,1851.4919295872303,60.10070904585487,-63.09571315701417,1.288766898220457,1.1078322042343391,39.58333333333333,144,0,195149192.95872304,ETHUSDT
10,9,1646.4445170672516,58.843814833277904,-68.6153264137411,1.4819098544362783,1.1518924706484515,1239,0,120,60,1.0,True,5356.349202865706,91.45479291992812,-76.25964467223557,1.579853709230183,1.2709104928927797,43.35664335664335,143,0,545634920.2865705,BNBUSDT
10,9,1646.4445170672516,58.843814833277904,-68.6153264137411,1.4819098544362783,1.1518924706484515,1239,0,120,60,1.0,True,201.1779183121843,20.884050650610362,-68.91773299722661,1.1173955961438322,0.6202598669702043,34.74576271186441,118,0,30117791.83121843,XRPUSDT
10,9,1646.4445170672516,58.843814833277904,-68.6153264137411,1.4819098544362783,1.1518924706484515,1239,0,120,60,1.0,True,1327.9180241023098,57.586920620700944,-68.3129198302556,1.3932557078622287,1.0070302501188109,44.274809160305345,131,0,142791802.410231,ADAUSDT
10,9,1646.4445170672516,58.843814833277904,-68.6153264137411,1.4819098544362783,1.1518924706484515,1239,0,120,60,1.0,True,13532.712821374864,167.62223868075984,-70.25296605024518,1.570564001010328,1.4403221812191913,37.234042553191486,94,0,1363271282.1374865,DOGEUSDT
10,9,1646.4445170672516,58.843814833277904,-68.6153264137411,1.4819098544362783,1.1518924706484515,1239,0,120,60,1.0,True,534.5512699741191,41.53148816707992,-78.66830872557377,1.1652307632074344,0.8367639460262299,38.582677165354326,127,0,63455126.997411914,LINKUSDT
10,9,1646.4445170672516,58.843814833277904,-68.6153264137411,1.4819098544362783,1.1518924706484515,1239,0,120,60,1.0,True,-64.03628153230463,-15.46563331559252,-80.48255905670504,0.8121510525475356,0.04162532792380615,36.42857142857142,140,0,3596371.8467695364,LTCUSDT
10,9,1646.4445170672516,58.843814833277904,-68.6153264137411,1.4819098544362783,1.1518924706484515,1239,0,120,60,1.0,True,3500.5138707756637,133.7676566626149,-57.26189078706827,1.5778710877576207,1.4037114406678437,40.77669902912621,103,0,360051387.0775664,SOLUSDT
10,9,1646.4445170672516,58.843814833277904,-68.6153264137411,1.4819098544362783,1.1518924706484515,1239,0,120,60,1.0,True,4701.895421992592,154.78054058625875,-66.84242363291284,1.706501844358937,1.5227668775440508,39.58333333333333,96,0,480189542.19925916,AVAXUSDT
10,9,1980.8375983842238,64.89608588298347,-63.99377375831674,1.452707959744222,1.1755556598520747,1149,0,120,70,1.0,True,1990.9800774586565,61.86112867162379,-43.663104285985845,1.9822272556481637,1.2600239234234176,40.310077519379846,129,0,209098007.74586564,BTCUSDT
10,9,1980.8375983842238,64.89608588298347,-63.99377375831674,1.452707959744222,1.1755556598520747,1149,0,120,70,1.0,True,1490.38878978314,54.99487637130935,-69.10334535556237,1.2393207618489763,1.0430092804940008,40.57971014492754,138,0,159038878.978314,ETHUSDT
10,9,1980.8375983842238,64.89608588298347,-63.99377375831674,1.452707959744222,1.1755556598520747,1149,0,120,70,1.0,True,7563.096391970607,102.31124513031347,-59.133563085826204,1.4832874339160684,1.3210235873923153,41.911764705882355,136,0,766309639.1970608,BNBUSDT
10,9,1980.8375983842238,64.89608588298347,-63.99377375831674,1.452707959744222,1.1755556598520747,1149,0,120,70,1.0,True,348.8303419382313,29.47135722936767,-66.82821509497165,1.1742159456631682,0.7189604731568868,36.93693693693694,111,0,44883034.19382313,XRPUSDT
10,9,1980.8375983842238,64.89608588298347,-63.99377375831674,1.452707959744222,1.1755556598520747,1149,0,120,70,1.0,True,1970.6951193097912,67.93104309434317,-60.7686790407914,1.422128485572376,1.0910873962807317,43.44262295081967,122,0,207069511.9309791,ADAUSDT
10,9,1980.8375983842238,64.89608588298347,-63.99377375831674,1.452707959744222,1.1755556598520747,1149,0,120,70,1.0,True,14942.736435861423,172.9500895695745,-70.25296605024518,1.5752509632786653,1.4550671649995783,40.44943820224719,89,0,1504273643.5861423,DOGEUSDT
10,9,1980.8375983842238,64.89608588298347,-63.99377375831674,1.452707959744222,1.1755556598520747,1149,0,120,70,1.0,True,803.837192772159,51.26283886494232,-73.95189616327048,1.182580271119531,0.9190297725671072,37.81512605042017,119,0,90383719.2772159,LINKUSDT
10,9,1980.8375983842238,64.89608588298347,-63.99377375831674,1.452707959744222,1.1755556598520747,1149,0,120,70,1.0,True,-61.26772693947434,-14.429356448370212,-82.91825711555845,0.823242956671383,0.0820621550718255,37.69230769230769,130,0,3873227.3060525656,LTCUSDT
10,9,1980.8375983842238,64.89608588298347,-63.99377375831674,1.452707959744222,1.1755556598520747,1149,0,120,70,1.0,True,14459.452262905432,225.50868337144263,-46.50256852084974,1.800138709042261,1.7561375773839205,49.42528735632184,87,0,1455945226.2905433,SOLUSDT
10,9,1980.8375983842238,64.89608588298347,-63.99377375831674,1.452707959744222,1.1755556598520747,1149,0,120,70,1.0,True,6946.274715095339,179.51024694390426,-61.15933242166183,1.7849507196173517,1.6150700064178012,39.77272727272727,88,0,704627471.5095339,AVAXUSDT
10,9,1798.6574031358064,64.33101671140565,-69.3011166699157,1.4503549423737878,1.1435822477620556,1097,0,120,80,1.0,True,2067.4745126457055,62.784947733462545,-51.01298972020718,1.9223162147985955,1.2549362289502626,40.49586776859504,121,0,216747451.26457053,BTCUSDT
10,9,1798.6574031358064,64.33101671140565,-69.3011166699157,1.4503549423737878,1.1435822477620556,1097,0,120,80,1.0,True,1077.0184308826429,47.778540272319404,-68.34926728958624,1.2230210491023596,0.9530949296094425,40.0,135,0,117701843.08826429,ETHUSDT
10,9,1798.6574031358064,64.33101671140565,-69.3011166699157,1.4503549423737878,1.1435822477620556,1097,0,120,80,1.0,True,6774.285664311292,98.77360116924898,-63.346405775170545,1.4518489495544455,1.2893519747114142,41.86046511627907,129,0,687428566.4311292,BNBUSDT
10,9,1798.6574031358064,64.33101671140565,-69.3011166699157,1.4503549423737878,1.1435822477620556,1097,0,120,80,1.0,True,241.3343561661809,23.5149946736281,-74.72143825892567,1.131549082644552,0.653944542799728,33.980582524271846,103,0,34133435.61661809,XRPUSDT
10,9,1798.6574031358064,64.33101671140565,-69.3011166699157,1.4503549423737878,1.1435822477620556,1097,0,120,80,1.0,True,1529.840293625907,61.192930672801694,-63.66239631789019,1.44886093519313,1.0288725407812354,42.3728813559322,118,0,162984029.3625907,ADAUSDT
10,9,1798.6574031358064,64.33101671140565,-69.3011166699157,1.4503549423737878,1.1435822477620556,1097,0,120,80,1.0,True,16739.85423809548,179.18973453002462,-70.25296605024518,1.7483895817701072,1.4753964275632336,37.34939759036144,83,0,1683985423.8095477,DOGEUSDT
10,9,1798.6574031358064,64.33101671140565,-69.3011166699157,1.4503549423737878,1.1435822477620556,1097,0,120,80,1.0,True,1376.2478073479942,65.87708568934877,-74.27958289197458,1.2661783884898605,1.0322282665738485,39.285714285714285,112,0,147624780.7347994,LINKUSDT
10,9,1798.6574031358064,64.33101671140565,-69.3011166699157,1.4503549423737878,1.1435822477620556,1097,0,120,80,1.0,True,-65.87493050822727,-16.191324244213124,-84.7406790963867,0.7897357276353582,0.06695516873998852,38.88888888888889,126,0,3412506.949177274,LTCUSDT
10,9,1798.6574031358064,64.33101671140565,-69.3011166699157,1.4503549423737878,1.1435822477620556,1097,0,120,80,1.0,True,16798.656890922877,237.20584843578746,-49.152849304490196,1.8551726699856856,1.7804797398663934,47.5609756097561,82,0,1689865689.0922875,SOLUSDT
10,9,1798.6574031358064,64.33101671140565,-69.3011166699157,1.4503549423737878,1.1435822477620556,1097,0,120,80,1.0,True,3063.6735235119318,130.3509713080059,-71.17308468335294,1.4582450258952904,1.3861128522799009,37.5,88,0,316367352.3511932,AVAXUSDT
10,9,1642.0052568509082,60.14559416549024,-69.71372331897439,1.3998942745201526,1.1050240748577576,1057,0,120,90,1.0,True,1638.4559805765143,57.19586689267817,-52.48688746216159,1.8787325876973535,1.1747472981302605,40.67796610169492,118,0,173845598.05765143,BTCUSDT
10,9,1642.0052568509082,60.14559416549024,-69.71372331897439,1.3998942745201526,1.1050240748577576,1057,0,120,90,1.0,True,1336.5883643892416,52.517855613271244,-65.88039551696404,1.2698739585828658,0.9991984673521918,42.51968503937008,127,0,143658836.43892416,ETHUSDT
10,9,1642.0052568509082,60.14559416549024,-69.71372331897439,1.3998942745201526,1.1050240748577576,1057,0,120,90,1.0,True,7023.555985290882,99.92672660393458,-62.28697767526552,1.471065512258703,1.2937974083394421,39.2,125,0,712355598.5290883,BNBUSDT
10,9,1642.0052568509082,60.14559416549024,-69.71372331897439,1.3998942745201526,1.1050240748577576,1057,0,120,90,1.0,True,100.92471976629147,12.753224657552643,-76.14738919734916,1.0723624758215997,0.5298784168152879,32.67326732673268,101,0,20092471.97662915,XRPUSDT
10,9,1642.0052568509082,60.14559416549024,-69.71372331897439,1.3998942745201526,1.1050240748577576,1057,0,120,90,1.0,True,1645.5545331253018,63.0953214383023,-66.15983751463857,1.5028471882022747,1.0353008515852549,42.608695652173914,115,0,174555453.31253016,ADAUSDT
10,9,1642.0052568509082,60.14559416549024,-69.71372331897439,1.3998942745201526,1.1050240748577576,1057,0,120,90,1.0,True,12934.050775070398,165.22599619322526,-73.26760912331022,1.5883610015967948,1.4248610321142994,37.9746835443038,79,0,1303405077.5070398,DOGEUSDT
10,9,1642.0052568509082,60.14559416549024,-69.71372331897439,1.3998942745201526,1.1050240748577576,1057,0,120,90,1.0,True,930.1553943278172,55.028750811143624,-75.39700565554836,1.1888450982866374,0.9443228379949732,38.18181818181819,110,0,103015539.43278173,LINKUSDT
10,9,1642.0052568509082,60.14559416549024,-69.71372331897439,1.3998942745201526,1.1050240748577576,1057,0,120,90,1.0,True,-69.80087999898525,-17.85736607810525,-84.77935271329956,0.7571137852568647,0.048707432421948436,37.5,120,0,3019912.000101474,LTCUSDT
10,9,1642.0052568509082,60.14559416549024,-69.71372331897439,1.3998942745201526,1.1050240748577576,1057,0,120,90,1.0,True,22164.172281897325,259.9740482700264,-57.39854552627811,1.949763407600512,1.8294382860288656,46.05263157894737,76,0,2226417228.1897326,SOLUSDT
10,9,1642.0052568509082,60.14559416549024,-69.71372331897439,1.3998942745201526,1.1050240748577576,1057,0,120,90,1.0,True,2198.4022841684164,113.24039527914623,-77.96717722051697,1.3287230367816023,1.2927892146609823,39.53488372093023,86,0,229840228.41684166,AVAXUSDT
10,9,1929.2269561139965,71.64128339810506,-70.43004626268834,1.4303317227788455,1.080528275841659,1009,0,120,100,1.0,True,1269.4142491819578,51.36531872589587,-57.55351174335288,1.7407563833608068,1.0871956180070637,35.96491228070175,114,0,136941424.91819578,BTCUSDT
10,9,1929.2269561139965,71.64128339810506,-70.43004626268834,1.4303317227788455,1.080528275841659,1009,0,120,100,1.0,True,1319.3092003781167,52.22579477566607,-71.01655599939153,1.2264308772212251,0.9885027339404775,42.5,120,0,141930920.03781167,ETHUSDT
10,9,1929.2269561139965,71.64128339810506,-70.43004626268834,1.4303317227788455,1.080528275841659,1009,0,120,100,1.0,True,7315.920657426076,101.2369050006912,-61.958528717607145,1.43854169364949,1.297168140423232,38.52459016393443,122,0,741592065.7426077,BNBUSDT
10,9,1929.2269561139965,71.64128339810506,-70.43004626268834,1.4303317227788455,1.080528275841659,1009,0,120,100,1.0,True,84.54787653544543,11.116130012322746,-82.14141041598751,1.0541964670586401,0.5145108041554893,31.63265306122449,98,0,18454787.65354454,XRPUSDT
10,9,1929.2269561139965,71.64128339810506,-70.43004626268834,1.4303317227788455,1.080528275841659,1009,0,120,100,1.0,True,1994.062266881066,68.2536988880426,-67.26398240786173,1.4606490227644813,1.0738609336762543,42.99065420560748,107,0,209406226.68810663,ADAUSDT
10,9,1929.2269561139965,71.64128339810506,-70.43004626268834,1.4303317227788455,1.080528275841659,1009,0,120,100,1.0,True,14377.535162613669,170.8644927887258,-70.25296605024518,1.7350885631810633,1.4413976165980908,41.0958904109589,73,0,1447753516.2613668,DOGEUSDT
10,9,1929.2269561139965,71.64128339810506,-70.43004626268834,1.4303317227788455,1.080528275841659,1009,0,120,100,1.0,True,1864.3916453469267,75.0288679081675,-70.60712647513148,1.213559021636471,1.0712475110414148,37.5,104,0,196439164.53469267,LINKUSDT
10,9,1929.2269561139965,71.64128339810506,-70.43004626268834,1.4303317227788455,1.080528275841659,1009,0,120,100,1.0,True,-79.24146410526195,-22.76347505831515,-86.49653236519393,0.6886702037351482,-0.030211361206785782,37.06896551724138,116,0,2075853.589473805,LTCUSDT
10,9,1929.2269561139965,71.64128339810506,-70.43004626268834,1.4303317227788455,1.080528275841659,1009,0,120,100,1.0,True,18723.60432192868,245.9365607857699,-57.39854552627811,1.8508024294156344,1.7826000868803953,45.33333333333333,75,0,1882360432.1928682,SOLUSDT
10,9,1929.2269561139965,71.64128339810506,-70.43004626268834,1.4303317227788455,1.080528275841659,1009,0,120,100,1.0,True,3970.4645648333517,144.81026472681776,-79.82387658442259,1.4221217519082008,1.4310735752836883,38.75,80,0,407046456.4833352,AVAXUSDT
10,9,1911.1026357308765,69.19491891420998,-70.84436646531589,1.3928992120984538,1.0565037887833952,970,0,120,110,1.0,True,937.2661831005171,44.849283024560194,-61.72133651803631,1.6104842144310054,0.9900514692647716,32.432432432432435,111,0,103726618.31005171,BTCUSDT
10,9,1911.1026357308765,69.19491891420998,-70.84436646531589,1.3928992120984538,1.0565037887833952,970,0,120,110,1.0,True,1526.1073878665932,55.541129738535666,-71.4357668803866,1.2453593870080013,1.012915857558744,44.14414414414414,111,0,162610738.78665933,ETHUSDT
10,9,1911.1026357308765,69.19491891420998,-70.84436646531589,1.3928992120984538,1.0565037887833952,970,0,120,110,1.0,True,5844.615067434908,94.13814915050924,-69.73939632324931,1.4358477965183283,1.235800212119519,38.13559322033898,118,0,594461506.7434908,BNBUSDT
10,9,1911.1026357308765,69.19491891420998,-70.84436646531589,1.3928992120984538,1.0565037887833952,970,0,120,110,1.0,True,76.48123286102113,10.265089424920149,-83.32462326477817,1.0498744968742155,0.5067767752759151,30.208333333333332,96,0,17648123.286102112,XRPUSDT
10,9,1911.1026357308765,69.19491891420998,-70.84436646531589,1.3928992120984538,1.0565037887833952,970,0,120,110,1.0,True,2296.09788359516,72.17655714339746,-69.19786374349438,1.4070934866064326,1.1000917200080462,39.80582524271845,103,0,239609788.359516,ADAUSDT
10,9,1911.1026357308765,69.19491891420998,-70.84436646531589,1.3928992120984538,1.0565037887833952,970,0,120,110,1.0,True,15383.794415912529,174.53448982322755,-70.25296605024518,1.7504898057669482,1.4519373457097589,42.25352112676056,71,0,1548379441.591253,DOGEUSDT
10,9,1911.1026357308765,69.19491891420998,-70.84436646531589,1.3928992120984538,1.0565037887833952,970,0,120,110,1.0,True,1392.2337458821476,66.2132806850225,-76.26837288252494,1.155291457643763,1.0101322840630735,36.633663366336634,101,0,149223374.58821476,LINKUSDT
10,9,1911.1026357308765,69.19491891420998,-70.84436646531589,1.3928992120984538,1.0565037887833952,970,0,120,110,1.0,True,-77.13550076177165,-21.52756625758505,-83.34536959292733,0.7325753774368695,0.002417950520509904,38.18181818181819,110,0,2286449.9238228346,LTCUSDT
10,9,1911.1026357308765,69.19491891420998,-70.84436646531589,1.3928992120984538,1.0565037887833952,970,0,120,110,1.0,True,19608.196407766678,249.72144691923154,-58.5058181089844,2.0381562627065244,1.784168912025096,47.22222222222222,72,0,1970819640.7766678,SOLUSDT
10,9,1911.1026357308765,69.19491891420998,-70.84436646531589,1.3928992120984538,1.0565037887833952,970,0,120,110,1.0,True,3637.4385838961944,139.8142150926774,-83.0092128200873,1.378704937590475,1.4048365225052648,38.961038961038966,77,0,373743858.3896194,AVAXUSDT
10,9,1183.0428677266552,56.79841041998212,-67.49315963126841,1.395158683483202,1.1912132905347106,1376,0,130,40,1.0,True,1122.1483112159713,48.6619141640793,-46.61643408415262,1.8251066860243523,1.1842427471709116,43.31210191082803,157,0,122214831.12159713,BTCUSDT
10,9,1183.0428677266552,56.79841041998212,-67.49315963126841,1.395158683483202,1.1912132905347106,1376,0,130,40,1.0,True,2254.6614947574903,64.93490667588495,-46.4512370266262,1.4368152968383914,1.2177935909402464,39.743589743589745,156,0,235466149.47574905,ETHUSDT
10,9,1183.0428677266552,56.79841041998212,-67.49315963126841,1.395158683483202,1.1912132905347106,1376,0,130,40,1.0,True,5249.869973131019,90.84303105673186,-67.72080847095708,1.5680789948634877,1.30430603632197,44.44444444444444,162,0,534986997.3131019,BNBUSDT
10,9,1183.0428677266552,56.79841041998212,-67.49315963126841,1.395158683483202,1.1912132905347106,1376,0,130,40,1.0,True,314.60685816648277,27.71685443238978,-67.26551079157976,1.2232128136986804,0.7008707729384794,35.43307086614173,127,0,41460685.81664828,XRPUSDT
10,9,1183.0428677266552,56.79841041998212,-67.49315963126841,1.395158683483202,1.1912132905347106,1376,0,130,40,1.0,True,748.4081822263013,44.159886813928864,-66.37329892272992,1.2865695274153133,0.893346224060999,41.333333333333336,150,0,84840818.22263013,ADAUSDT
10,9,1183.0428677266552,56.79841041998212,-67.49315963126841,1.395158683483202,1.1912132905347106,1376,0,130,40,1.0,True,10215.507660205616,153.08680332161623,-70.17960412348641,1.6308136779406324,1.4175015984142745,40.5940594059406,101,0,1031550766.0205616,DOGEUSDT
10,9,1183.0428677266552,56.79841041998212,-67.49315963126841,1.395158683483202,1.1912132905347106,1376,0,130,40,1.0,True,465.6344630836699,38.505409706668516,-72.35907962718454,1.1710150045230772,0.8132476698950634,43.75,144,0,56563446.30836699,LINKUSDT
10,9,1183.0428677266552,56.79841041998212,-67.49315963126841,1.395158683483202,1.1912132905347106,1376,0,130,40,1.0,True,-54.77223400908837,-12.221783927227236,-77.01733892944527,0.865495077302512,0.054433122559985114,36.774193548387096,155,0,4522776.599091163,LTCUSDT
10,9,1183.0428677266552,56.79841041998212,-67.49315963126841,1.395158683483202,1.1912132905347106,1376,0,130,40,1.0,True,2564.3955734642404,117.67028532013875,-54.5882429347988,1.5981069228389042,1.3579294732695202,46.08695652173913,115,0,266439557.34642404,SOLUSDT
10,9,1183.0428677266552,56.79841041998212,-67.49315963126841,1.395158683483202,1.1912132905347106,1376,0,130,40,1.0,True,1243.9374242373392,87.31565002164126,-79.59454782968498,1.3535020701280127,1.1981838338985096,39.44954128440367,109,0,134393742.42373392,AVAXUSDT
10,9,1659.3016693611376,60.35743619072742,-68.75923842091248,1.46660853064146,1.0944077496467055,1270,0,130,50,1.0,True,894.7662567902993,43.89256838662661,-45.247816549961605,1.6201433017610787,1.076098560228086,38.513513513513516,148,0,99476625.67902993,BTCUSDT
10,9,1659.3016693611376,60.35743619072742,-68.75923842091248,1.46660853064146,1.0944077496467055,1270,0,130,50,1.0,True,1704.929887036808,58.13299626254851,-48.9522277755673,1.3765181965964874,1.112716939065325,38.775510204081634,147,0,180492988.7036808,ETHUSDT
10,9,1659.3016693611376,60.35743619072742,-68.75923842091248,1.46660853064146,1.0944077496467055,1270,0,130,50,1.0,True,8053.980061219565,104.36150549207093,-72.97024821728442,1.6753441480848186,1.3905578353209032,46.52777777777778,144,0,815398006.1219565,BNBUSDT
10,9,1659.3016693611376,60.35743619072742,-68.75923842091248,1.46660853064146,1.0944077496467055,1270,0,130,50,1.0,True,203.942398973866,21.074203962156002,-67.26551079157977,1.1344426362257596,0.620782531541366,34.166666666666664,120,0,30394239.8973866,XRPUSDT
10,9,1659.3016693611376,60.35743619072742,-68.75923842091248,1.46660853064146,1.0944077496467055,1270,0,130,50,1.0,True,1613.673451685467,62.58187611890633,-67.17360372090873,1.4432785664872068,1.0646648065979185,42.96296296296296,135,0,171367345.1685467,ADAUSDT
10,9,1659.3016693611376,60.35743619072742,-68.75923842091248,1.46660853064146,1.0944077496467055,1270,0,130,50,1.0,True,15522.268779180782,175.0244797486876,-70.25296605024518,1.6698141688395132,1.475731772923371,40.42553191489361,94,0,1562226877.9180784,DOGEUSDT
10,9,1659.3016693611376,60.35743619072742,-68.75923842091248,1.46660853064146,1.0944077496467055,1270,0,130,50,1.0,True,727.6244116629116,48.77859574071437,-74.05574981083848,1.2104951644192725,0.907522843535824,40.76923076923077,130,0,82762441.16629115,LINKUSDT
10,9,1659.3016693611376,60.35743619072742,-68.75923842091248,1.46660853064146,1.0944077496467055,1270,0,130,50,1.0,True,-78.08176955613679,-22.070588995445828,-81.22913527385658,0.705391105041886,-0.12590596462111597,35.810810810810814,148,0,2191823.044386321,LTCUSDT
10,9,1659.3016693611376,60.35743619072742,-68.75923842091248,1.46660853064146,1.0944077496467055,1270,0,130,50,1.0,True,2323.7452375147495,112.84214109516881,-50.360337686901445,1.4899384947957135,1.3174719955877041,46.2962962962963,108,0,242374523.75147495,SOLUSDT
10,9,1659.3016693611376,60.35743619072742,-68.75923842091248,1.46660853064146,1.0944077496467055,1270,0,130,50,1.0,True,4272.121804941766,149.07476101116984,-72.40908560911201,1.7901664328384186,1.5318011732617274,38.54166666666667,96,0,437212180.49417657,AVAXUSDT
10,9,2084.340647727469,64.06803413830632,-66.60501255070469,1.4521574284375474,1.2133950581538893,1181,0,130,60,1.0,True,1687.5551438334198,57.890893337663755,-48.58019177714073,1.8770415659340691,1.264918436213499,39.25925925925926,135,0,178755514.383342,BTCUSDT
10,9,2084.340647727469,64.06803413830632,-66.60501255070469,1.4521574284375474,1.2133950581538893,1181,0,130,60,1.0,True,2529.964862118585,67.84915056382181,-45.33480098392106,1.4128731636980478,1.201184307137696,38.23529411764706,136,0,262996486.21185854,ETHUSDT
10,9,2084.340647727469,64.06803413830632,-66.60501255070469,1.4521574284375474,1.2133950581538893,1181,0,130,60,1.0,True,4267.596749645565,84.65840981005745,-80.29433732248718,1.6181560914474842,1.2256058091700825,44.927536231884055,138,0,436759674.9645565,BNBUSDT
10,9,2084.340647727469,64.06803413830632,-66.60501255070469,1.4521574284375474,1.2133950581538893,1181,0,130,60,1.0,True,267.4829844678049,25.093370077031608,-67.48164770462613,1.1567893602539039,0.6697027682768243,34.51327433628318,113,0,36748298.44678049,XRPUSDT
10,9,2084.340647727469,64.06803413830632,-66.60501255070469,1.4521574284375474,1.2133950581538893,1181,0,130,60,1.0,True,1477.0103443634614,60.286917712790824,-64.91587881994163,1.3918240500429258,1.035532025407807,44.09448818897638,127,0,157701034.43634614,ADAUSDT
10,9,2084.340647727469,64.06803413830632,-66.60501255070469,1.4521574284375474,1.2133950581538893,1181,0,130,60,1.0,True,12734.091695410089,164.40601444923618,-70.25296605024518,1.699052621186094,1.4304387855986112,38.88888888888889,90,0,1283409169.541009,DOGEUSDT
10,9,2084.340647727469,64.06803413830632,-66.60501255070469,1.4521574284375474,1.2133950581538893,1181,0,130,60,1.0,True,534.5544138813292,41.53161998739174,-78.79823016617091,1.1537500383387123,0.8376497090349126,39.34426229508197,122,0,63455441.38813292,LINKUSDT
10,9,2084.340647727469,64.06803413830632,-66.60501255070469,1.4521574284375474,1.2133950581538893,1181,0,130,60,1.0,True,-62.67558642778203,-14.948294340429257,-80.48255905670504,0.8119658845024293,0.04454518070974246,37.03703703703704,135,0,3732441.357221797,LTCUSDT
10,9,2084.340647727469,64.06803413830632,-66.60501255070469,1.4521574284375474,1.2133950581538893,1181,0,130,60,1.0,True,2481.1261516215177,116.03877043190155,-58.8099384278596,1.4914416931770471,1.3202500553579617,41.41414141414141,99,0,258112615.16215178,SOLUSDT
10,9,2084.340647727469,64.06803413830632,-66.60501255070469,1.4521574284375474,1.2133950581538893,1181,0,130,60,1.0,True,6869.629815920083,178.77276713723967,-65.72837739678326,2.0106525745091397,1.6422737262450005,44.18604651162791,86,0,696962981.5920084,AVAXUSDT
10,9,2194.5902875231213,67.47249458247869,-63.79944816413689,1.47529939638844,1.2070147945379894,1098,0,130,70,1.0,True,2310.9355312495486,65.55309318150681,-44.39227604029779,2.071993669858074,1.3289605447471082,39.83739837398374,123,0,241093553.12495485,BTCUSDT
10,9,2194.5902875231213,67.47249458247869,-63.79944816413689,1.47529939638844,1.2070147945379894,1098,0,130,70,1.0,True,1999.8375612664618,61.96954223211883,-49.205360096504336,1.3585084301798385,1.1285309628239304,38.16793893129771,131,0,209983756.12664616,ETHUSDT
10,9,2194.5902875231213,67.47249458247869,-63.79944816413689,1.47529939638844,1.2070147945379894,1098,0,130,70,1.0,True,6246.990636856183,96.21404942280478,-65.66631494651415,1.5330774641888028,1.2854986262520485,41.66666666666667,132,0,634699063.6856184,BNBUSDT
10,9,2194.5902875231213,67.47249458247869,-63.79944816413689,1.47529939638844,1.2070147945379894,1098,0,130,70,1.0,True,424.5393750601587,32.99000688492584,-61.959240299580664,1.2112301355878765,0.7569581733920017,36.44859813084112,107,0,52453937.506015874,XRPUSDT
10,9,2194.5902875231213,67.47249458247869,-63.79944816413689,1.47529939638844,1.2070147945379894,1098,0,130,70,1.0,True,2078.2450437966945,69.39189598345057,-64.4486724430237,1.417521328588077,1.1078753639939904,42.016806722689076,119,0,217824504.37966946,ADAUSDT
10,9,2194.5902875231213,67.47249458247869,-63.79944816413689,1.47529939638844,1.2070147945379894,1098,0,130,70,1.0,True,13647.057317793588,168.07031219016665,-70.90967550787938,1.660186054503116,1.4387562601223658,41.86046511627907,86,0,1374705731.7793589,DOGEUSDT
10,9,2194.5902875231213,67.47249458247869,-63.79944816413689,1.47529939638844,1.2070147945379894,1098,0,130,70,1.0,True,812.846928230994,51.545151631757946,-74.58252555496692,1.1707999177366912,0.9229135848288273,39.473684210526315,114,0,91284692.82309939,LINKUSDT
10,9,2194.5902875231213,67.47249458247869,-63.79944816413689,1.47529939638844,1.2070147945379894,1098,0,130,70,1.0,True,-58.08898028477047,-13.313280516253867,-82.91825711555845,0.8304551542451463,0.09600372547030593,38.4,125,0,4191101.971522952,LTCUSDT
10,9,2194.5902875231213,67.47249458247869,-63.79944816413689,1.47529939638844,1.2070147945379894,1098,0,130,70,1.0,True,10337.491838480346,200.8232238230689,-49.326807438613564,1.7221337684828417,1.6791216297873373,46.98795180722892,83,0,1043749183.8480345,SOLUSDT
10,9,2194.5902875231213,67.47249458247869,-63.79944816413689,1.47529939638844,1.2070147945379894,1098,0,130,70,1.0,True,11620.822012847631,216.06956885438132,-63.15022388525009,2.3517340073643025,1.7741820483947348,44.871794871794876,78,0,1172082201.284763,AVAXUSDT
10,9,2039.1616469659393,66.93010924886642,-69.72805271984132,1.4751658412842326,1.1526762449484211,1049,0,130,80,1.0,True,2446.903300624034,66.99807245920282,-48.79792274254493,2.028326453074756,1.3281508427347462,41.73913043478261,115,0,254690330.06240338,BTCUSDT
10,9,2039.1616469659393,66.93010924886642,-69.72805271984132,1.4751658412842326,1.1526762449484211,1049,0,130,80,1.0,True,1262.1038858977956,51.23703794888939,-56.06129904382444,1.2886118409892533,0.9993855057120926,37.2093023255814,129,0,136210388.58977956,ETHUSDT
10,9,2039.1616469659393,66.93010924886642,-69.72805271984132,1.4751658412842326,1.1526762449484211,1049,0,130,80,1.0,True,5715.030502708319,93.444537648996,-69.20575504038202,1.4985704499084058,1.2582897587715212,41.6,125,0,581503050.2708318,BNBUSDT
10,9,2039.1616469659393,66.93010924886642,-69.72805271984132,1.4751658412842326,1.1526762449484211,1049,0,130,80,1.0,True,259.77332735448033,24.63793650797923,-73.05895684939652,1.1428665908947873,0.6662898997786194,33.0,100,0,35977332.73544803,XRPUSDT
10,9,2039.1616469659393,66.93010924886642,-69.72805271984132,1.4751658412842326,1.1526762449484211,1049,0,130,80,1.0,True,1631.4199933078448,62.86865190988733,-63.67943094523718,1.4517612326600595,1.0470627311253213,41.73913043478261,115,0,173141999.33078447,ADAUSDT
10,9,2039.1616469659393,66.93010924886642,-69.72805271984132,1.4751658412842326,1.1526762449484211,1049,0,130,80,1.0,True,15387.590959234501,174.54797048058848,-71.46728108434492,1.8708168948947443,1.46037418816884,38.75,80,0,1548759095.9234502,DOGEUSDT
10,9,2039.1616469659393,66.93010924886642,-69.72805271984132,1.4751658412842326,1.1526762449484211,1049,0,130,80,1.0,True,1423.484509046053,66.86214603853,-73.33872100333983,1.2518767752862507,1.0424646697831443,41.1214953271028,107,0,152348450.9046053,LINKUSDT
10,9,2039.1616469659393,66.93010924886642,-69.72805271984132,1.4751658412842326,1.1526762449484211,1049,0,130,80,1.0,True,-66.80621276397045,-16.571438209041034,-84.7406790963867,0.775002378143928,0.051747331814182694,39.34426229508197,122,0,3319378.7236029548,LTCUSDT
10,9,2039.1616469659393,66.93010924886642,-69.72805271984132,1.4751658412842326,1.1526762449484211,1049,0,130,80,1.0,True,12161.750003061428,212.52709982915917,-54.4876587153611,1.776961673257385,1.7077522783755597,44.871794871794876,78,0,1226175000.3061428,SOLUSDT
10,9,2039.1616469659393,66.93010924886642,-69.72805271984132,1.4751658412842326,1.1526762449484211,1049,0,130,80,1.0,True,5770.208107485826,167.44861953921935,-70.25035039930061,1.848814291662693,1.5698871222235735,41.02564102564102,78,0,587020810.7485826,AVAXUSDT
10,9,1909.9954063486946,63.77698948659104,-71.40633991018319,1.5103327257625145,1.1634761403873104,1011,0,130,90,1.0,True,2065.6484430677033,62.76321646995315,-50.13977074747894,2.004157876370088,1.2644065827194335,41.07142857142857,112,0,216564844.30677032,BTCUSDT
10,9,1909.9954063486946,63.77698948659104,-71.40633991018319,1.5103327257625145,1.1634761403873104,1011,0,130,90,1.0,True,1674.796390705564,57.71184618083937,-58.12497113878345,1.3559263176662735,1.0625456980551873,40.49586776859504,121,0,177479639.07055637,ETHUSDT
10,9,1909.9954063486946,63.77698948659104,-71.40633991018319,1.5103327257625145,1.1634761403873104,1011,0,130,90,1.0,True,5958.725074914932,94.73852333633002,-68.31567649908278,1.5175420895809284,1.264512039702849,38.84297520661157,121,0,605872507.4914931,BNBUSDT
10,9,1909.9954063486946,63.77698948659104,-71.40633991018319,1.5103327257625145,1.1634761403873104,1011,0,130,90,1.0,True,114.82344004136218,14.058057581951422,-74.56604379974226,1.0819616108018077,0.5450998102185434,31.63265306122449,98,0,21482344.004136216,XRPUSDT
10,9,1909.9954063486946,63.77698948659104,-71.40633991018319,1.5103327257625145,1.1634761403873104,1011,0,130,90,1.0,True,1754.342369629686,64.79076250322893,-64.60720212544646,1.5031233619441005,1.0526409806288528,41.964285714285715,112,0,185434236.9629686,ADAUSDT
10,9,1909.9954063486946,63.77698948659104,-71.40633991018319,1.5103327257625145,1.1634761403873104,1011,0,130,90,1.0,True,11424.943811162351,158.76933265686452,-76.61412562835675,1.6378997131497421,1.4022067929600261,38.961038961038966,77,0,1152494381.1162353,DOGEUSDT
10,9,1909.9954063486946,63.77698948659104,-71.40633991018319,1.5103327257625145,1.1634761403873104,1011,0,130,90,1.0,True,971.4607900511915,56.178715425159176,-74.4970033212836,1.1811310664072598,0.9548081429838767,39.04761904761905,105,0,107146079.00511914,LINKUSDT
10,9,1909.9954063486946,63.77698948659104,-71.40633991018319,1.5103327257625145,1.1634761403873104,1011,0,130,90,1.0,True,-72.75069413723335,-19.23281623124812,-84.77935271329956,0.7311608090580247,0.01610338872770737,36.75213675213676,117,0,2724930.586276665,LTCUSDT
10,9,1909.9954063486946,63.77698948659104,-71.40633991018319,1.5103327257625145,1.1634761403873104,1011,0,130,90,1.0,True,17290.06989326428,239.50404479976692,-57.11684545429352,1.8919380201432596,1.7777661546255323,44.44444444444444,72,0,1739006989.3264282,SOLUSDT
10,9,1909.9954063486946,63.77698948659104,-71.40633991018319,1.5103327257625145,1.1634761403873104,1011,0,130,90,1.0,True,4226.157945584879,148.43969022074762,-74.927670320159,1.594595842430354,1.4765138385842367,42.10526315789473,76,0,432615794.5584879,AVAXUSDT
10,9,1955.5232385991874,72.0464850945155,-68.92004366941373,1.4723594010599994,1.126167791974051,967,0,130,100,1.0,True,1605.9263097845378,56.72623649619295,-54.54322029692095,1.8490427010834436,1.1728822480775445,37.96296296296296,108,0,170592630.9784538,BTCUSDT
10,9,1955.5232385991874,72.0464850945155,-68.92004366941373,1.4723594010599994,1.126167791974051,967,0,130,100,1.0,True,1545.78537923331,55.83776951264654,-62.59263858644655,1.3171030475696879,1.03504493513341,40.869565217391305,115,0,164578537.923331,ETHUSDT
10,9,1955.5232385991874,72.0464850945155,-68.92004366941373,1.4723594010599994,1.126167791974051,967,0,130,100,1.0,True,6964.362433256674,99.65599395579439,-67.82050046351415,1.492111110285045,1.2911316807331203,38.13559322033898,118,0,706436243.3256675,BNBUSDT
10,9,1955.5232385991874,72.0464850945155,-68.92004366941373,1.4723594010599994,1.126167791974051,967,0,130,100,1.0,True,106.36983365258791,13.273066376869158,-80.95744784350086,1.0652702976663102,0.5398125673674975,30.526315789473685,95,0,20636983.36525879,XRPUSDT
10,9,1955.5232385991874,72.0464850945155,-68.92004366941373,1.4723594010599994,1.126167791974051,967,0,130,100,1.0,True,2016.0165813964145,68.55413816826928,-68.64735727619505,1.452607691834954,1.0794533358705571,41.904761904761905,105,0,211601658.13964143,ADAUSDT
10,9,1955.5232385991874,72.0464850945155,-68.92004366941373,1.4723594010599994,1.126167791974051,967,0,130,100,1.0,True,13068.74622900114,165.77269506545593,-72.46895623984373,1.8106545571329324,1.4242368490772468,40.845070422535215,71,0,1316874622.900114,DOGEUSDT
10,9,1955.5232385991874,72.0464850945155,-68.92004366941373,1.4723594010599994,1.126167791974051,967,0,130,100,1.0,True,1895.0298958019603,75.53883202076175,-69.1927300626324,1.2097083115854523,1.0766633287882674,39.0,100,0,199502989.58019602,LINKUSDT
10,9,1955.5232385991874,72.0464850945155,-68.92004366941373,1.4723594010599994,1.126167791974051,967,0,130,100,1.0,True,-81.2691548178024,-24.05678849575429,-86.49653236519393,0.661638325271052,-0.06315784657156531,34.51327433628318,113,0,1873084.5182197597,LTCUSDT
10,9,1955.5232385991874,72.0464850945155,-68.92004366941373,1.4723594010599994,1.126167791974051,967,0,130,100,1.0,True,14602.698671507389,226.2647127228592,-57.11684545429352,1.8000014563515603,1.7305071544383808,43.66197183098591,71,0,1470269867.150739,SOLUSDT
10,9,1955.5232385991874,72.0464850945155,-68.92004366941373,1.4723594010599994,1.126167791974051,967,0,130,100,1.0,True,7196.106544164685,181.87266403449024,-76.58455651186469,1.7914681896748867,1.6016581168013688,40.845070422535215,71,0,729610654.4164685,AVAXUSDT
10,9,2202.7337621797615,71.35927279237646,-73.16445593559112,1.429692496527414,1.105030966858039,931,0,130,110,1.0,True,1215.0544912068601,50.39727307101507,-60.17360195489177,1.703746705952711,1.0773096330805245,33.33333333333333,105,0,131505449.12068602,BTCUSDT
10,9,2202.7337621797615,71.35927279237646,-73.16445593559112,1.429692496527414,1.105030966858039,931,0,130,110,1.0,True,1779.17972040152,59.146009233299694,-61.792875822310066,1.3304973707668721,1.0579289167593517,42.99065420560748,107,0,187917972.040152,ETHUSDT
10,9,2202.7337621797615,71.35927279237646,-73.16445593559112,1.429692496527414,1.105030966858039,931,0,130,110,1.0,True,5196.742052913157,90.53396938114146,-74.43148986867972,1.455500221770913,1.2150017862940394,37.391304347826086,115,0,529674205.2913157,BNBUSDT
10,9,2202.7337621797615,71.35927279237646,-73.16445593559112,1.429692496527414,1.105030966858039,931,0,130,110,1.0,True,97.34931582510002,12.405502853631223,-82.21910628563455,1.0607300252769727,0.531785312073467,29.03225806451613,93,0,19734931.582510002,XRPUSDT
10,9,2202.7337621797615,71.35927279237646,-73.16445593559112,1.429692496527414,1.105030966858039,931,0,130,110,1.0,True,2626.287803958003,76.02108815400186,-71.89742200250251,1.4038847712839153,1.1327523006355533,38.613861386138616,101,0,272628780.39580035,ADAUSDT
10,9,2202.7337621797615,71.35927279237646,-73.16445593559112,1.429692496527414,1.105030966858039,931,0,130,110,1.0,True,13984.0238963985,169.3736472461718,-70.25296605024518,1.8319964982466201,1.4348659388001563,42.028985507246375,69,0,1408402389.63985,DOGEUSDT
10,9,2202.7337621797615,71.35927279237646,-73.16445593559112,1.429692496527414,1.105030966858039,931,0,130,110,1.0,True,1415.5028915259893,66.69745743075104,-75.12646552541771,1.152251328605418,1.0148049925901865,38.144329896907216,97,0,151550289.15259892,LINKUSDT
10,9,2202.7337621797615,71.35927279237646,-73.16445593559112,1.429692496527414,1.105030966858039,931,0,130,110,1.0,True,-78.45495486466751,-22.290142783346823,-83.34536959292733,0.7154043859970555,-0.019213389816284013,37.38317757009346,107,0,2154504.513533249,LTCUSDT
10,9,2202.7337621797615,71.35927279237646,-73.16445593559112,1.429692496527414,1.105030966858039,931,0,130,110,1.0,True,14577.40899511048,226.13164804818916,-58.2314697165655,1.9821597026235853,1.7195821249834833,44.927536231884055,69,0,1467740899.511048,SOLUSDT
10,9,2202.7337621797615,71.35927279237646,-73.16445593559112,1.429692496527414,1.105030966858039,931,0,130,110,1.0,True,7028.217865051268,180.29200766936006,-79.19657150390577,1.7419389106146084,1.5899492676835936,39.705882352941174,68,0,712821786.5051268,AVAXUSDT
10,9,2509.8045681698595,70.23100166089661,-74.40638873185736,1.3624836325545768,1.1001752308353412,881,0,130,120,1.0,True,1267.5198044010067,51.33213082069985,-59.62979499468444,1.7430495533625228,1.0833424625481314,33.663366336633665,101,0,136751980.44010067,BTCUSDT
10,9,2509.8045681698595,70.23100166089661,-74.40638873185736,1.3624836325545768,1.1001752308353412,881,0,130,120,1.0,True,3455.0474806626817,76.05684033130993,-66.68577230562491,1.3668197640368025,1.2050432050750215,44.44444444444444,99,0,355504748.06626815,ETHUSDT
10,9,2509.8045681698595,70.23100166089661,-74.40638873185736,1.3624836325545768,1.1001752308353412,881,0,130,120,1.0,True,3290.4894095425343,77.21837028084136,-82.2389831510279,1.3581475010723514,1.117007999122551,36.36363636363637,110,0,339048940.95425344,BNBUSDT
10,9,2509.8045681698595,70.23100166089661,-74.40638873185736,1.3624836325545768,1.1001752308353412,881,0,130,120,1.0,True,56.425660496128074,8.000461771600541,-80.99537161406457,1.043774890092327,0.4814489076166673,28.26086956521739,92,0,15642566.049612807,XRPUSDT
10,9,2509.8045681698595,70.23100166089661,-74.40638873185736,1.3624836325545768,1.1001752308353412,881,0,130,120,1.0,True,1729.1197267971843,64.40516299048329,-75.60623502571647,1.3094234652119692,1.0370523983835318,32.29166666666667,96,0,182911972.67971843,ADAUSDT
10,9,2509.8045681698595,70.23100166089661,-74.40638873185736,1.3624836325545768,1.1001752308353412,881,0,130,120,1.0,True,20040.93302276638,189.38083021097555,-73.20654243799824,1.8104564977507274,1.4985425619103527,40.0,65,0,2014093302.276638,DOGEUSDT
10,9,2509.8045681698595,70.23100166089661,-74.40638873185736,1.3624836325545768,1.1001752308353412,881,0,130,120,1.0,True,1125.55311356721,60.17398154340472,-79.21682848492763,1.1192044821668765,0.9666403547716811,38.04347826086957,92,0,122555311.356721,LINKUSDT
10,9,2509.8045681698595,70.23100166089661,-74.40638873185736,1.3624836325545768,1.1001752308353412,881,0,130,120,1.0,True,-54.127281625594,-12.017353523732876,-80.29279307002348,0.8537855285930833,0.1708914082734468,37.755102040816325,98,0,4587271.8374406,LTCUSDT
10,9,2509.8045681698595,70.23100166089661,-74.40638873185736,1.3624836325545768,1.1001752308353412,881,0,130,120,1.0,True,11185.544971372374,206.44342143800034,-61.03703645611145,2.404690048495193,1.6438981015148828,40.909090909090914,66,0,1128554497.1372373,SOLUSDT
10,9,2509.8045681698595,70.23100166089661,-74.40638873185736,1.3624836325545768,1.1001752308353412,881,0,130,120,1.0,True,5663.255020164686,166.263308702886,-71.51989808161458,2.120240099464943,1.5096735928817089,41.935483870967744,62,0,576325502.0164686,AVAXUSDT
10,9,1529.348768053218,60.82445268171685,-66.74643409815701,1.4396216812745304,1.2418697657161806,1316,0,140,40,1.0,True,1588.039795841532,56.46478879558416,-36.95594315564538,1.9390928581526619,1.3307453432315528,45.27027027027027,148,0,168803979.5841532,BTCUSDT
10,9,1529.348768053218,60.82445268171685,-66.74643409815701,1.4396216812745304,1.2418697657161806,1316,0,140,40,1.0,True,2277.212781301563,65.18411656784954,-42.08647123903766,1.4515064039151713,1.2322838533575826,40.939597315436245,149,0,237721278.13015628,ETHUSDT
10,9,1529.348768053218,60.82445268171685,-66.74643409815701,1.4396216812745304,1.2418697657161806,1316,0,140,40,1.0,True,4372.821439734064,85.37369623449675,-66.52407444492619,1.5635091735067157,1.2649764491511941,43.94904458598726,157,0,447282143.97340643,BNBUSDT
10,9,1529.348768053218,60.82445268171685,-66.74643409815701,1.4396216812745304,1.2418697657161806,1316,0,140,40,1.0,True,277.0804446121556,25.64939603691956,-67.26551079157977,1.2142448021273011,0.6762865780683611,35.483870967741936,124,0,37708044.461215556,XRPUSDT
10,9,1529.348768053218,60.82445268171685,-66.74643409815701,1.4396216812745304,1.2418697657161806,1316,0,140,40,1.0,True,704.4261504351088,42.853149852725615,-60.43069848653029,1.2689294682107188,0.8814216227325378,41.95804195804196,143,0,80442615.04351087,ADAUSDT
10,9,1529.348768053218,60.82445268171685,-66.74643409815701,1.4396216812745304,1.2418697657161806,1316,0,140,40,1.0,True,11697.269665379137,159.98256372297539,-70.17960412348641,1.7121438927068888,1.4460444094380562,43.01075268817204,93,0,1179726966.5379138,DOGEUSDT
10,9,1529.348768053218,60.82445268171685,-66.74643409815701,1.4396216812745304,1.2418697657161806,1316,0,140,40,1.0,True,576.4539560475063,43.24311289033646,-66.96879375138785,1.2340847064561877,0.8617561798288175,44.85294117647059,136,0,67645395.60475063,LINKUSDT
10,9,1529.348768053218,60.82445268171685,-66.74643409815701,1.4396216812745304,1.2418697657161806,1316,0,140,40,1.0,True,-53.89631491971576,-11.94472798708629,-77.71091823842357,0.8691430687433314,0.05110436234974546,36.0,150,0,4610368.508028423,LTCUSDT
10,9,1529.348768053218,60.82445268171685,-66.74643409815701,1.4396216812745304,1.2418697657161806,1316,0,140,40,1.0,True,1770.6566793861202,100.17145795295228,-55.3161933151975,1.488148825159045,1.2610208855715455,43.36283185840708,113,0,187065667.938612,SOLUSDT
10,9,1529.348768053218,60.82445268171685,-66.74643409815701,1.4396216812745304,1.2418697657161806,1316,0,140,40,1.0,True,1470.6577402649039,94.5039617030198,-74.86632724642868,1.4277369586338897,1.2514556780747785,38.83495145631068,103,0,157065774.0264904,AVAXUSDT
10,9,1426.3902405415215,57.06482576215372,-67.82806067102854,1.4031225786771735,1.1515090454328165,1215,0,140,50,1.0,True,1360.1251414339374,52.910965690603206,-37.27965570760671,1.71063321697456,1.2394460242287704,40.28776978417266,139,0,146012514.14339375,BTCUSDT
10,9,1426.3902405415215,57.06482576215372,-67.82806067102854,1.4031225786771735,1.1515090454328165,1215,0,140,50,1.0,True,1451.971270180222,54.395699630746286,-49.2774526572315,1.401193064858281,1.0796020712151684,39.71631205673759,141,0,155197127.0180222,ETHUSDT
10,9,1426.3902405415215,57.06482576215372,-67.82806067102854,1.4031225786771735,1.1515090454328165,1215,0,140,50,1.0,True,7043.678930345143,100.01833348691869,-70.62582462735152,1.674847502668929,1.3640260525381673,46.76258992805755,139,0,714367893.0345143,BNBUSDT
10,9,1426.3902405415215,57.06482576215372,-67.82806067102854,1.4031225786771735,1.1515090454328165,1215,0,140,50,1.0,True,196.23932795579017,20.54072568678538,-67.26551079157976,1.1399596621325918,0.6135894978344345,33.33333333333333,117,0,29623932.795579016,XRPUSDT
10,9,1426.3902405415215,57.06482576215372,-67.82806067102854,1.4031225786771735,1.1515090454328165,1215,0,140,50,1.0,True,1400.8092109028212,58.93472739743817,-61.92903397883099,1.4050520924960657,1.0339901984059718,43.84615384615385,130,0,150080921.0902821,ADAUSDT
10,9,1426.3902405415215,57.06482576215372,-67.82806067102854,1.4031225786771735,1.1515090454328165,1215,0,140,50,1.0,True,18466.17847820232,184.70055381256154,-70.25296605024518,1.78976509171855,1.5104830057331446,43.67816091954023,87,0,1856617847.8202322,DOGEUSDT
10,9,1426.3902405415215,57.06482576215372,-67.82806067102854,1.4031225786771735,1.1515090454328165,1215,0,140,50,1.0,True,936.0428828789649,55.19492412686926,-68.39061055047733,1.2992509493581235,0.9668368732099313,42.62295081967213,122,0,103604288.28789648,LINKUSDT
10,9,1426.3902405415215,57.06482576215372,-67.82806067102854,1.4031225786771735,1.1515090454328165,1215,0,140,50,1.0,True,-71.09826622700129,-18.447822187255415,-75.80753696514225,0.7727514156446942,-0.06317621044865068,34.96503496503497,143,0,2890173.377299871,LTCUSDT
10,9,1426.3902405415215,57.06482576215372,-67.82806067102854,1.4031225786771735,1.1515090454328165,1215,0,140,50,1.0,True,1608.8332090581953,95.92562628290595,-53.15003724020555,1.3942055558974218,1.2234160196504649,43.39622641509434,106,0,170883320.90581954,SOLUSDT
10,9,1426.3902405415215,57.06482576215372,-67.82806067102854,1.4031225786771735,1.1515090454328165,1215,0,140,50,1.0,True,4165.565398238313,147.59463137978793,-71.63005194028065,1.8413283033127381,1.5319646456825666,39.56043956043956,91,0,426556539.82383126,AVAXUSDT
10,9,1989.3856074240798,65.82109135431416,-65.73869906868862,1.4278297847128403,1.2044892737595854,1129,0,140,60,1.0,True,2431.573491457797,66.83845080586454,-35.88885279988898,1.9002450176963126,1.4120754578810035,40.94488188976378,127,0,253157349.1457797,BTCUSDT
10,9,1989.3856074240798,65.82109135431416,-65.73869906868862,1.4278297847128403,1.2044892737595854,1129,0,140,60,1.0,True,2242.863849608246,64.80373190276379,-48.362604117682636,1.4637940358697326,1.1805881286817155,38.46153846153847,130,0,234286384.96082458,ETHUSDT
10,9,1989.3856074240798,65.82109135431416,-65.73869906868862,1.4278297847128403,1.2044892737595854,1129,0,140,60,1.0,True,4235.258232309405,84.43568266135317,-78.58516932191648,1.6346820091639696,1.228390418837455,43.609022556390975,133,0,433525823.23094046,BNBUSDT
10,9,1989.3856074240798,65.82109135431416,-65.73869906868862,1.4278297847128403,1.2044892737595854,1129,0,140,60,1.0,True,271.25537680095243,25.31334061923094,-67.48164770462613,1.1689169652474791,0.6721424095774826,34.54545454545455,110,0,37125537.68009524,XRPUSDT
10,9,1989.3856074240798,65.82109135431416,-65.73869906868862,1.4278297847128403,1.2044892737595854,1129,0,140,60,1.0,True,1308.2279904400743,57.21306802096551,-63.76828871180623,1.3614131032546561,1.0099824807721278,44.26229508196721,122,0,140822799.04400745,ADAUSDT
10,9,1989.3856074240798,65.82109135431416,-65.73869906868862,1.4278297847128403,1.2044892737595854,1129,0,140,60,1.0,True,14292.565860575396,170.54534865475608,-70.25296605024518,1.8242753308515718,1.4533049385817431,41.66666666666667,84,0,1439256586.0575397,DOGEUSDT
10,9,1989.3856074240798,65.82109135431416,-65.73869906868862,1.4278297847128403,1.2044892737595854,1129,0,140,60,1.0,True,717.2758256863917,48.427090969540366,-74.3527512129106,1.2260616635702835,0.9020312741478046,41.73913043478261,115,0,81727582.56863916,LINKUSDT
10,9,1989.3856074240798,65.82109135431416,-65.73869906868862,1.4278297847128403,1.2044892737595854,1129,0,140,60,1.0,True,-50.36198350757979,-10.869659999341296,-76.67403124750327,0.8770527501091993,0.1107323994278195,37.69230769230769,130,0,4963801.649242021,LTCUSDT
10,9,1989.3856074240798,65.82109135431416,-65.73869906868862,1.4278297847128403,1.2044892737595854,1129,0,140,60,1.0,True,1735.9073652399136,99.28406408395306,-59.470229733375625,1.391865533555948,1.2313079899123385,40.20618556701031,97,0,183590736.52399138,SOLUSDT
10,9,1989.3856074240798,65.82109135431416,-65.73869906868862,1.4278297847128403,1.2044892737595854,1129,0,140,60,1.0,True,6874.317379200273,178.8180471515809,-63.995750432751095,2.1031295488847235,1.6503105570668213,44.44444444444444,81,0,697431737.9200273,AVAXUSDT
10,9,2682.0800493504807,71.40960524846002,-64.773779437891,1.4751354980827203,1.192633303913546,1048,0,140,70,1.0,True,3501.333792939744,76.41795611964628,-37.92556129748299,2.120912203652131,1.4951195002777222,41.73913043478261,115,0,360133379.2939744,BTCUSDT
10,9,2682.0800493504807,71.40960524846002,-64.773779437891,1.4751354980827203,1.192633303913546,1048,0,140,70,1.0,True,1834.679973844851,59.88143965207839,-49.45087418886918,1.4108213402082483,1.116371897095226,38.4,125,0,193467997.3844851,ETHUSDT
10,9,2682.0800493504807,71.40960524846002,-64.773779437891,1.4751354980827203,1.192633303913546,1048,0,140,70,1.0,True,5668.939941443672,93.19471115963765,-62.68838739363587,1.5394496559571924,1.2688947107318658,39.84375,128,0,576893994.1443672,BNBUSDT
10,9,2682.0800493504807,71.40960524846002,-64.773779437891,1.4751354980827203,1.192633303913546,1048,0,140,70,1.0,True,451.37047103543904,34.136192892693074,-65.20127283167831,1.230716722958117,0.7698501608326861,35.57692307692308,104,0,55137047.1035439,XRPUSDT
10,9,2682.0800493504807,71.40960524846002,-64.773779437891,1.4751354980827203,1.192633303913546,1048,0,140,70,1.0,True,1862.8263057612178,66.40125437727377,-65.28978761692386,1.3850181221394318,1.0855734235786019,42.98245614035088,114,0,196282630.57612178,ADAUSDT
10,9,2682.0800493504807,71.40960524846002,-64.773779437891,1.4751354980827203,1.192633303913546,1048,0,140,70,1.0,True,14377.295648491116,170.86359528302103,-71.44614854965306,1.7151404375603658,1.4492345939644162,44.44444444444444,81,0,1447729564.8491116,DOGEUSDT
10,9,2682.0800493504807,71.40960524846002,-64.773779437891,1.4751354980827203,1.192633303913546,1048,0,140,70,1.0,True,1107.3843872911227,59.72488351349292,-67.33243675225341,1.2538067563822206,0.9923753082882064,41.1214953271028,107,0,120738438.72911228,LINKUSDT
10,9,2682.0800493504807,71.40960524846002,-64.773779437891,1.4751354980827203,1.192633303913546,1048,0,140,70,1.0,True,-43.181506042670215,-8.869178104011343,-77.20922698399659,0.8985609017415948,0.1655996725954671,39.166666666666664,120,0,5681849.395732978,LTCUSDT
10,9,2682.0800493504807,71.40960524846002,-64.773779437891,1.4751354980827203,1.192633303913546,1048,0,140,70,1.0,True,7323.982094773426,177.49301402300927,-51.793766742784186,1.5971399210079713,1.5961005770203354,46.913580246913575,81,0,742398209.4773426,SOLUSDT
10,9,2682.0800493504807,71.40960524846002,-64.773779437891,1.4751354980827203,1.192633303913546,1048,0,140,70,1.0,True,12100.518447648557,219.14699140499442,-64.34628604410368,2.5516846942083857,1.7948464387360397,45.20547945205479,73,0,1220051844.7648559,AVAXUSDT
10,9,2785.6633075202544,76.99524316758126,-66.72713852562038,1.4726953030661174,1.1824838948059684,1001,0,140,80,1.0,True,3595.9799049371677,77.14436790015048,-45.1122007650817,2.0612435161850047,1.4797592042069292,44.44444444444444,108,0,369597990.4937167,BTCUSDT
10,9,2785.6633075202544,76.99524316758126,-66.72713852562038,1.4726953030661174,1.1824838948059684,1001,0,140,80,1.0,True,1246.0245022565423,50.95282856477643,-51.11212240646608,1.3485756813245313,1.0029772364170604,38.21138211382114,123,0,134602450.22565424,ETHUSDT
10,9,2785.6633075202544,76.99524316758126,-66.72713852562038,1.4726953030661174,1.1824838948059684,1001,0,140,80,1.0,True,5292.6995469405465,91.09031798557116,-66.53483053565805,1.5094008629917601,1.2459486862522553,40.49586776859504,121,0,539269954.6940546,BNBUSDT
10,9,2785.6633075202544,76.99524316758126,-66.72713852562038,1.4726953030661174,1.1824838948059684,1001,0,140,80,1.0,True,243.1965334029095,23.630651338109022,-70.7517274168722,1.1502553536209323,0.6544049773380047,31.63265306122449,98,0,34319653.34029095,XRPUSDT
10,9,2785.6633075202544,76.99524316758126,-66.72713852562038,1.4726953030661174,1.1824838948059684,1001,0,140,80,1.0,True,1521.671451713278,61.05444447527131,-64.05988215498193,1.435989743140475,1.0338655368538057,42.72727272727273,110,0,162167145.1713278,ADAUSDT
10,9,2785.6633075202544,76.99524316758126,-66.72713852562038,1.4726953030661174,1.1824838948059684,1001,0,140,80,1.0,True,16449.880387569927,178.2201698206172,-71.99347096960733,1.9589517839705184,1.47367517696793,41.333333333333336,75,0,1654988038.7569926,DOGEUSDT
10,9,2785.6633075202544,76.99524316758126,-66.72713852562038,1.4726953030661174,1.1824838948059684,1001,0,140,80,1.0,True,1975.3467101033411,76.84611843501203,-66.9194465155827,1.373478905873899,1.1190191033596817,43.0,100,0,207534671.0103341,LINKUSDT
10,9,2785.6633075202544,76.99524316758126,-66.72713852562038,1.4726953030661174,1.1824838948059684,1001,0,140,80,1.0,True,-53.309089374481125,-11.761439874265545,-79.64075108765746,0.8555107299146849,0.12790969110106173,40.17094017094017,117,0,4669091.062551888,LTCUSDT
10,9,2785.6633075202544,76.99524316758126,-66.72713852562038,1.4726953030661174,1.1824838948059684,1001,0,140,80,1.0,True,8835.620758568868,189.95048584742014,-58.150978429745706,1.6629281196974544,1.6325223248523608,44.73684210526316,76,0,893562075.8568869,SOLUSDT
10,9,2785.6633075202544,76.99524316758126,-66.72713852562038,1.4726953030661174,1.1824838948059684,1001,0,140,80,1.0,True,6213.080706179799,172.18914351448814,-70.82633372013349,1.9888941174610149,1.5976414558455505,42.465753424657535,73,0,631308070.6179799,AVAXUSDT
10,9,2417.1843049159943,70.54763358821049,-65.90596307377285,1.5066172907635678,1.1529118838878443,967,0,140,90,1.0,True,3197.56555253461,73.97259956339481,-42.12003115616545,2.070398043642504,1.428913289549957,43.80952380952381,105,0,329756555.253461,BTCUSDT
10,9,2417.1843049159943,70.54763358821049,-65.90596307377285,1.5066172907635678,1.1529118838878443,967,0,140,90,1.0,True,1551.3430799430844,55.92100945565694,-56.39352609773039,1.4052719948443662,1.0507454559400047,41.37931034482759,116,0,165134307.9943084,ETHUSDT
10,9,2417.1843049159943,70.54763358821049,-65.90596307377285,1.5066172907635678,1.1529118838878443,967,0,140,90,1.0,True,5592.3906123401575,92.77606913164709,-65.11591097846963,1.5285114533178414,1.255078311835684,38.46153846153847,117,0,569239061.2340157,BNBUSDT
10,9,2417.1843049159943,70.54763358821049,-65.90596307377285,1.5066172907635678,1.1529118838878443,967,0,140,90,1.0,True,104.92486103547859,13.136233265748798,-72.81376683443155,1.0840295560643913,0.5319703160340724,30.208333333333332,96,0,20492486.103547856,XRPUSDT
10,9,2417.1843049159943,70.54763358821049,-65.90596307377285,1.5066172907635678,1.1529118838878443,967,0,140,90,1.0,True,1636.8030572973782,62.95515800915754,-64.97793879241125,1.4847231282092943,1.0396439086059022,42.99065420560748,107,0,173680305.72973785,ADAUSDT
10,9,2417.1843049159943,70.54763358821049,-65.90596307377285,1.5066172907635678,1.1529118838878443,967,0,140,90,1.0,True,12353.11813975656,162.81503717899395,-77.04539930363286,1.7026627017869673,1.4175394286055756,41.0958904109589,73,0,1245311813.975656,DOGEUSDT
10,9,2417.1843049159943,70.54763358821049,-65.90596307377285,1.5066172907635678,1.1529118838878443,967,0,140,90,1.0,True,1436.180344783811,67.12266761302618,-66.69601516907608,1.2858316108423533,1.0402812267339472,40.816326530612244,98,0,153618034.4783811,LINKUSDT
10,9,2417.1843049159943,70.54763358821049,-65.90596307377285,1.5066172907635678,1.1529118838878443,967,0,140,90,1.0,True,-72.39694507208903,-19.061483456026085,-85.37534205127353,0.7276766392021428,0.011226745318324738,35.39823008849557,113,0,2760305.492791097,LTCUSDT
10,9,2417.1843049159943,70.54763358821049,-65.90596307377285,1.5066172907635678,1.1529118838878443,967,0,140,90,1.0,True,11399.558838217454,207.81055892866868,-59.20476240486134,1.771620454307955,1.6799117119649531,45.07042253521127,71,0,1149955883.8217454,SOLUSDT
10,9,2417.1843049159943,70.54763358821049,-65.90596307377285,1.5066172907635678,1.1529118838878443,967,0,140,90,1.0,True,4934.7142066547485,157.71120000686847,-73.75502228575044,1.7228464748370558,1.5249670218143125,45.07042253521127,71,0,503471420.66547483,AVAXUSDT
10,9,2667.3690623050124,79.06362607899416,-69.28055256872615,1.4677866810633753,1.2128695476214228,925,0,140,100,1.0,True,2371.2148534821213,66.20195116549614,-45.10394008581612,1.9147376373476532,1.3157184897316565,40.19607843137255,102,0,247121485.34821212,BTCUSDT
10,9,2667.3690623050124,79.06362607899416,-69.28055256872615,1.4677866810633753,1.2128695476214228,925,0,140,100,1.0,True,1483.1962750463204,54.883632474693144,-60.717843952241644,1.3745022211577052,1.03161009181257,41.81818181818181,110,0,158319627.50463203,ETHUSDT
10,9,2667.3690623050124,79.06362607899416,-69.28055256872615,1.4677866810633753,1.2128695476214228,925,0,140,100,1.0,True,5672.930213581528,93.2164057632918,-68.84581694119805,1.499426498114655,1.252372212648898,37.391304347826086,115,0,577293021.3581527,BNBUSDT
10,9,2667.3690623050124,79.06362607899416,-69.28055256872615,1.4677866810633753,1.2128695476214228,925,0,140,100,1.0,True,103.0111488155037,12.953777433949142,-79.00958793447991,1.070734581657177,0.5338670237160766,30.107526881720432,93,0,20301114.88155037,XRPUSDT
10,9,2667.3690623050124,79.06362607899416,-69.28055256872615,1.4677866810633753,1.2128695476214228,925,0,140,100,1.0,True,1964.767001655796,67.8487073134339,-69.71528819625425,1.4361468640120956,1.0764694234946308,42.0,100,0,206476700.16557962,ADAUSDT
10,9,2667.3690623050124,79.06362607899416,-69.28055256872615,1.4677866810633753,1.2128695476214228,925,0,140,100,1.0,True,14428.314843666381,171.05450650178423,-72.97667360109953,1.89991247668554,1.4435144685088053,43.28358208955223,67,0,1452831484.3666382,DOGEUSDT
10,9,2667.3690623050124,79.06362607899416,-69.28055256872615,1.4677866810633753,1.2128695476214228,925,0,140,100,1.0,True,2963.523271127904,90.27854484455442,-56.951456933028325,1.334533453292106,1.1733668825939474,40.86021505376344,93,0,306352327.1127904,LINKUSDT
10,9,2667.3690623050124,79.06362607899416,-69.28055256872615,1.4677866810633753,1.2128695476214228,925,0,140,100,1.0,True,-80.5109359745332,-23.560074311107492,-87.0253148075432,0.6644814339459973,-0.06225546339348312,33.94495412844037,109,0,1948906.402546681,LTCUSDT
10,9,2667.3690623050124,79.06362607899416,-69.28055256872615,1.4677866810633753,1.2128695476214228,925,0,140,100,1.0,True,9845.999093559252,197.4046425995283,-59.20476240486134,1.6997397655176973,1.6385621485518092,44.285714285714285,70,0,994599909.3559253,SOLUSDT
10,9,2667.3690623050124,79.06362607899416,-69.28055256872615,1.4677866810633753,1.2128695476214228,925,0,140,100,1.0,True,8391.0941090637,192.39186320944515,-75.48940204748939,1.9680216865753988,1.649571878016343,43.93939393939394,66,0,849109410.90637,AVAXUSDT
10,9,2434.5965691492497,78.44460005031863,-70.97385454967983,1.4302613864890081,1.1577619665193164,890,0,140,110,1.0,True,1846.413091644413,60.034636603202784,-50.600118788962156,1.7670510671481023,1.2221274230361279,34.34343434343434,99,0,194641309.16444132,BTCUSDT
10,9,2434.5965691492497,78.44460005031863,-70.97385454967983,1.4302613864890081,1.1577619665193164,890,0,140,110,1.0,True,1548.920864981292,55.88475998875035,-56.612025357493565,1.3503980421581805,1.031116258940279,43.689320388349515,103,0,164892086.4981292,ETHUSDT
10,9,2434.5965691492497,78.44460005031863,-70.97385454967983,1.4302613864890081,1.1577619665193164,890,0,140,110,1.0,True,4268.694181760455,84.66594396045089,-74.7066930460359,1.4660576872592421,1.178422881464601,36.607142857142854,112,0,436869418.1760455,BNBUSDT
10,9,2434.5965691492497,78.44460005031863,-70.97385454967983,1.4302613864890081,1.1577619665193164,890,0,140,110,1.0,True,94.13748030885762,12.088663302446134,-80.40030123638832,1.0658234629830976,0.5257586017953861,28.57142857142857,91,0,19413748.030885763,XRPUSDT
10,9,2434.5965691492497,78.44460005031863,-70.97385454967983,1.4302613864890081,1.1577619665193164,890,0,140,110,1.0,True,2642.0226149531754,76.19445222588281,-71.69474304911448,1.394465085718774,1.1371010515740319,38.54166666666667,96,0,274202261.4953175,ADAUSDT
10,9,2434.5965691492497,78.44460005031863,-70.97385454967983,1.4302613864890081,1.1577619665193164,890,0,140,110,1.0,True,15438.07665368667,174.72698288769388,-70.25296605024518,1.9231723832140013,1.4540568350422178,44.61538461538462,65,0,1553807665.3686671,DOGEUSDT
10,9,2434.5965691492497,78.44460005031863,-70.97385454967983,1.4302613864890081,1.1577619665193164,890,0,140,110,1.0,True,2227.170523345324,80.69474787475444,-65.76911183420306,1.24167339592055,1.1098934161283445,40.0,90,0,232717052.3345324,LINKUSDT
10,9,2434.5965691492497,78.44460005031863,-70.97385454967983,1.4302613864890081,1.1577619665193164,890,0,140,110,1.0,True,-76.92896550044055,-21.411548193201966,-83.99754845403531,0.7210574357177435,-0.012059526629141214,37.86407766990291,103,0,2307103.4499559454,LTCUSDT
10,9,2434.5965691492497,78.44460005031863,-70.97385454967983,1.4302613864890081,1.1577619665193164,890,0,140,110,1.0,True,9828.874329339415,197.28322806825415,-60.26511727125128,1.855668485400677,1.62854332265609,44.11764705882353,68,0,992887432.9339415,SOLUSDT
10,9,2434.5965691492497,78.44460005031863,-70.97385454967983,1.4302613864890081,1.1577619665193164,890,0,140,110,1.0,True,8334.028646933306,191.91596476937772,-78.22358625812984,1.9113675580298326,1.6417164259659005,42.857142857142854,63,0,843402864.6933306,AVAXUSDT
10,9,2268.541801647101,71.14302903642793,-74.52771890628675,1.3824870577745183,1.1385581242744118,845,0,140,120,1.0,True,1903.0220670823155,60.76302646789675,-48.46224048933251,1.814996420214861,1.2230498690171288,34.375,96,0,200302206.70823157,BTCUSDT
10,9,2268.541801647101,71.14302903642793,-74.52771890628675,1.3824870577745183,1.1385581242744118,845,0,140,120,1.0,True,3090.0132392783557,73.0612162087802,-58.17707174706239,1.403182230844934,1.1861780246241194,43.15789473684211,95,0,319001323.9278356,ETHUSDT
10,9,2268.541801647101,71.14302903642793,-74.52771890628675,1.3824870577745183,1.1385581242744118,845,0,140,120,1.0,True,2451.7140356898453,69.22484186407567,-82.43019558717434,1.3617918847041024,1.0609573441392428,34.25925925925926,108,0,255171403.5689845,BNBUSDT
10,9,2268.541801647101,71.14302903642793,-74.52771890628675,1.3824870577745183,1.1385581242744118,845,0,140,120,1.0,True,53.880007400947406,7.6960574593121445,-79.0513698166584,1.0468215968121972,0.47491094609128787,27.77777777777778,90,0,15388000.74009474,XRPUSDT
10,9,2268.541801647101,71.14302903642793,-74.52771890628675,1.3824870577745183,1.1385581242744118,845,0,140,120,1.0,True,1805.5818268617986,65.56090144123903,-75.43030444900488,1.300983847745882,1.048501972315936,32.967032967032964,91,0,190558182.68617988,ADAUSDT
10,9,2268.541801647101,71.14302903642793,-74.52771890628675,1.3824870577745183,1.1385581242744118,845,0,140,120,1.0,True,23477.025312477723,198.65587066969167,-73.70065750645728,2.0054817812941814,1.528831490508951,42.62295081967213,61,0,2357702531.247772,DOGEUSDT
10,9,2268.541801647101,71.14302903642793,-74.52771890628675,1.3824870577745183,1.1385581242744118,845,0,140,120,1.0,True,2085.3695676043562,78.5717969759053,-65.06587783038268,1.213838879473524,1.0909382239247045,38.82352941176471,85,0,218536956.76043564,LINKUSDT
10,9,2268.541801647101,71.14302903642793,-74.52771890628675,1.3824870577745183,1.1385581242744118,845,0,140,120,1.0,True,-53.03174238579271,-11.675541801012946,-80.75214521462722,0.858696733146635,0.1701801973126918,38.94736842105263,95,0,4696825.761420729,LTCUSDT
10,9,2268.541801647101,71.14302903642793,-74.52771890628675,1.3824870577745183,1.1385581242744118,845,0,140,120,1.0,True,8202.651788246116,184.94640609727662,-62.934085143164864,2.3132849285169743,1.5738616440218196,40.0,65,0,830265178.8246114,SOLUSDT
10,9,2268.541801647101,71.14302903642793,-74.52771890628675,1.3824870577745183,1.1385581242744118,845,0,140,120,1.0,True,5188.574321070046,160.79183096416477,-75.35478030611623,2.048013080954095,1.4935860248400283,44.06779661016949,59,0,528857432.10700464,AVAXUSDT
10,10,1474.6571059022067,60.39301572729026,-66.44303555706341,1.474604409013515,1.2043717623806265,1273,0,150,40,1.0,True,1351.3785594174512,52.76550765842922,-38.544009158854365,1.8129088189850464,1.2780639203682822,44.44444444444444,144,0,145137855.94174513,BTCUSDT
10,10,1474.6571059022067,60.39301572729026,-66.44303555706341,1.474604409013515,1.2043717623806265,1273,0,150,40,1.0,True,2546.9628879503375,68.0205237961513,-42.606273477619006,1.574617804493281,1.2713578598044875,41.66666666666667,144,0,264696288.79503375,ETHUSDT
10,10,1474.6571059022067,60.39301572729026,-66.44303555706341,1.474604409013515,1.2043717623806265,1273,0,150,40,1.0,True,2924.2363927712,73.95876345091548,-69.17941787836448,1.5504387366018648,1.1737387736830043,43.506493506493506,154,0,302423639.27712,BNBUSDT
10,10,1474.6571059022067,60.39301572729026,-66.44303555706341,1.474604409013515,1.2043717623806265,1273,0,150,40,1.0,True,243.5467123125826,23.65234228806299,-67.26551079157977,1.1958595904601246,0.6515434454668554,36.36363636363637,121,0,34354671.23125826,XRPUSDT
10,10,1474.6571059022067,60.39301572729026,-66.44303555706341,1.474604409013515,1.2043717623806265,1273,0,150,40,1.0,True,675.404324838729,41.9580740386293,-59.93631676320938,1.269588891839554,0.8730657733134065,43.79562043795621,137,0,77540432.4838729,ADAUSDT
10,10,1474.6571059022067,60.39301572729026,-66.44303555706341,1.474604409013515,1.2043717623806265,1273,0,150,40,1.0,True,11681.327368931803,159.9121602370054,-70.1796041234864,1.9121757435210134,1.4471665780629919,43.333333333333336,90,0,1178132736.8931804,DOGEUSDT
10,10,1474.6571059022067,60.39301572729026,-66.44303555706341,1.474604409013515,1.2043717623806265,1273,0,150,40,1.0,True,542.8604277506709,41.87804431861073,-69.83692009270737,1.2239637662544096,0.8496121559256072,45.80152671755725,131,0,64286042.77506708,LINKUSDT
10,10,1474.6571059022067,60.39301572729026,-66.44303555706341,1.474604409013515,1.2043717623806265,1273,0,150,40,1.0,True,15.05467559077751,2.3306942075565384,-66.17944373594464,1.0249563553062062,0.31008314741061027,36.17021276595745,141,0,11505467.55907775,LTCUSDT
10,10,1474.6571059022067,60.39301572729026,-66.44303555706341,1.474604409013515,1.2043717623806265,1273,0,150,40,1.0,True,1597.9356523869621,95.6288417214062,-55.73514386231838,1.4772960737246352,1.2350047510782487,43.75,112,0,169793565.23869622,SOLUSDT
10,10,1474.6571059022067,60.39301572729026,-66.44303555706341,1.474604409013515,1.2043717623806265,1273,0,150,40,1.0,True,1747.7938694707968,102.29073454547657,-66.70662737818218,1.471912744302395,1.3061543842136547,39.39393939393939,99,0,184779386.9470797,AVAXUSDT
10,9,1469.1311391002323,58.78957971357526,-62.17668761243782,1.464431175114674,1.150927523933294,1177,0,150,50,1.0,True,1122.2551412914222,48.66397245502316,-38.34278706748439,1.6115006040261555,1.1769599051685349,40.44117647058824,136,0,122225514.12914222,BTCUSDT
10,9,1469.1311391002323,58.78957971357526,-62.17668761243782,1.464431175114674,1.150927523933294,1177,0,150,50,1.0,True,1680.6456791721216,57.79406490036534,-48.47396783997742,1.5191596039428314,1.1248951426980531,39.705882352941174,136,0,178064567.9172122,ETHUSDT
10,9,1469.1311391002323,58.78957971357526,-62.17668761243782,1.464431175114674,1.150927523933294,1177,0,150,50,1.0,True,4579.094182968887,86.73591890760837,-72.51793655599926,1.6373100149871311,1.2678961123194223,45.98540145985402,137,0,467909418.29688877,BNBUSDT
10,9,1469.1311391002323,58.78957971357526,-62.17668761243782,1.464431175114674,1.150927523933294,1177,0,150,50,1.0,True,170.15915327011254,18.644848448290972,-67.26551079157976,1.126084946821277,0.5895021000541028,32.45614035087719,114,0,27015915.327011254,XRPUSDT
10,9,1469.1311391002323,58.78957971357526,-62.17668761243782,1.464431175114674,1.150927523933294,1177,0,150,50,1.0,True,1448.3651110479761,59.78509452678517,-61.201310210322966,1.4097027462865164,1.0444338453314812,45.96774193548387,124,0,154836511.1047976,ADAUSDT
10,9,1469.1311391002323,58.78957971357526,-62.17668761243782,1.464431175114674,1.150927523933294,1177,0,150,50,1.0,True,16166.827386487925,177.2605529960729,-70.25296605024518,1.8127363931858267,1.4860367337938576,43.529411764705884,85,0,1626682738.6487923,DOGEUSDT
10,9,1469.1311391002323,58.78957971357526,-62.17668761243782,1.464431175114674,1.150927523933294,1177,0,150,50,1.0,True,787.3659222889885,50.740763346469194,-71.13528382061612,1.2689111840490876,0.929521051356434,44.06779661016949,118,0,88736592.22889884,LINKUSDT
10,9,1469.1311391002323,58.78957971357526,-62.17668761243782,1.464431175114674,1.150927523933294,1177,0,150,50,1.0,True,-12.463126764919274,-2.1631177567399185,-62.992384052842574,0.9756786380211947,0.2368366137004103,35.82089552238806,134,0,8753687.323508073,LTCUSDT
10,9,1469.1311391002323,58.78957971357526,-62.17668761243782,1.464431175114674,1.150927523933294,1177,0,150,50,1.0,True,1489.8971671524882,92.60491739413312,-55.354066068554545,1.3928921349670587,1.2048532350193442,42.857142857142854,105,0,158989716.71524882,SOLUSDT
10,9,1469.1311391002323,58.78957971357526,-62.17668761243782,1.464431175114674,1.150927523933294,1177,0,150,50,1.0,True,4616.765321953716,153.6820237983934,-61.36099117203305,1.898553550950438,1.5677584856378006,39.77272727272727,88,0,471676532.19537157,AVAXUSDT
10,10,1811.609045801655,62.297647711783725,-63.62397500960563,1.450042927528573,1.1466466364535606,1094,0,150,60,1.0,True,2038.6361530806885,62.439939974853,-37.11515665606758,1.7916445437206914,1.3563782030760565,40.32258064516129,124,0,213863615.30806884,BTCUSDT
10,10,1811.609045801655,62.297647711783725,-63.62397500960563,1.450042927528573,1.1466466364535606,1094,0,150,60,1.0,True,2015.0921076844015,62.155355448714445,-47.3870943283904,1.510400042770501,1.1578729891231752,37.00787401574803,127,0,211509210.76844016,ETHUSDT
10,10,1811.609045801655,62.297647711783725,-63.62397500960563,1.450042927528573,1.1466466364535606,1094,0,150,60,1.0,True,2763.244405680206,72.42022807980963,-80.11955905938058,1.592332578353549,1.135420283783946,41.221374045801525,131,0,286324440.5680206,BNBUSDT
10,10,1811.609045801655,62.297647711783725,-63.62397500960563,1.450042927528573,1.1466466364535606,1094,0,150,60,1.0,True,238.57085039227175,23.342391350529578,-67.48164770462613,1.1539035971285647,0.6487730120263149,33.64485981308411,107,0,33857085.03922717,XRPUSDT
10,10,1811.609045801655,62.297647711783725,-63.62397500960563,1.450042927528573,1.1466466364535606,1094,0,150,60,1.0,True,1404.1554061880386,58.99528723137768,-60.62488190060316,1.374854785899337,1.0288359956153525,45.689655172413794,116,0,150415540.61880386,ADAUSDT
10,10,1811.609045801655,62.297647711783725,-63.62397500960563,1.450042927528573,1.1466466364535606,1094,0,150,60,1.0,True,12804.813497872728,164.6971870184516,-70.25296605024518,1.871243741769312,1.4334763595118016,41.46341463414634,82,0,1290481349.787273,DOGEUSDT
10,10,1811.609045801655,62.297647711783725,-63.62397500960563,1.450042927528573,1.1466466364535606,1094,0,150,60,1.0,True,530.4496766063569,41.35905977049556,-75.80333050016603,1.1977920843760235,0.8381195654392964,40.17857142857143,112,0,63044967.66063569,LINKUSDT
10,10,1811.609045801655,62.297647711783725,-63.62397500960563,1.450042927528573,1.1466466364535606,1094,0,150,60,1.0,True,51.89942571653419,7.1094354379168445,-66.6230681186081,1.0719079407986671,0.4082325701030948,39.66942148760331,121,0,15189942.571653418,LTCUSDT
10,10,1811.609045801655,62.297647711783725,-63.62397500960563,1.450042927528573,1.1466466364535606,1094,0,150,60,1.0,True,1608.1259839189083,95.90640957006853,-59.85024107914016,1.3896858122866447,1.2131947154013563,39.58333333333333,96,0,170812598.39189085,SOLUSDT
10,10,1811.609045801655,62.297647711783725,-63.62397500960563,1.450042927528573,1.1466466364535606,1094,0,150,60,1.0,True,7771.833647037384,187.0918318821338,-54.201395629782766,2.170066496661753,1.692816730862643,43.58974358974359,78,0,787183364.7037385,AVAXUSDT
10,10,2423.3397485569394,69.24546209174409,-61.54102892074962,1.478042832200217,1.1373159569335543,1018,0,150,70,1.0,True,2991.97256370382,72.20761603843337,-38.169761509881205,1.9980193952554088,1.4476740950416171,41.07142857142857,112,0,309197256.370382,BTCUSDT
10,10,2423.3397485569394,69.24546209174409,-61.54102892074962,1.478042832200217,1.1373159569335543,1018,0,150,70,1.0,True,1646.5896538707207,57.31213594107862,-46.60611743722637,1.4474271521409499,1.09314906986204,37.704918032786885,122,0,174658965.38707206,ETHUSDT
10,10,2423.3397485569394,69.24546209174409,-61.54102892074962,1.478042832200217,1.1373159569335543,1018,0,150,70,1.0,True,3735.950106059046,80.8068529804105,-65.36150387010588,1.5086585122594842,1.1814828440050682,36.507936507936506,126,0,383595010.6059046,BNBUSDT
10,10,2423.3397485569394,69.24546209174409,-61.54102892074962,1.478042832200217,1.1373159569335543,1018,0,150,70,1.0,True,416.12495786658616,32.620556099336895,-65.20127283167834,1.2166082329123022,0.753753881531426,34.65346534653465,101,0,51612495.786658615,XRPUSDT
10,10,2423.3397485569394,69.24546209174409,-61.54102892074962,1.478042832200217,1.1373159569335543,1018,0,150,70,1.0,True,1854.706933410059,66.28330814505479,-62.278387522200305,1.394857322987285,1.087026130504777,43.11926605504588,109,0,195470693.34100592,ADAUSDT
10,10,2423.3397485569394,69.24546209174409,-61.54102892074962,1.478042832200217,1.1373159569335543,1018,0,150,70,1.0,True,12880.779333455192,165.00853197257382,-75.71159457607143,1.7495937936132608,1.4295875007266072,44.303797468354425,79,0,1298077933.345519,DOGEUSDT
10,10,2423.3397485569394,69.24546209174409,-61.54102892074962,1.478042832200217,1.1373159569335543,1018,0,150,70,1.0,True,896.4087170313744,54.06109419711205,-69.65318458426297,1.227967264478876,0.9481145819585068,40.38461538461539,104,0,99640871.70313744,LINKUSDT
10,10,2423.3397485569394,69.24546209174409,-61.54102892074962,1.478042832200217,1.1373159569335543,1018,0,150,70,1.0,True,34.75532331465103,5.0226591876826765,-60.80367031929893,1.0531319312207765,0.38235847218259716,40.35087719298245,114,0,13475532.331465103,LTCUSDT
10,10,2423.3397485569394,69.24546209174409,-61.54102892074962,1.478042832200217,1.1373159569335543,1018,0,150,70,1.0,True,5739.453665271914,162.147834911153,-51.793766742784186,1.5467005647688803,1.5354546728912362,44.44444444444444,81,0,583945366.5271914,SOLUSDT
10,10,2423.3397485569394,69.24546209174409,-61.54102892074962,1.478042832200217,1.1373159569335543,1018,0,150,70,1.0,True,13670.61848514744,228.6176925769408,-55.09760251231279,2.63453242255577,1.8374089135263463,44.285714285714285,70,0,1377061848.514744,AVAXUSDT
10,10,2344.982489678959,71.5948956384491,-63.769809606401296,1.4893797743348725,1.125270395111993,973,0,150,80,1.0,True,3038.3795364133825,72.61445911795616,-45.32812881068953,1.944814730549415,1.4286266316266811,43.39622641509434,106,0,313837953.6413382,BTCUSDT
10,10,2344.982489678959,71.5948956384491,-63.769809606401296,1.4893797743348725,1.125270395111993,973,0,150,80,1.0,True,1123.9722481870876,48.69703513021919,-51.55092879345957,1.3803313667665926,0.981070276119914,36.666666666666664,120,0,122397224.81870876,ETHUSDT
10,10,2344.982489678959,71.5948956384491,-63.769809606401296,1.4893797743348725,1.125270395111993,973,0,150,80,1.0,True,3722.6294227120165,80.7047410012299,-68.93240823544534,1.4906414505629502,1.1735918275251358,36.134453781512605,119,0,382262942.2712016,BNBUSDT
10,10,2344.982489678959,71.5948956384491,-63.769809606401296,1.4893797743348725,1.125270395111993,973,0,150,80,1.0,True,232.46578807572047,22.956906454002368,-70.40408553266249,1.146827935040252,0.6465671179224636,30.526315789473685,95,0,33246578.80757205,XRPUSDT
10,10,2344.982489678959,71.5948956384491,-63.769809606401296,1.4893797743348725,1.125270395111993,973,0,150,80,1.0,True,1651.5854429445355,63.19157369464865,-59.71494773199787,1.4881180981067947,1.0551506936613224,42.857142857142854,105,0,175158544.29445356,ADAUSDT
10,10,2344.982489678959,71.5948956384491,-63.769809606401296,1.4893797743348725,1.125270395111993,973,0,150,80,1.0,True,13706.751358175148,168.30304786435707,-76.17717711908921,1.8962390923334072,1.440422863864574,41.891891891891895,74,0,1380675135.817515,DOGEUSDT
10,10,2344.982489678959,71.5948956384491,-63.769809606401296,1.4893797743348725,1.125270395111993,973,0,150,80,1.0,True,1612.7114311281343,70.57533215894205,-68.7903923356648,1.3426661105262072,1.07694896269885,41.23711340206185,97,0,171271143.1128134,LINKUSDT
10,10,2344.982489678959,71.5948956384491,-63.769809606401296,1.4893797743348725,1.125270395111993,973,0,150,80,1.0,True,18.21589332774778,2.787396911241924,-64.2810153347583,1.0313855784928168,0.3529406864722284,40.54054054054054,111,0,11821589.332774777,LTCUSDT
10,10,2344.982489678959,71.5948956384491,-63.769809606401296,1.4893797743348725,1.125270395111993,973,0,150,80,1.0,True,6928.468354278243,173.91651612374432,-58.150978429745706,1.6068757537902283,1.5729937731618842,42.10526315789473,76,0,702846835.4278243,SOLUSDT
10,10,2344.982489678959,71.5948956384491,-63.769809606401296,1.4893797743348725,1.125270395111993,973,0,150,80,1.0,True,7025.5148801105815,180.2663294235955,-63.2586038780443,2.056337326416709,1.6380390636377518,41.42857142857143,70,0,712551488.0110582,AVAXUSDT
10,9,2275.491614262204,67.67613914081048,-67.09033985246465,1.5232465536601205,1.11237861233134,940,0,150,90,1.0,True,2775.045971425515,70.23481628566361,-44.55062801451408,1.956768160611746,1.3871496258885085,44.66019417475729,103,0,287504597.1425515,BTCUSDT
10,9,2275.491614262204,67.67613914081048,-67.09033985246465,1.5232465536601205,1.11237861233134,940,0,150,90,1.0,True,1429.4837991109111,54.03915890594986,-56.78492781538465,1.4605529384202551,1.0346089652408301,39.823008849557525,113,0,152948379.91109112,ETHUSDT
10,9,2275.491614262204,67.67613914081048,-67.09033985246465,1.5232465536601205,1.11237861233134,940,0,150,90,1.0,True,3613.206521243719,79.85446707454611,-70.19833895180166,1.504763934275784,1.1647006969700162,34.48275862068966,116,0,371320652.1243719,BNBUSDT
10,9,2275.491614262204,67.67613914081048,-67.09033985246465,1.5232465536601205,1.11237861233134,940,0,150,90,1.0,True,102.62301549369988,12.916598707973993,-73.14009829619236,1.0827041984000811,0.528710641512584,30.107526881720432,93,0,20262301.549369987,XRPUSDT
10,9,2275.491614262204,67.67613914081048,-67.09033985246465,1.5232465536601205,1.11237861233134,940,0,150,90,1.0,True,1775.9372570988937,65.11746199595734,-62.77104044785041,1.5417291730444571,1.060056527692664,44.11764705882353,102,0,187593725.70988935,ADAUSDT
10,9,2275.491614262204,67.67613914081048,-67.09033985246465,1.5232465536601205,1.11237861233134,940,0,150,90,1.0,True,10289.024075287929,153.4470291825802,-80.47443201197294,1.6539302169271677,1.3842633870290806,41.66666666666667,72,0,1038902407.528793,DOGEUSDT
10,9,2275.491614262204,67.67613914081048,-67.09033985246465,1.5232465536601205,1.11237861233134,940,0,150,90,1.0,True,1186.6039913381196,61.64448383646493,-68.11250536289603,1.263162628110971,1.0014090918970546,38.94736842105263,95,0,128660399.13381195,LINKUSDT
10,9,2275.491614262204,67.67613914081048,-67.09033985246465,1.5232465536601205,1.11237861233134,940,0,150,90,1.0,True,-27.71996316700166,-5.193475610465914,-74.34198406561643,0.9289085990353068,0.23295780418786488,35.51401869158878,107,0,7228003.683299834,LTCUSDT
10,9,2275.491614262204,67.67613914081048,-67.09033985246465,1.5232465536601205,1.11237861233134,940,0,150,90,1.0,True,8945.175673131958,190.78892310202886,-59.20476240486134,1.7080615010198676,1.621872538744371,42.25352112676056,71,0,904517567.3131958,SOLUSDT
10,9,2275.491614262204,67.67613914081048,-67.09033985246465,1.5232465536601205,1.11237861233134,940,0,150,90,1.0,True,5733.724614511097,167.04614455660604,-66.06817434203327,1.790549661315981,1.5716158614041686,44.11764705882353,68,0,583372461.4511096,AVAXUSDT
10,9,2383.9194611774947,76.25744662718131,-68.22635646057935,1.487732631893176,1.150177051834898,899,0,150,100,1.0,True,2112.4341956386756,63.3151937745174,-47.201538489980024,1.8220467146468744,1.2829139179199656,41.0,100,0,221243419.56386757,BTCUSDT
10,9,2383.9194611774947,76.25744662718131,-68.22635646057935,1.487732631893176,1.150177051834898,899,0,150,100,1.0,True,1397.3121631940776,53.52132572554762,-61.07043158371841,1.4333316687639532,1.0210081198548993,40.18691588785047,107,0,149731216.31940776,ETHUSDT
10,9,2383.9194611774947,76.25744662718131,-68.22635646057935,1.487732631893176,1.150177051834898,899,0,150,100,1.0,True,3665.7761458220884,80.26554326780382,-73.38486264344867,1.4753830675238881,1.1629084582994256,34.21052631578947,114,0,376577614.5822088,BNBUSDT
10,9,2383.9194611774947,76.25744662718131,-68.22635646057935,1.487732631893176,1.150177051834898,899,0,150,100,1.0,True,100.73039074572519,12.73445761162355,-79.26156760429119,1.0696177962824898,0.530649039771649,30.0,90,0,20073039.07457252,XRPUSDT
10,9,2383.9194611774947,76.25744662718131,-68.22635646057935,1.487732631893176,1.150177051834898,899,0,150,100,1.0,True,2302.0260866497338,72.24934998655878,-68.14217920885707,1.500082196262464,1.1144086439898315,43.15789473684211,95,0,240202608.66497338,ADAUSDT
10,9,2383.9194611774947,76.25744662718131,-68.22635646057935,1.487732631893176,1.150177051834898,899,0,150,100,1.0,True,12830.650169134637,164.8032423544634,-75.47656987803471,1.844683900271227,1.4225936647069628,43.93939393939394,66,0,1293065016.9134636,DOGEUSDT
10,9,2383.9194611774947,76.25744662718131,-68.22635646057935,1.487732631893176,1.150177051834898,899,0,150,100,1.0,True,2465.8128357052556,84.04141247595913,-58.58249503314909,1.3099784533507621,1.1374456453703703,40.0,90,0,256581283.57052553,LINKUSDT
10,9,2383.9194611774947,76.25744662718131,-68.22635646057935,1.487732631893176,1.150177051834898,899,0,150,100,1.0,True,-48.966760040197386,-10.46282320163443,-78.35544137971046,0.8572791257952095,0.15214255638292437,33.980582524271846,103,0,5103323.995980261,LTCUSDT
10,9,2383.9194611774947,76.25744662718131,-68.22635646057935,1.487732631893176,1.150177051834898,899,0,150,100,1.0,True,7723.178104183367,180.95828722452785,-59.20476240486134,1.6422568191611833,1.58058002063059,42.857142857142854,70,0,782317810.4183367,SOLUSDT
10,9,2383.9194611774947,76.25744662718131,-68.22635646057935,1.487732631893176,1.150177051834898,899,0,150,100,1.0,True,8243.374362858342,191.1549055763234,-68.31053371230162,1.9982456591624143,1.6510012919353223,42.1875,64,0,834337436.2858341,AVAXUSDT
10,9,2320.898726575573,73.73945918025882,-70.934861932806,1.446482479399611,1.1344742278426372,865,0,150,110,1.0,True,1662.1758326237068,57.53366943672893,-52.67462651384651,1.6897036902711786,1.1929872312440675,35.051546391752574,97,0,176217583.26237068,BTCUSDT
10,9,2320.898726575573,73.73945918025882,-70.934861932806,1.446482479399611,1.1344742278426372,865,0,150,110,1.0,True,1552.4077948894928,55.93692920669944,-57.001465875859616,1.4339785972243348,1.0357649033972138,42.0,100,0,165240779.48894927,ETHUSDT
10,9,2320.898726575573,73.73945918025882,-70.934861932806,1.446482479399611,1.1344742278426372,865,0,150,110,1.0,True,2792.701426362536,72.70706224150048,-78.06630753352168,1.4408838109141011,1.0942256645123596,33.33333333333333,111,0,289270142.6362536,BNBUSDT
10,9,2320.898726575573,73.73945918025882,-70.934861932806,1.446482479399611,1.1344742278426372,865,0,150,110,1.0,True,71.94864077733472,9.7726634823871,-80.63559177056392,1.0554754648753164,0.496724678569708,26.96629213483146,89,0,17194864.077733472,XRPUSDT
10,9,2320.898726575573,73.73945918025882,-70.934861932806,1.446482479399611,1.1344742278426372,865,0,150,110,1.0,True,3089.9044387395884,80.81390089773546,-70.02417980118436,1.4520811478851208,1.1747227911729148,39.56043956043956,91,0,318990443.8739588,ADAUSDT
10,9,2320.898726575573,73.73945918025882,-70.934861932806,1.446482479399611,1.1344742278426372,865,0,150,110,1.0,True,13729.365690237431,168.39100668309607,-72.86700664539427,1.869040150380281,1.433248306677184,45.3125,64,0,1382936569.0237432,DOGEUSDT
10,9,2320.898726575573,73.73945918025882,-70.934861932806,1.446482479399611,1.1344742278426372,865,0,150,110,1.0,True,1849.0960267886103,74.77185611901716,-68.34566963842319,1.2217003523139252,1.0735010031766261,39.08045977011494,87,0,194909602.67886102,LINKUSDT
10,9,2320.898726575573,73.73945918025882,-70.934861932806,1.446482479399611,1.1344742278426372,865,0,150,110,1.0,True,-39.587211643286835,-7.9461797239773535,-73.30447749465665,0.9021873665728368,0.20143526097177733,38.144329896907216,97,0,6041278.835671317,LTCUSDT
10,9,2320.898726575573,73.73945918025882,-70.934861932806,1.446482479399611,1.1344742278426372,865,0,150,110,1.0,True,7709.700340338337,180.84351854626698,-60.26511727125128,1.7824064191259077,1.5711867371392594,42.64705882352941,68,0,780970034.0338337,SOLUSDT
10,9,2320.898726575573,73.73945918025882,-70.934861932806,1.446482479399611,1.1344742278426372,865,0,150,110,1.0,True,8187.294685261997,190.6809612352005,-71.84554406442764,1.933712513834338,1.6429625929826623,42.62295081967213,61,0,828729468.5261998,AVAXUSDT
10,10,1943.9569456920824,70.8120396842254,-70.68985958327363,1.4019942194153683,1.131887295095146,823,0,150,120,1.0,True,1625.4263592064876,57.00865368529109,-50.62652820285154,1.7247820291168037,1.1774673702819447,34.73684210526316,95,0,172542635.92064878,BTCUSDT
10,10,1943.9569456920824,70.8120396842254,-70.68985958327363,1.4019942194153683,1.131887295095146,823,0,150,120,1.0,True,2912.7316239650763,71.50088779961354,-53.19074327128435,1.4574336785184336,1.1770153812408528,41.935483870967744,93,0,301273162.3965076,ETHUSDT
10,10,1943.9569456920824,70.8120396842254,-70.68985958327363,1.4019942194153683,1.131887295095146,823,0,150,120,1.0,True,1594.2524164544611,58.33660478329619,-84.76394838647079,1.338248398894759,0.9779944307666714,31.775700934579437,107,0,169425241.64544612,BNBUSDT
10,10,1943.9569456920824,70.8120396842254,-70.68985958327363,1.4019942194153683,1.131887295095146,823,0,150,120,1.0,True,36.29218898630362,5.470793938184593,-79.30285400759081,1.0346933825976432,0.44595523272411663,27.27272727272727,88,0,13629218.898630362,XRPUSDT
10,10,1943.9569456920824,70.8120396842254,-70.68985958327363,1.4019942194153683,1.131887295095146,823,0,150,120,1.0,True,2133.798402559443,70.12319156883724,-72.68656030285254,1.3465547603123027,1.0867592089494391,34.883720930232556,86,0,223379840.25594425,ADAUSDT
10,10,1943.9569456920824,70.8120396842254,-70.68985958327363,1.4019942194153683,1.131887295095146,823,0,150,120,1.0,True,21631.096338809963,193.8187682911498,-76.13358537477596,1.9825844141962683,1.5150342700309836,43.333333333333336,60,0,2173109633.880996,DOGEUSDT
10,10,1943.9569456920824,70.8120396842254,-70.68985958327363,1.4019942194153683,1.131887295095146,823,0,150,120,1.0,True,1754.115488824722,73.13818226232051,-67.57439304031449,1.1961868694773912,1.0576888705496132,37.80487804878049,82,0,185411548.88247222,LINKUSDT
10,10,1943.9569456920824,70.8120396842254,-70.68985958327363,1.4019942194153683,1.131887295095146,823,0,150,120,1.0,True,5.913640357211425,0.9483743336291539,-72.66806465809736,1.0115518776400447,0.34850085497698335,38.88888888888889,90,0,10591364.035721142,LTCUSDT
10,10,1943.9569456920824,70.8120396842254,-70.68985958327363,1.4019942194153683,1.131887295095146,823,0,150,120,1.0,True,6430.563670344069,169.1888453638366,-62.934085143164864,2.1751471380339447,1.5169760248584194,38.46153846153847,65,0,653056367.0344069,SOLUSDT
10,10,1943.9569456920824,70.8120396842254,-70.68985958327363,1.4019942194153683,1.131887295095146,823,0,150,120,1.0,True,5096.551056784189,159.6883414449263,-68.71165450844991,2.053203010499128,1.4931896558873672,43.859649122807014,57,0,519655105.67841893,AVAXUSDT
10,10,1418.0635331342364,56.37750679749131,-59.88287873333384,1.5271199238363822,1.2069134993055353,1230,0,160,40,1.0,True,1250.299022909492,51.02866003721233,-38.544009158854344,1.8566363893746782,1.2588767770584417,45.714285714285715,140,0,135029902.2909492,BTCUSDT
10,10,1418.0635331342364,56.37750679749131,-59.88287873333384,1.5271199238363822,1.2069134993055353,1230,0,160,40,1.0,True,1980.0126931428192,61.726353557770274,-47.78484047405269,1.5119257669748012,1.201169335471994,41.54929577464789,142,0,208001269.3142819,ETHUSDT
10,10,1418.0635331342364,56.37750679749131,-59.88287873333384,1.5271199238363822,1.2069134993055353,1230,0,160,40,1.0,True,3375.752206631752,77.934601821749,-67.77331141967784,1.620783843312801,1.2126576631390766,45.07042253521127,142,0,347575220.6631752,BNBUSDT
10,10,1418.0635331342364,56.37750679749131,-59.88287873333384,1.5271199238363822,1.2069134993055353,1230,0,160,40,1.0,True,177.16692832832214,19.16866868542264,-67.26551079157976,1.1790064674734766,0.5938873215374972,34.74576271186441,118,0,27716692.832832213,XRPUSDT
10,10,1418.0635331342364,56.37750679749131,-59.88287873333384,1.5271199238363822,1.2069134993055353,1230,0,160,40,1.0,True,857.7510243952421,47.180477495252404,-56.20680705230446,1.3308761325890681,0.9344018935047884,46.15384615384615,130,0,95775102.4395242,ADAUSDT
10,10,1418.0635331342364,56.37750679749131,-59.88287873333384,1.5271199238363822,1.2069134993055353,1230,0,160,40,1.0,True,9770.944747773303,150.86362538202468,-70.17960412348641,1.9128094566201825,1.4115900572145532,43.82022471910113,89,0,987094474.7773302,DOGEUSDT
10,10,1418.0635331342364,56.37750679749131,-59.88287873333384,1.5271199238363822,1.2069134993055353,1230,0,160,40,1.0,True,365.30444646257604,33.513664431077885,-73.26110829617338,1.1801226269025455,0.763095806881725,45.73643410852713,129,0,46530444.64625761,LINKUSDT
10,10,1418.0635331342364,56.37750679749131,-59.88287873333384,1.5271199238363822,1.2069134993055353,1230,0,160,40,1.0,True,51.703731022598596,7.086752784936912,-60.2544684173697,1.085647079573257,0.3942512355800372,37.03703703703704,135,0,15170373.10225986,LTCUSDT
10,10,1418.0635331342364,56.37750679749131,-59.88287873333384,1.5271199238363822,1.2069134993055353,1230,0,160,40,1.0,True,1585.8280433589807,95.29739312498882,-56.17994904648839,1.5795987446958377,1.2360381991321436,43.11926605504588,109,0,168582804.33589807,SOLUSDT
10,10,1418.0635331342364,56.37750679749131,-59.88287873333384,1.5271199238363822,1.2069134993055353,1230,0,160,40,1.0,True,1984.2303565788065,108.26094023936426,-59.511289049297986,1.5423140806979632,1.3481612860655943,40.625,96,0,208423035.65788063,AVAXUSDT
10,10,1456.6897252608214,58.228164904059724,-59.103014898263325,1.486285450406093,1.1307364972130598,1139,0,160,50,1.0,True,1076.9249396218306,47.7766808971126,-38.02031240071597,1.6425236099853258,1.1709888387557505,40.909090909090914,132,0,117692493.96218306,BTCUSDT
10,10,1456.6897252608214,58.228164904059724,-59.103014898263325,1.486285450406093,1.1307364972130598,1139,0,160,50,1.0,True,1320.2349236622333,52.24151745828751,-53.12310176954125,1.4624214329338452,1.0607279192545347,40.298507462686565,134,0,142023492.36622334,ETHUSDT
10,10,1456.6897252608214,58.228164904059724,-59.103014898263325,1.486285450406093,1.1307364972130598,1139,0,160,50,1.0,True,5097.765910882545,89.95120302168394,-71.89597888262367,1.758097539825986,1.298880566397981,47.61904761904761,126,0,519776591.0882544,BNBUSDT
10,10,1456.6897252608214,58.228164904059724,-59.103014898263325,1.486285450406093,1.1307364972130598,1139,0,160,50,1.0,True,123.26452479635277,14.816767608700365,-67.26551079157976,1.1119932164028072,0.5390590503938683,32.432432432432435,111,0,22326452.479635276,XRPUSDT
10,10,1456.6897252608214,58.228164904059724,-59.103014898263325,1.486285450406093,1.1307364972130598,1139,0,160,50,1.0,True,1716.7738565024124,64.21481234983193,-57.58955815333508,1.4690964271024263,1.0904841556703693,47.89915966386555,119,0,181677385.65024123,ADAUSDT
10,10,1456.6897252608214,58.228164904059724,-59.103014898263325,1.486285450406093,1.1307364972130598,1139,0,160,50,1.0,True,13529.001253001388,167.60764414006704,-70.43094665176835,1.8102157134617312,1.4521831164419894,44.047619047619044,84,0,1362900125.3001387,DOGEUSDT
10,10,1456.6897252608214,58.228164904059724,-59.103014898263325,1.486285450406093,1.1307364972130598,1139,0,160,50,1.0,True,475.33440467538355,38.94883854102926,-75.77100692646891,1.2074341781000328,0.8171829469798271,43.22033898305085,118,0,57533440.46753836,LINKUSDT
10,10,1456.6897252608214,58.228164904059724,-59.103014898263325,1.486285450406093,1.1307364972130598,1139,0,160,50,1.0,True,19.508949630806693,2.9712684254955546,-54.96853589310477,1.0381845535785341,0.3276962150483031,36.71875,128,0,11950894.963080669,LTCUSDT
10,10,1456.6897252608214,58.228164904059724,-59.103014898263325,1.486285450406093,1.1307364972130598,1139,0,160,50,1.0,True,1593.1445268594096,95.49789985406028,-60.61647164319156,1.5034744737097594,1.225947279165842,42.15686274509804,102,0,169314452.68594095,SOLUSDT
10,10,1456.6897252608214,58.228164904059724,-59.103014898263325,1.486285450406093,1.1307364972130598,1139,0,160,50,1.0,True,5398.404470977076,163.25457295688705,-52.281978668577054,2.0577166361858437,1.6193537855725237,41.17647058823529,85,0,549840447.0977076,AVAXUSDT
10,10,1746.1879317974915,63.111533857687895,-62.796126854552654,1.486860499025744,1.1325156773834504,1058,0,160,60,1.0,True,1991.8812246703894,61.87217614745295,-37.11515665606755,1.836434395770008,1.3582662118847832,41.66666666666667,120,0,209188122.46703893,BTCUSDT
10,10,1746.1879317974915,63.111533857687895,-62.796126854552654,1.486860499025744,1.1325156773834504,1058,0,160,60,1.0,True,1635.436284398926,57.1525844533402,-50.29878821406935,1.4702812756469577,1.1036200553301396,37.6,125,0,173543628.4398926,ETHUSDT
10,10,1746.1879317974915,63.111533857687895,-62.796126854552654,1.486860499025744,1.1325156773834504,1058,0,160,60,1.0,True,3044.8083753885985,75.06670080043571,-79.2125672219837,1.678978520077748,1.161411299436761,43.80165289256198,121,0,314480837.53885984,BNBUSDT
10,10,1746.1879317974915,63.111533857687895,-62.796126854552654,1.486860499025744,1.1325156773834504,1058,0,160,60,1.0,True,196.34758099401094,20.548301934878044,-67.66532650425529,1.1501685294326336,0.6146009353534808,33.65384615384615,104,0,29634758.099401094,XRPUSDT
10,10,1746.1879317974915,63.111533857687895,-62.796126854552654,1.486860499025744,1.1325156773834504,1058,0,160,60,1.0,True,1725.5926942039177,64.35089156792284,-57.213158627937155,1.4416612566142932,1.0823926816676699,47.74774774774775,111,0,182559269.42039177,ADAUSDT
10,10,1746.1879317974915,63.111533857687895,-62.796126854552654,1.486860499025744,1.1325156773834504,1058,0,160,60,1.0,True,10854.10932065392,156.14990318141716,-71.14461241746062,1.8894960332210768,1.4025391639414964,41.9753086419753,81,0,1095410932.065392,DOGEUSDT
10,10,1746.1879317974915,63.111533857687895,-62.796126854552654,1.486860499025744,1.1325156773834504,1058,0,160,60,1.0,True,321.9915107167842,31.08372799761412,-79.30655483936557,1.1479920003730812,0.7359110631815645,40.17857142857143,112,0,42199151.07167842,LINKUSDT
10,10,1746.1879317974915,63.111533857687895,-62.796126854552654,1.486860499025744,1.1325156773834504,1058,0,160,60,1.0,True,98.13484588397156,11.889025832753997,-61.9383295516285,1.1317226308424961,0.4827739704034491,40.51724137931034,116,0,19813484.588397156,LTCUSDT
10,10,1746.1879317974915,63.111533857687895,-62.796126854552654,1.486860499025744,1.1325156773834504,1058,0,160,60,1.0,True,1766.7831693910653,100.0731661322929,-63.6539241574768,1.5034397224045302,1.2406391981640865,38.70967741935484,93,0,186678316.93910652,SOLUSDT
10,10,1746.1879317974915,63.111533857687895,-62.796126854552654,1.486860499025744,1.1325156773834504,1058,0,160,60,1.0,True,9141.27769910379,198.43320382440876,-49.93254849827483,2.380002019701524,1.7450644832820845,44.0,75,0,924127769.910379,AVAXUSDT
10,10,2635.4950623303566,72.17796694939021,-58.87162220099385,1.526038241938576,1.1763098571631447,983,0,160,70,1.0,True,2937.734293446807,71.72555211692845,-38.65859057234935,2.068760313173805,1.4518242520712261,41.66666666666667,108,0,303773429.34468067,BTCUSDT
10,10,2635.4950623303566,72.17796694939021,-58.87162220099385,1.526038241938576,1.1763098571631447,983,0,160,70,1.0,True,1333.0786734121518,52.45877329411939,-51.42379336553367,1.4113794572146,1.0393940491850426,38.333333333333336,120,0,143307867.3412152,ETHUSDT
10,10,2635.4950623303566,72.17796694939021,-58.87162220099385,1.526038241938576,1.1763098571631447,983,0,160,70,1.0,True,4113.161555694547,83.5820103094687,-63.78123354149166,1.5820348525872372,1.206228313753503,38.793103448275865,116,0,421316155.56945467,BNBUSDT
10,10,2635.4950623303566,72.17796694939021,-58.87162220099385,1.526038241938576,1.1763098571631447,983,0,160,70,1.0,True,352.95655376180594,29.675335971079008,-65.20136825815514,1.2186664326321204,0.7217328172498267,34.69387755102041,98,0,45295655.3761806,XRPUSDT
10,10,2635.4950623303566,72.17796694939021,-58.87162220099385,1.526038241938576,1.1763098571631447,983,0,160,70,1.0,True,2333.255831213906,72.63038178185197,-58.3385454978685,1.470041631289915,1.1463914005727862,45.19230769230769,104,0,243325583.1213906,ADAUSDT
10,10,2635.4950623303566,72.17796694939021,-58.87162220099385,1.526038241938576,1.1763098571631447,983,0,160,70,1.0,True,11299.853057812097,158.20434618288837,-76.48068639938683,1.8089993709281538,1.4055848944233176,44.871794871794876,78,0,1139985305.7812097,DOGEUSDT
10,10,2635.4950623303566,72.17796694939021,-58.87162220099385,1.526038241938576,1.1763098571631447,983,0,160,70,1.0,True,590.1595314930634,43.78426090399103,-73.64034726810338,1.185992614040923,0.8578872116549922,40.38461538461539,104,0,69015953.14930634,LINKUSDT
10,10,2635.4950623303566,72.17796694939021,-58.87162220099385,1.526038241938576,1.1763098571631447,983,0,160,70,1.0,True,56.19922017223358,7.6017575159502915,-59.40469890411919,1.085480894473747,0.42020060643501456,40.909090909090914,110,0,15619922.017223358,LTCUSDT
10,10,2635.4950623303566,72.17796694939021,-58.87162220099385,1.526038241938576,1.1763098571631447,983,0,160,70,1.0,True,6281.87786708651,167.72382331462202,-53.81771447780075,1.7432585310804085,1.5640991862568687,43.58974358974359,78,0,638187786.7086511,SOLUSDT
10,10,2635.4950623303566,72.17796694939021,-58.87162220099385,1.526038241938576,1.1763098571631447,983,0,160,70,1.0,True,16066.267324356071,241.59955336128166,-49.50645698318451,2.966408736812499,1.8891937605845561,44.776119402985074,67,0,1616626732.435607,AVAXUSDT
10,10,2487.721301658142,69.97557994648218,-58.24793830676427,1.5302708425742688,1.1525675298948754,940,0,160,80,1.0,True,3061.2746447866416,72.81331502942912,-45.7603639142484,2.0273849181584787,1.4431091214656147,44.11764705882353,102,0,316127464.47866416,BTCUSDT
10,10,2487.721301658142,69.97557994648218,-58.24793830676427,1.5302708425742688,1.1525675298948754,940,0,160,80,1.0,True,939.17234131487,44.89141413254203,-55.92245059659735,1.3512977793391374,0.9379901179207061,37.28813559322034,118,0,103917234.131487,ETHUSDT
10,10,2487.721301658142,69.97557994648218,-58.24793830676427,1.5302708425742688,1.1525675298948754,940,0,160,80,1.0,True,4351.221272827483,85.22802309442814,-66.83210879116248,1.5552610313203088,1.210797152968956,38.18181818181819,110,0,445122127.2827482,BNBUSDT
10,10,2487.721301658142,69.97557994648218,-58.24793830676427,1.5302708425742688,1.1525675298948754,940,0,160,80,1.0,True,209.33365395445668,21.440955810120844,-69.49952489157623,1.1517938998761743,0.6285907564932427,30.434782608695656,92,0,30933365.395445667,XRPUSDT
10,10,2487.721301658142,69.97557994648218,-58.24793830676427,1.5302708425742688,1.1525675298948754,940,0,160,80,1.0,True,1914.1679585296422,67.13784486353526,-55.38247608026631,1.5052806538282286,1.094337906820795,44.554455445544555,101,0,201416795.85296422,ADAUSDT
10,10,2487.721301658142,69.97557994648218,-58.24793830676427,1.5302708425742688,1.1525675298948754,940,0,160,80,1.0,True,12025.225831646445,161.41425567702555,-76.93152628142444,1.9836631873695474,1.4164986122114962,42.465753424657535,73,0,1212522583.1646445,DOGEUSDT
10,10,2487.721301658142,69.97557994648218,-58.24793830676427,1.5302708425742688,1.1525675298948754,940,0,160,80,1.0,True,1086.3080362595176,59.19698633626695,-72.37995613326251,1.2922515667305972,0.9885209020756643,41.23711340206185,97,0,118630803.62595175,LINKUSDT
10,10,2487.721301658142,69.97557994648218,-58.24793830676427,1.5302708425742688,1.1525675298948754,940,0,160,80,1.0,True,37.02779426817,5.3115974177769365,-59.4582625205895,1.0635308483166808,0.38924308430324145,41.1214953271028,107,0,13702779.426817,LTCUSDT
10,10,2487.721301658142,69.97557994648218,-58.24793830676427,1.5302708425742688,1.1525675298948754,940,0,160,80,1.0,True,7680.161702167387,180.59145536871915,-57.03761409293904,1.840936162074248,1.6046169269163764,42.465753424657535,73,0,778016170.2167387,SOLUSDT
10,10,2487.721301658142,69.97557994648218,-58.24793830676427,1.5302708425742688,1.1525675298948754,940,0,160,80,1.0,True,8423.620544805055,192.66203356585078,-54.33570430660474,2.2976632431829183,1.693564876306327,43.28358208955223,67,0,852362054.4805056,AVAXUSDT
10,9,2453.255457222309,70.12458642636825,-64.0300868851257,1.5644202547345913,1.1502484918453093,908,0,160,90,1.0,True,2796.017365613103,70.43090615517886,-42.01843726500206,2.041554586410827,1.400767630960339,45.45454545454545,99,0,289601736.5613103,BTCUSDT
10,9,2453.255457222309,70.12458642636825,-64.0300868851257,1.5644202547345913,1.1502484918453093,908,0,160,90,1.0,True,1198.5570692010615,50.09682459581424,-60.684210713539166,1.4280247430347859,0.9925078041721674,40.54054054054054,111,0,129855706.92010616,ETHUSDT
10,9,2453.255457222309,70.12458642636825,-64.0300868851257,1.5644202547345913,1.1502484918453093,908,0,160,90,1.0,True,4131.062683122639,83.70845676963366,-67.37596305671222,1.5656045353058952,1.1969430663807852,35.18518518518518,108,0,423106268.31226397,BNBUSDT
10,9,2453.255457222309,70.12458642636825,-64.0300868851257,1.5644202547345913,1.1502484918453093,908,0,160,90,1.0,True,88.5249452021414,11.524429113113865,-70.48099924312969,1.0815134405836004,0.5100345254129034,30.0,90,0,18852494.52021414,XRPUSDT
10,9,2453.255457222309,70.12458642636825,-64.0300868851257,1.5644202547345913,1.1502484918453093,908,0,160,90,1.0,True,2110.4935488315155,69.81826669755765,-58.76723747869648,1.5632359741632877,1.1035539173098334,45.91836734693878,98,0,221049354.88315156,ADAUSDT
10,9,2453.255457222309,70.12458642636825,-64.0300868851257,1.5644202547345913,1.1502484918453093,908,0,160,90,1.0,True,10098.87910604861,152.51109583902988,-81.09270869268028,1.8412866901194405,1.3820012489842997,42.25352112676056,71,0,1019887910.6048609,DOGEUSDT
10,9,2453.255457222309,70.12458642636825,-64.0300868851257,1.5644202547345913,1.1502484918453093,908,0,160,90,1.0,True,791.1630141906007,50.86181005519197,-71.78005374001559,1.2217310817747422,0.9150215729847637,37.89473684210527,95,0,89116301.41906008,LINKUSDT
10,9,2453.255457222309,70.12458642636825,-64.0300868851257,1.5644202547345913,1.1502484918453093,908,0,160,90,1.0,True,-13.639911005458194,-2.3804232025101513,-71.45820741534625,0.9649614924013317,0.2743259990784715,35.92233009708738,103,0,8636008.89945418,LTCUSDT
10,9,2453.255457222309,70.12458642636825,-64.0300868851257,1.5644202547345913,1.1502484918453093,908,0,160,90,1.0,True,10288.501547971457,200.4880534290904,-58.1449870899035,2.050739896401703,1.662420717872144,42.64705882352941,68,0,1038850154.7971457,SOLUSDT
10,9,2453.255457222309,70.12458642636825,-64.0300868851257,1.5644202547345913,1.1502484918453093,908,0,160,90,1.0,True,6985.155069596234,179.88203131210324,-58.121151588995644,1.9876013753216357,1.6303617711374812,44.61538461538462,65,0,708515506.9596235,AVAXUSDT
10,9,2464.189144260504,74.70747037389103,-64.35837127876601,1.5304512537202222,1.1814354410361814,869,0,160,100,1.0,True,2151.2628229885804,63.76588263205127,-44.068556780643334,1.889834167643057,1.2982881731953582,41.66666666666667,96,0,225126282.29885805,BTCUSDT
10,9,2464.189144260504,74.70747037389103,-64.35837127876601,1.5304512537202222,1.1814354410361814,869,0,160,100,1.0,True,1177.9300124651868,49.71661521252906,-64.58305133334056,1.4049175545333878,0.9803288295970911,40.56603773584906,106,0,127793001.24651869,ETHUSDT
10,9,2464.189144260504,74.70747037389103,-64.35837127876601,1.5304512537202222,1.1814354410361814,869,0,160,100,1.0,True,4319.281640188417,85.01153098359819,-70.86426749950228,1.5334639965382693,1.201164079352607,34.90566037735849,106,0,441928164.01884174,BNBUSDT
10,9,2464.189144260504,74.70747037389103,-64.35837127876601,1.5304512537202222,1.1814354410361814,869,0,160,100,1.0,True,78.72384057231375,10.504866920175694,-78.18962669820286,1.062137577588213,0.5019565084650406,29.545454545454547,88,0,17872384.057231374,XRPUSDT
10,9,2464.189144260504,74.70747037389103,-64.35837127876601,1.5304512537202222,1.1814354410361814,869,0,160,100,1.0,True,2777.1154655324276,77.64990201810495,-64.13369122419145,1.527438510902175,1.1617068027197557,45.05494505494506,91,0,287711546.55324274,ADAUSDT
10,9,2464.189144260504,74.70747037389103,-64.35837127876601,1.5304512537202222,1.1814354410361814,869,0,160,100,1.0,True,12593.987123516818,163.82537260077518,-76.25310375324202,2.1347648650475968,1.4204488134140592,44.61538461538462,65,0,1269398712.3516817,DOGEUSDT
10,9,2464.189144260504,74.70747037389103,-64.35837127876601,1.5304512537202222,1.1814354410361814,869,0,160,100,1.0,True,1677.2209648837272,71.76503872967712,-63.61616413209668,1.2673359108553892,1.0559933207093817,40.0,90,0,177722096.4883727,LINKUSDT
10,9,2464.189144260504,74.70747037389103,-64.35837127876601,1.5304512537202222,1.1814354410361814,869,0,160,100,1.0,True,-36.0023370692647,-7.070235261130509,-76.02297622126166,0.896235064675784,0.20348244534339976,34.34343434343434,99,0,6399766.29307353,LTCUSDT
10,9,2464.189144260504,74.70747037389103,-64.35837127876601,1.5304512537202222,1.1814354410361814,869,0,160,100,1.0,True,9225.438359542452,192.8990833555301,-59.825474163828574,2.0036027230848483,1.6311424230215306,43.28358208955223,67,0,932543835.9542451,SOLUSDT
10,9,2464.189144260504,74.70747037389103,-64.35837127876601,1.5304512537202222,1.1814354410361814,869,0,160,100,1.0,True,10334.252160218215,207.31557027325832,-59.37832528362384,2.3220004429788905,1.7169341101139681,44.26229508196721,61,0,1043425216.0218215,AVAXUSDT
10,9,2368.0015715384925,69.08175076262305,-68.34010130053099,1.4855875099227054,1.1605216785467625,836,0,160,110,1.0,True,1693.1002486030302,57.968374225111006,-50.10467296686962,1.735509700718535,1.206837427688772,36.55913978494624,93,0,179310024.860303,BTCUSDT
10,9,2368.0015715384925,69.08175076262305,-68.34010130053099,1.4855875099227054,1.1605216785467625,836,0,160,110,1.0,True,1310.3029587269518,52.07237870632346,-60.881245783641404,1.406268675313053,0.9961133382588768,42.42424242424242,99,0,141030295.87269518,ETHUSDT
10,9,2368.0015715384925,69.08175076262305,-68.34010130053099,1.4855875099227054,1.1605216785467625,836,0,160,110,1.0,True,3042.902894473955,75.04947021811124,-77.77000656212196,1.490932357116812,1.1142059294047533,33.65384615384615,104,0,314290289.44739544,BNBUSDT
10,9,2368.0015715384925,69.08175076262305,-68.34010130053099,1.4855875099227054,1.1605216785467625,836,0,160,110,1.0,True,63.402380939358125,8.814189221341762,-79.63458179807212,1.0529240804634357,0.4835452023397855,27.586206896551722,87,0,16340238.093935812,XRPUSDT
10,9,2368.0015715384925,69.08175076262305,-68.34010130053099,1.4855875099227054,1.1605216785467625,836,0,160,110,1.0,True,4124.585430035498,89.7150909119262,-66.2524932227083,1.4802426627285987,1.2436915724500588,41.37931034482759,87,0,422458543.00354975,ADAUSDT
10,9,2368.0015715384925,69.08175076262305,-68.34010130053099,1.4855875099227054,1.1605216785467625,836,0,160,110,1.0,True,13476.25391624277,167.39988797448905,-73.72617228294324,2.1773903095629463,1.4311275537874681,46.03174603174603,63,0,1357625391.6242769,DOGEUSDT
10,9,2368.0015715384925,69.08175076262305,-68.34010130053099,1.4855875099227054,1.1605216785467625,836,0,160,110,1.0,True,1250.0595614747556,63.114031307134844,-70.62400033850592,1.1895622918185698,0.99268818374267,39.08045977011494,87,0,135005956.14747557,LINKUSDT
10,9,2368.0015715384925,69.08175076262305,-68.34010130053099,1.4855875099227054,1.1605216785467625,836,0,160,110,1.0,True,-24.240019465663387,-4.458235478772499,-70.42770937835368,0.9409437435655426,0.2527177661420705,38.70967741935484,93,0,7575998.053433661,LTCUSDT
10,9,2368.0015715384925,69.08175076262305,-68.34010130053099,1.4855875099227054,1.1605216785467625,836,0,160,110,1.0,True,9239.340943377065,193.00249243250215,-63.187498986451416,2.230157158473086,1.6230294910037693,43.07692307692308,65,0,933934094.3377064,SOLUSDT
10,9,2368.0015715384925,69.08175076262305,-68.34010130053099,1.4855875099227054,1.1605216785467625,836,0,160,110,1.0,True,10436.89539747931,208.04313104005132,-63.90975259912914,2.254381524902468,1.7127160686811904,44.827586206896555,58,0,1053689539.7479309,AVAXUSDT
10,10,2279.899243073197,66.09124635600267,-69.62213904006305,1.4165476279295677,1.1537115050373097,796,0,160,120,1.0,True,1655.705333082598,57.44190225592387,-51.234135589740305,1.7719761690295652,1.1908220045548445,36.26373626373626,91,0,175570533.30825981,BTCUSDT
10,10,2279.899243073197,66.09124635600267,-69.62213904006305,1.4165476279295677,1.1537115050373097,796,0,160,120,1.0,True,2528.7982001160817,67.8373541844142,-57.41433778623012,1.4340476968667182,1.1444034661805877,41.30434782608695,92,0,262879820.01160818,ETHUSDT
10,10,2279.899243073197,66.09124635600267,-69.62213904006305,1.4165476279295677,1.1537115050373097,796,0,160,120,1.0,True,2031.0002860303125,64.34513852759116,-84.55813587138344,1.3990475589924172,1.0273935083086554,33.0,100,0,213100028.60303125,BNBUSDT
10,10,2279.899243073197,66.09124635600267,-69.62213904006305,1.4165476279295677,1.1537115050373097,796,0,160,120,1.0,True,29.51814031864439,4.549881225722396,-78.2329504352716,1.0305121701133155,0.4326185808261348,27.906976744186046,86,0,12951814.031864438,XRPUSDT
10,10,2279.899243073197,66.09124635600267,-69.62213904006305,1.4165476279295677,1.1537115050373097,796,0,160,120,1.0,True,2974.918768545876,79.68196043959776,-68.30352798223247,1.3767149946894113,1.1630195438940314,36.58536585365854,82,0,307491876.8545876,ADAUSDT
10,10,2279.899243073197,66.09124635600267,-69.62213904006305,1.4165476279295677,1.1537115050373097,796,0,160,120,1.0,True,21233.35485065294,192.73372644659247,-76.88931486873567,2.370484060016653,1.5131966152467486,44.06779661016949,59,0,2133335485.065294,DOGEUSDT
10,10,2279.899243073197,66.09124635600267,-69.62213904006305,1.4165476279295677,1.1537115050373097,796,0,160,120,1.0,True,1184.2750727958078,61.58943896885201,-71.83471041399355,1.1669319591699578,0.9786847611386593,37.80487804878049,82,0,128427507.27958077,LINKUSDT
10,10,2279.899243073197,66.09124635600267,-69.62213904006305,1.4165476279295677,1.1537115050373097,796,0,160,120,1.0,True,13.655643914215387,2.125220611581402,-69.72271416523272,1.026260732974415,0.3614576239944975,39.08045977011494,87,0,11365564.39142154,LTCUSDT
10,10,2279.899243073197,66.09124635600267,-69.62213904006305,1.4165476279295677,1.1537115050373097,796,0,160,120,1.0,True,6646.564766134405,171.27244279724897,-65.28500895262763,2.560290924126925,1.528850590167464,38.095238095238095,63,0,674656476.6134405,SOLUSDT
10,10,2279.899243073197,66.09124635600267,-69.62213904006305,1.4165476279295677,1.1537115050373097,796,0,160,120,1.0,True,6615.342130716766,176.28108221040955,-69.52156391489336,2.444260161581527,1.5634098219447672,46.2962962962963,54,0,671534213.0716766,AVAXUSDT
10,10,1630.6692712351123,57.32435732638314,-58.60893986115438,1.5665072968426146,1.175667439560629,1187,0,170,40,1.0,True,1401.639105642556,53.59151380692564,-32.04298273941131,1.9732386893889498,1.3083549983269878,45.925925925925924,135,0,150163910.5642556,BTCUSDT
10,10,1630.6692712351123,57.32435732638314,-58.60893986115438,1.5665072968426146,1.175667439560629,1187,0,170,40,1.0,True,1926.2741901675274,61.05720084584063,-46.88976088499655,1.5385405159855856,1.1975571219538192,40.14598540145985,137,0,202627419.01675275,ETHUSDT
10,10,1630.6692712351123,57.32435732638314,-58.60893986115438,1.5665072968426146,1.175667439560629,1187,0,170,40,1.0,True,2609.919725992991,70.88605465189923,-68.58602946883201,1.5944740776996433,1.1537777571674388,45.0,140,0,270991972.5992991,BNBUSDT
10,10,1630.6692712351123,57.32435732638314,-58.60893986115438,1.5665072968426146,1.175667439560629,1187,0,170,40,1.0,True,309.68053644005835,27.454511260461523,-67.26551079157976,1.2926434939230054,0.6995680618542817,35.77981651376147,109,0,40968053.644005835,XRPUSDT
10,10,1630.6692712351123,57.32435732638314,-58.60893986115438,1.5665072968426146,1.175667439560629,1187,0,170,40,1.0,True,575.9684280738613,38.66433960019962,-56.857078730116065,1.2810917504252384,0.8401740813856674,43.75,128,0,67596842.80738613,ADAUSDT
10,10,1630.6692712351123,57.32435732638314,-58.60893986115438,1.5665072968426146,1.175667439560629,1187,0,170,40,1.0,True,11038.044548590708,157.0056223633776,-70.1796041234864,2.0233647373904007,1.4372656435591096,43.02325581395349,86,0,1113804454.8590708,DOGEUSDT
10,10,1630.6692712351123,57.32435732638314,-58.60893986115438,1.5665072968426146,1.175667439560629,1187,0,170,40,1.0,True,466.4573687052611,38.54326718299976,-71.71973034390903,1.1943425780636507,0.8179300501750608,45.90163934426229,122,0,56645736.87052611,LINKUSDT
10,10,1630.6692712351123,57.32435732638314,-58.60893986115438,1.5665072968426146,1.175667439560629,1187,0,170,40,1.0,True,30.734679378962348,4.501317128694571,-59.7485922426014,1.0551395106583261,0.3471102582977057,35.82089552238806,134,0,13073467.937896235,LTCUSDT
10,10,1630.6692712351123,57.32435732638314,-58.60893986115438,1.5665072968426146,1.175667439560629,1187,0,170,40,1.0,True,1859.699436827669,102.38927629650583,-57.46928747970736,1.7374799935214122,1.285020724736304,44.66019417475729,103,0,195969943.68276688,SOLUSDT
10,10,1630.6692712351123,57.32435732638314,-58.60893986115438,1.5665072968426146,1.175667439560629,1187,0,170,40,1.0,True,2279.7186988808476,115.03887080021448,-55.66621492628408,1.594890609929898,1.3946805426491629,40.86021505376344,93,0,237971869.88808477,AVAXUSDT
10,10,1287.2593721422327,53.29067418369888,-58.19599958126499,1.5872707944407236,1.1492221775038205,1099,0,170,50,1.0,True,1276.1201863581985,51.482487329137584,-32.346953704426554,1.754692516910156,1.2391064473767712,42.51968503937008,127,0,137612018.63581985,BTCUSDT
10,10,1287.2593721422327,53.29067418369888,-58.19599958126499,1.5872707944407236,1.1492221775038205,1099,0,170,50,1.0,True,1298.398557926267,51.86832393988192,-51.807521096702544,1.4845227568385664,1.05933790763087,41.08527131782946,129,0,139839855.79262668,ETHUSDT
10,10,1287.2593721422327,53.29067418369888,-58.19599958126499,1.5872707944407236,1.1492221775038205,1099,0,170,50,1.0,True,3952.4987503670063,82.42654198148847,-72.60481145304635,1.7287244691411283,1.2417009390118772,47.58064516129033,124,0,405249875.0367006,BNBUSDT
10,10,1287.2593721422327,53.29067418369888,-58.19599958126499,1.5872707944407236,1.1492221775038205,1099,0,170,50,1.0,True,244.59620972937876,23.717241294507694,-67.26551079157977,1.1974747441035543,0.6525752037134265,35.294117647058826,102,0,34459620.972937874,XRPUSDT
10,10,1287.2593721422327,53.29067418369888,-58.19599958126499,1.5872707944407236,1.1492221775038205,1099,0,170,50,1.0,True,1182.2552016052177,54.71302442751585,-58.219305950533155,1.4152045749780915,1.0013835882783608,46.15384615384615,117,0,128225520.16052179,ADAUSDT
10,10,1287.2593721422327,53.29067418369888,-58.19599958126499,1.5872707944407236,1.1492221775038205,1099,0,170,50,1.0,True,15278.510060343651,174.15959179685575,-70.25296605024518,1.9080104926519583,1.476509894736703,43.20987654320987,81,0,1537851006.0343652,DOGEUSDT
10,10,1287.2593721422327,53.29067418369888,-58.19599958126499,1.5872707944407236,1.1492221775038205,1099,0,170,50,1.0,True,479.63450220012976,39.14347583945563,-79.12491182248675,1.1773283363743374,0.8206798042450066,42.10526315789473,114,0,57963450.22001297,LINKUSDT
10,10,1287.2593721422327,53.29067418369888,-58.19599958126499,1.5872707944407236,1.1492221775038205,1099,0,170,50,1.0,True,0.45136847534694713,0.07401553549322148,-55.51947791829015,1.0009456703694164,0.27416631179694595,35.43307086614173,127,0,10045136.847534696,LTCUSDT
10,10,1287.2593721422327,53.29067418369888,-58.19599958126499,1.5872707944407236,1.1492221775038205,1099,0,170,50,1.0,True,1982.6892552280628,105.32949464901553,-58.17269321199683,1.6900188320428806,1.2905337669189443,43.75,96,0,208268925.5228063,SOLUSDT
10,10,1287.2593721422327,53.29067418369888,-58.19599958126499,1.5872707944407236,1.1492221775038205,1099,0,170,50,1.0,True,6656.927563419612,176.6934040747109,-46.825255236859476,2.160678244507607,1.6894914690152214,41.46341463414634,82,0,675692756.3419611,AVAXUSDT
10,10,1853.1407855341927,60.285577376535386,-61.7114505743168,1.5699727353224175,1.0931364057918889,1022,0,170,60,1.0,True,2316.2981013583644,65.61136679579937,-31.174408963213594,2.0137632030214383,1.4203853957958994,43.103448275862064,116,0,241629810.13583642,BTCUSDT
10,10,1853.1407855341927,60.285577376535386,-61.7114505743168,1.5699727353224175,1.0931364057918889,1022,0,170,60,1.0,True,1488.1171726924026,54.95978795727141,-52.51124693022218,1.4873493792600863,1.081435640716382,38.01652892561984,121,0,158811717.26924026,ETHUSDT
10,10,1853.1407855341927,60.285577376535386,-61.7114505743168,1.5699727353224175,1.0931364057918889,1022,0,170,60,1.0,True,2351.8933563561523,68.13174573681397,-79.73686728061526,1.6525960913847486,1.1048371708673956,44.537815126050425,119,0,245189335.6356152,BNBUSDT
10,10,1853.1407855341927,60.285577376535386,-61.7114505743168,1.5699727353224175,1.0931364057918889,1022,0,170,60,1.0,True,328.38312123454017,28.437026335321725,-67.66532650425532,1.2353997354416362,0.7089197551576761,35.41666666666667,96,0,42838312.12345402,XRPUSDT
10,10,1853.1407855341927,60.285577376535386,-61.7114505743168,1.5699727353224175,1.0931364057918889,1022,0,170,60,1.0,True,1188.4832243549413,54.841308005246134,-61.68073414329407,1.3909210534334717,0.9949679699296718,45.87155963302752,109,0,128848322.43549412,ADAUSDT
10,10,1853.1407855341927,60.285577376535386,-61.7114505743168,1.5699727353224175,1.0931364057918889,1022,0,170,60,1.0,True,12468.120668405885,163.29935167297683,-70.25296605024518,2.017709625450159,1.4296273880941093,42.30769230769231,78,0,1256812066.8405886,DOGEUSDT
10,10,1853.1407855341927,60.285577376535386,-61.7114505743168,1.5699727353224175,1.0931364057918889,1022,0,170,60,1.0,True,334.2773665310962,31.792820648366103,-81.87158484430248,1.1279073051296795,0.7434349876780505,38.88888888888889,108,0,43427736.653109625,LINKUSDT
10,10,1853.1407855341927,60.285577376535386,-61.7114505743168,1.5699727353224175,1.0931364057918889,1022,0,170,60,1.0,True,69.47074220334257,9.053049268234625,-61.74216700533953,1.1021659728708604,0.4370255019362731,39.130434782608695,115,0,16947074.220334258,LTCUSDT
10,10,1853.1407855341927,60.285577376535386,-61.7114505743168,1.5699727353224175,1.0931364057918889,1022,0,170,60,1.0,True,2218.1643983759827,110.60773117836592,-61.08877352125799,1.703884073089651,1.305422490188208,40.229885057471265,87,0,231816439.83759826,SOLUSDT
10,10,1853.1407855341927,60.285577376535386,-61.7114505743168,1.5699727353224175,1.0931364057918889,1022,0,170,60,1.0,True,9707.058359560573,202.74785976421308,-49.93254849827482,2.3897559487128057,1.7717982935465508,45.20547945205479,73,0,980705835.9560573,AVAXUSDT
10,10,2509.35497452414,69.29059861258297,-60.13241410436649,1.4961631470073167,1.1194725750135992,952,0,170,70,1.0,True,3363.3589482465636,75.32966511551629,-32.16627976772739,2.216427200258058,1.507070579926099,42.857142857142854,105,0,346335894.82465637,BTCUSDT
10,10,2509.35497452414,69.29059861258297,-60.13241410436649,1.4961631470073167,1.1194725750135992,952,0,170,70,1.0,True,1247.6108822988301,50.9809951136889,-52.305492366783945,1.4262137352611761,1.024960672305463,38.793103448275865,116,0,134761088.22988302,ETHUSDT
10,10,2509.35497452414,69.29059861258297,-60.13241410436649,1.4961631470073167,1.1194725750135992,952,0,170,70,1.0,True,3493.247468448971,78.89785721030431,-61.069349697111775,1.5661125587534575,1.1721760925959457,39.473684210526315,114,0,359324746.8448971,BNBUSDT
10,10,2509.35497452414,69.29059861258297,-60.13241410436649,1.4961631470073167,1.1194725750135992,952,0,170,70,1.0,True,434.12189326698734,33.40481631070522,-65.20136825815514,1.242428085587522,0.763194995596614,36.95652173913043,92,0,53412189.326698735,XRPUSDT
10,10,2509.35497452414,69.29059861258297,-60.13241410436649,1.4961631470073167,1.1194725750135992,952,0,170,70,1.0,True,1655.3510008017156,63.251532109649645,-62.68862189736674,1.4208518971824802,1.0667690574312527,43.13725490196079,102,0,175535100.08017156,ADAUSDT
10,10,2509.35497452414,69.29059861258297,-60.13241410436649,1.4961631470073167,1.1194725750135992,952,0,170,70,1.0,True,13137.55369839418,166.050245437468,-72.65582947260388,1.940191302576761,1.434649682460083,45.33333333333333,75,0,1323755369.839418,DOGEUSDT
10,10,2509.35497452414,69.29059861258297,-60.13241410436649,1.4961631470073167,1.1194725750135992,952,0,170,70,1.0,True,648.7852866619554,46.004939005290794,-77.75312957236771,1.1654388671387648,0.8797329099802638,39.0,100,0,74878528.66619554,LINKUSDT
10,10,2509.35497452414,69.29059861258297,-60.13241410436649,1.4961631470073167,1.1194725750135992,952,0,170,70,1.0,True,33.601836522390435,4.874435452383574,-59.19547851162121,1.05591766197832,0.37581422466469605,39.44954128440367,109,0,13360183.652239043,LTCUSDT
10,10,2509.35497452414,69.29059861258297,-60.13241410436649,1.4961631470073167,1.1194725750135992,952,0,170,70,1.0,True,7421.2037162825,178.34981625251532,-53.81774069875276,2.0981089873464827,1.6189505654019096,44.5945945945946,74,0,752120371.62825,SOLUSDT
10,10,2509.35497452414,69.29059861258297,-60.13241410436649,1.4961631470073167,1.1194725750135992,952,0,170,70,1.0,True,17056.007928367922,246.53824573612036,-48.27243482433916,2.9698995987131966,1.9163803341942898,46.15384615384615,65,0,1715600792.8367922,AVAXUSDT
10,10,2454.6846246806704,67.77654429060374,-58.75339883401611,1.5031981810536035,1.1075311817434104,911,0,170,80,1.0,True,3504.2078105827145,76.44024952625735,-41.206500530431725,2.167094849213496,1.4967786573594992,45.45454545454545,99,0,360420781.05827147,BTCUSDT
10,10,2454.6846246806704,67.77654429060374,-58.75339883401611,1.5031981810536035,1.1075311817434104,911,0,170,80,1.0,True,877.1945168754492,43.48693202319045,-56.72252757517572,1.362063504952807,0.9231082505004986,38.59649122807017,114,0,97719451.68754491,ETHUSDT
10,10,2454.6846246806704,67.77654429060374,-58.75339883401611,1.5031981810536035,1.1075311817434104,911,0,170,80,1.0,True,3939.3553305387186,82.33032760960538,-63.808696011577304,1.5454632255249088,1.1910945517822695,38.88888888888889,108,0,403935533.05387187,BNBUSDT
10,10,2454.6846246806704,67.77654429060374,-58.75339883401611,1.5031981810536035,1.1075311817434104,911,0,170,80,1.0,True,283.7509725366538,26.02898815091428,-69.49952489157621,1.1821774309660984,0.680846192090001,32.55813953488372,86,0,38375097.25366538,XRPUSDT
10,10,2454.6846246806704,67.77654429060374,-58.75339883401611,1.5031981810536035,1.1075311817434104,911,0,170,80,1.0,True,1405.161438778626,59.01347269107917,-58.04853514744273,1.4609331365822984,1.023967811704551,42.42424242424242,99,0,150516143.8778626,ADAUSDT
10,10,2454.6846246806704,67.77654429060374,-58.75339883401611,1.5031981810536035,1.1075311817434104,911,0,170,80,1.0,True,13325.930804396578,166.80424753483476,-73.17998773777813,2.093750524554366,1.4364158193227952,42.25352112676056,71,0,1342593080.4396577,DOGEUSDT
10,10,2454.6846246806704,67.77654429060374,-58.75339883401611,1.5031981810536035,1.1075311817434104,911,0,170,80,1.0,True,1082.9762294930122,59.11283905495013,-76.6053342246467,1.242017502208648,0.9908195121663099,40.42553191489361,94,0,118297622.94930121,LINKUSDT
10,10,2454.6846246806704,67.77654429060374,-58.75339883401611,1.5031981810536035,1.1075311817434104,911,0,170,80,1.0,True,17.20401974190193,2.6423333794018955,-59.4582625205895,1.0325162123801428,0.34583350279327113,40.56603773584906,106,0,11720401.974190194,LTCUSDT
10,10,2454.6846246806704,67.77654429060374,-58.75339883401611,1.5031981810536035,1.1075311817434104,911,0,170,80,1.0,True,9312.438792542875,193.5442788167538,-57.037649209346085,2.3468294904645393,1.665776883885994,43.47826086956522,69,0,941243879.2542875,SOLUSDT
10,10,2454.6846246806704,67.77654429060374,-58.75339883401611,1.5031981810536035,1.1075311817434104,911,0,170,80,1.0,True,8945.440383929315,196.8930649834286,-55.46571974050736,2.269946340610505,1.7184979614710019,43.07692307692308,65,0,904544038.3929315,AVAXUSDT
10,9,2376.8274064568704,67.78569872331688,-62.81659060618866,1.53398956858147,1.1063100703966828,880,0,170,90,1.0,True,3201.784226745741,74.00783528081729,-39.113949083691615,2.1876834677726067,1.453367709433003,46.875,96,0,330178422.6745741,BTCUSDT
10,9,2376.8274064568704,67.78569872331688,-62.81659060618866,1.53398956858147,1.1063100703966828,880,0,170,90,1.0,True,1095.144235347731,48.13670416130513,-60.39133732536337,1.4040413781342795,0.9726286392316947,40.74074074074074,108,0,119514423.5347731,ETHUSDT
10,9,2376.8274064568704,67.78569872331688,-62.81659060618866,1.53398956858147,1.1063100703966828,880,0,170,90,1.0,True,3739.5672032019256,80.83452917837309,-64.40212520868789,1.554758740654063,1.1772614007904643,35.84905660377358,106,0,383956720.3201926,BNBUSDT
10,9,2376.8274064568704,67.78569872331688,-62.81659060618866,1.53398956858147,1.1063100703966828,880,0,170,90,1.0,True,141.07051037337345,16.34236884752034,-69.49952489157621,1.1151536657242205,0.568238517486493,32.142857142857146,84,0,24107051.037337348,XRPUSDT
10,9,2376.8274064568704,67.78569872331688,-62.81659060618866,1.53398956858147,1.1063100703966828,880,0,170,90,1.0,True,1551.8705861679998,61.563562165816485,-61.23105600368943,1.5132203965088766,1.0353587400029014,43.75,96,0,165187058.61679998,ADAUSDT
10,9,2376.8274064568704,67.78569872331688,-62.81659060618866,1.53398956858147,1.1063100703966828,880,0,170,90,1.0,True,11192.939782023137,157.71751714552664,-78.01788749034638,1.9391217289600031,1.4017992374421286,42.028985507246375,69,0,1129293978.2023137,DOGEUSDT
10,9,2376.8274064568704,67.78569872331688,-62.81659060618866,1.53398956858147,1.1063100703966828,880,0,170,90,1.0,True,739.219445381731,49.16822336557325,-75.9486387279003,1.179515243585365,0.9026872489107111,38.04347826086957,92,0,83921944.53817311,LINKUSDT
10,9,2376.8274064568704,67.78569872331688,-62.81659060618866,1.53398956858147,1.1063100703966828,880,0,170,90,1.0,True,-26.133589047074,-4.854719874383628,-71.45820741534625,0.9279546027956636,0.23170591279523112,36.27450980392157,102,0,7386641.0952926,LTCUSDT
10,9,2376.8274064568704,67.78569872331688,-62.81659060618866,1.53398956858147,1.1063100703966828,880,0,170,90,1.0,True,12468.007289690146,214.35935047640783,-58.14502130117082,2.7161569525742477,1.7222427924524253,43.75,64,0,1256800728.9690146,SOLUSDT
10,9,2376.8274064568704,67.78569872331688,-62.81659060618866,1.53398956858147,1.1063100703966828,880,0,170,90,1.0,True,7680.043052136284,186.2795589337042,-58.87124659899175,1.999280755653873,1.6644658766744693,44.44444444444444,63,0,778004305.2136284,AVAXUSDT
10,9,2323.7870664187967,68.86405653544068,-66.79690924260018,1.508808865488009,1.1413336691218043,842,0,170,100,1.0,True,2540.715382357321,67.95764470149335,-44.20000495368728,2.0079149124340465,1.3590881187771997,43.01075268817204,93,0,264071538.23573208,BTCUSDT
10,9,2323.7870664187967,68.86405653544068,-66.79690924260018,1.508808865488009,1.1413336691218043,842,0,170,100,1.0,True,1076.158515319746,47.76143339004213,-64.3192214079313,1.3826423007068545,0.9606199148004134,40.77669902912621,103,0,117615851.53197458,ETHUSDT
10,9,2323.7870664187967,68.86405653544068,-66.79690924260018,1.508808865488009,1.1413336691218043,842,0,170,100,1.0,True,3910.369605410502,82.11721176559938,-68.20840537580149,1.52365789256599,1.1816707434494669,35.57692307692308,104,0,401036960.5410502,BNBUSDT
10,9,2323.7870664187967,68.86405653544068,-66.79690924260018,1.508808865488009,1.1413336691218043,842,0,170,100,1.0,True,128.5373765846204,15.278737292472178,-75.83541856146786,1.0899659534232125,0.5587370568072583,31.70731707317073,82,0,22853737.65846204,XRPUSDT
10,9,2323.7870664187967,68.86405653544068,-66.79690924260018,1.508808865488009,1.1413336691218043,842,0,170,100,1.0,True,2106.8587504802726,69.77046836938803,-65.38541310939885,1.493959838410028,1.1009965947941418,42.69662921348314,89,0,220685875.04802728,ADAUSDT
10,9,2323.7870664187967,68.86405653544068,-66.79690924260018,1.508808865488009,1.1413336691218043,842,0,170,100,1.0,True,13955.702010445671,169.26506825986866,-72.39124105004765,2.267606842913055,1.4400836820433427,46.03174603174603,63,0,1405570201.044567,DOGEUSDT
10,9,2323.7870664187967,68.86405653544068,-66.79690924260018,1.508808865488009,1.1413336691218043,842,0,170,100,1.0,True,939.0931535145285,55.280716121996235,-70.51717164351295,1.2095559339746222,0.9521835623092616,38.63636363636363,88,0,103909315.35145284,LINKUSDT
10,9,2323.7870664187967,68.86405653544068,-66.79690924260018,1.508808865488009,1.1413336691218043,842,0,170,100,1.0,True,-43.57955794936862,-8.97437417075947,-76.02297622126166,0.864662804148754,0.16898382016072994,34.69387755102041,98,0,5642044.205063138,LTCUSDT
10,9,2323.7870664187967,68.86405653544068,-66.79690924260018,1.508808865488009,1.1413336691218043,842,0,170,100,1.0,True,11343.887520415645,207.45680702255714,-59.82550700150671,2.6333735829391505,1.6941097096704758,44.44444444444444,63,0,1144388752.0415645,SOLUSDT
10,9,2323.7870664187967,68.86405653544068,-66.79690924260018,1.508808865488009,1.1413336691218043,842,0,170,100,1.0,True,11357.603562276992,214.34014125256687,-61.58922040892172,2.3280466246710754,1.7504930526608806,44.06779661016949,59,0,1145760356.2276993,AVAXUSDT
10,9,2428.2205506885366,67.71043481517133,-68.84161717474741,1.4694049377025993,1.1416370326121734,809,0,170,110,1.0,True,2051.944975703677,62.599643507568835,-49.51908102002206,1.8346539501359798,1.2736951998906396,37.77777777777778,90,0,215194497.57036766,BTCUSDT
10,9,2428.2205506885366,67.71043481517133,-68.84161717474741,1.4694049377025993,1.1416370326121734,809,0,170,110,1.0,True,1251.5076956764997,51.0500656676008,-59.90244694378086,1.3972952105576715,0.9872422551438537,41.66666666666667,96,0,135150769.56764996,ETHUSDT
10,9,2428.2205506885366,67.71043481517133,-68.84161717474741,1.4694049377025993,1.1416370326121734,809,0,170,110,1.0,True,2804.496125673397,72.82122612277382,-75.74363576191062,1.487773924250067,1.0987551580838033,34.31372549019608,102,0,290449612.56733966,BNBUSDT
10,9,2428.2205506885366,67.71043481517133,-68.84161717474741,1.4694049377025993,1.1416370326121734,809,0,170,110,1.0,True,108.94554566184694,13.515020834358559,-77.43634252951209,1.0805392787122923,0.539546712294354,29.629629629629626,81,0,20894554.566184692,XRPUSDT
10,9,2428.2205506885366,67.71043481517133,-68.84161717474741,1.4694049377025993,1.1416370326121734,809,0,170,110,1.0,True,3140.417646103198,81.30049600009303,-67.43026829924965,1.4510359511551316,1.1845189071405435,38.82352941176471,85,0,324041764.6103198,ADAUSDT
10,9,2428.2205506885366,67.71043481517133,-68.84161717474741,1.4694049377025993,1.1416370326121734,809,0,170,110,1.0,True,14932.605607119487,172.91326275781964,-70.25296605024518,2.309518010187011,1.450667787864287,47.540983606557376,61,0,1503260560.7119486,DOGEUSDT
10,9,2428.2205506885366,67.71043481517133,-68.84161717474741,1.4694049377025993,1.1416370326121734,809,0,170,110,1.0,True,739.8672086575051,49.18986092016222,-76.19578316368084,1.1603065830494015,0.9002610625061254,40.0,85,0,83986720.8657505,LINKUSDT
10,9,2428.2205506885366,67.71043481517133,-68.84161717474741,1.4694049377025993,1.1416370326121734,809,0,170,110,1.0,True,-32.319035998360356,-6.211958808452989,-70.42770937835368,0.9155824468307165,0.22231547994272682,39.130434782608695,92,0,6768096.400163964,LTCUSDT
10,9,2428.2205506885366,67.71043481517133,-68.84161717474741,1.4694049377025993,1.1416370326121734,809,0,170,110,1.0,True,11630.436640366941,209.26382564333522,-63.85612059922323,3.2196523739957996,1.6910414395691702,44.26229508196721,61,0,1173043664.036694,SOLUSDT
10,9,2428.2205506885366,67.71043481517133,-68.84161717474741,1.4694049377025993,1.1416370326121734,809,0,170,110,1.0,True,11582.541640239226,215.81989741133697,-65.87401804624558,2.2612115200694474,1.748513679325217,44.642857142857146,56,0,1168254164.0239224,AVAXUSDT
10,10,2174.313086959029,65.61893664200754,-69.51856325270097,1.417315208810551,1.1263519520885845,770,0,170,120,1.0,True,2007.0660213071014,62.05773208210861,-45.85565462922957,1.8779144563171668,1.2566301880362951,37.5,88,0,210706602.13071015,BTCUSDT
10,10,2174.313086959029,65.61893664200754,-69.51856325270097,1.417315208810551,1.1263519520885845,770,0,170,120,1.0,True,2462.81280372476,67.16287742856564,-56.34879268888394,1.4334140454746203,1.140867853346406,40.44943820224719,89,0,256281280.372476,ETHUSDT
10,10,2174.313086959029,65.61893664200754,-69.51856325270097,1.417315208810551,1.1263519520885845,770,0,170,120,1.0,True,2009.5218145022266,64.07499585544944,-82.38635484286301,1.4012163721464819,1.0262893108057496,33.6734693877551,98,0,210952181.45022267,BNBUSDT
10,10,2174.313086959029,65.61893664200754,-69.51856325270097,1.417315208810551,1.1263519520885845,770,0,170,120,1.0,True,79.52614996228849,10.590044213507156,-75.88341935079093,1.0682734007691563,0.5060847695450518,30.0,80,0,17952614.996228848,XRPUSDT
10,10,2174.313086959029,65.61893664200754,-69.51856325270097,1.417315208810551,1.1263519520885845,770,0,170,120,1.0,True,2339.1043594158314,72.70128808849022,-69.31441234016924,1.3547747524358666,1.111836050830763,36.25,80,0,243910435.94158313,ADAUSDT
10,10,2174.313086959029,65.61893664200754,-69.51856325270097,1.417315208810551,1.1263519520885845,770,0,170,120,1.0,True,23521.845778158942,198.769495777077,-73.13091663318171,2.5277271606665623,1.5326762270955319,45.614035087719294,57,0,2362184577.815894,DOGEUSDT
10,10,2174.313086959029,65.61893664200754,-69.51856325270097,1.417315208810551,1.1263519520885845,770,0,170,120,1.0,True,698.9433703343141,47.79543071476626,-78.87532701987784,1.139198678828922,0.8864388206263144,37.5,80,0,79894337.03343141,LINKUSDT
10,10,2174.313086959029,65.61893664200754,-69.51856325270097,1.417315208810551,1.1263519520885845,770,0,170,120,1.0,True,1.5354105787508399,0.2506481797663662,-69.72271416523272,1.0031789191785736,0.3320099143799642,39.53488372093023,86,0,10153541.057875084,LTCUSDT
10,10,2174.313086959029,65.61893664200754,-69.51856325270097,1.417315208810551,1.1263519520885845,770,0,170,120,1.0,True,6455.993531507154,169.4368543544327,-66.67625136036949,2.703159512445134,1.5266188799732692,38.333333333333336,60,0,655599353.1507155,SOLUSDT
10,10,2174.313086959029,65.61893664200754,-69.51856325270097,1.417315208810551,1.1263519520885845,770,0,170,120,1.0,True,7345.437173274735,183.25558209720998,-68.3065179741477,2.447458542019951,1.5960381335188918,46.15384615384615,52,0,744543717.3274735,AVAXUSDT
10,10,1424.638654319443,55.818930267523456,-57.97712162557933,1.524275051248011,1.1328120281819274,1160,0,180,40,1.0,True,1225.0647721148284,50.57803585042571,-33.73847209064683,1.9544296783281876,1.2660253483666013,43.609022556390975,133,0,132506477.21148285,BTCUSDT
10,10,1424.638654319443,55.818930267523456,-57.97712162557933,1.524275051248011,1.1328120281819274,1160,0,180,40,1.0,True,1926.482601156642,61.05982468462121,-48.57586012592945,1.5497055110211848,1.2000920649203182,40.298507462686565,134,0,202648260.11566418,ETHUSDT
10,10,1424.638654319443,55.818930267523456,-57.97712162557933,1.524275051248011,1.1328120281819274,1160,0,180,40,1.0,True,1794.9862597648853,61.24205361479626,-71.96521425838355,1.527777076990275,1.0655319914435368,44.285714285714285,140,0,189498625.97648853,BNBUSDT
10,10,1424.638654319443,55.818930267523456,-57.97712162557933,1.524275051248011,1.1328120281819274,1160,0,180,40,1.0,True,331.6189374994178,28.603396894341593,-65.45678475318834,1.3047441336604306,0.7144349158316039,36.79245283018868,106,0,43161893.74994178,XRPUSDT
10,10,1424.638654319443,55.818930267523456,-57.97712162557933,1.524275051248011,1.1328120281819274,1160,0,180,40,1.0,True,552.1003713298157,37.814289540148934,-56.85720567967445,1.2781134619394936,0.8322266532458091,44.800000000000004,125,0,65210037.13298157,ADAUSDT
10,10,1424.638654319443,55.818930267523456,-57.97712162557933,1.524275051248011,1.1328120281819274,1160,0,180,40,1.0,True,10753.596469311186,155.67742277419234,-70.17960412348641,1.953580274476081,1.433245084018248,43.373493975903614,83,0,1085359646.9311185,DOGEUSDT
10,10,1424.638654319443,55.818930267523456,-57.97712162557933,1.524275051248011,1.1328120281819274,1160,0,180,40,1.0,True,380.3784163163537,34.31627312879861,-69.31968105646725,1.1855078452345338,0.7738035210126637,45.76271186440678,118,0,48037841.63163537,LINKUSDT
10,10,1424.638654319443,55.818930267523456,-57.97712162557933,1.524275051248011,1.1328120281819274,1160,0,180,40,1.0,True,95.21785805002969,11.61671921268903,-51.61958508297679,1.1510246728002236,0.47223381374410406,37.79527559055118,127,0,19521785.80500297,LTCUSDT
10,10,1424.638654319443,55.818930267523456,-57.97712162557933,1.524275051248011,1.1328120281819274,1160,0,180,40,1.0,True,1624.212536524058,96.34202007091734,-58.6011236469798,1.6915651259326077,1.249409002318732,42.15686274509804,102,0,172421253.6524058,SOLUSDT
10,10,1424.638654319443,55.818930267523456,-57.97712162557933,1.524275051248011,1.1328120281819274,1160,0,180,40,1.0,True,1864.9952888286027,105.31829095950135,-57.35311960417886,1.5207730255057472,1.3363998744142223,41.30434782608695,92,0,196499528.88286027,AVAXUSDT
10,10,1307.0951870568786,54.435181529797674,-59.86803014712298,1.5745267769333382,1.1216046551399168,1073,0,180,50,1.0,True,1114.3052768952216,48.510387467058315,-31.891371979055315,1.740418474024143,1.1972368274407492,40.0,125,0,121430527.68952216,BTCUSDT
10,10,1307.0951870568786,54.435181529797674,-59.86803014712298,1.5745267769333382,1.1216046551399168,1073,0,180,50,1.0,True,1414.4146440099064,53.797759442822766,-53.33749541900925,1.5308773470648371,1.0874970172214502,41.269841269841265,126,0,151441464.40099064,ETHUSDT
10,10,1307.0951870568786,54.435181529797674,-59.86803014712298,1.5745267769333382,1.1216046551399168,1073,0,180,50,1.0,True,2733.8176993313928,72.13121048065621,-75.55169791405307,1.6562898321190676,1.1557122930583834,46.774193548387096,124,0,283381769.93313926,BNBUSDT
10,10,1307.0951870568786,54.435181529797674,-59.86803014712298,1.5745267769333382,1.1216046551399168,1073,0,180,50,1.0,True,268.2612904180322,25.138906156853302,-65.45678475318833,1.2085843746876364,0.6702983457722969,36.36363636363637,99,0,36826129.041803226,XRPUSDT
10,10,1307.0951870568786,54.435181529797674,-59.86803014712298,1.5745267769333382,1.1216046551399168,1073,0,180,50,1.0,True,1199.7757301038507,55.072603616772575,-58.219439165270536,1.4160389671518625,1.0083191059393768,47.368421052631575,114,0,129977573.01038507,ADAUSDT
10,10,1307.0951870568786,54.435181529797674,-59.86803014712298,1.5745267769333382,1.1216046551399168,1073,0,180,50,1.0,True,14885.738495276195,172.74263628135006,-70.25296605024518,1.8270826112965377,1.4725927750000916,42.30769230769231,78,0,1498573849.5276196,DOGEUSDT
10,10,1307.0951870568786,54.435181529797674,-59.86803014712298,1.5745267769333382,1.1216046551399168,1073,0,180,50,1.0,True,414.16583399393056,36.043547891996795,-76.7597356949604,1.1773987293351722,0.7897506899814222,40.909090909090914,110,0,51416583.39939306,LINKUSDT
10,10,1307.0951870568786,54.435181529797674,-59.86803014712298,1.5745267769333382,1.1216046551399168,1073,0,180,50,1.0,True,53.613956657767226,7.3071265468808155,-49.11734275254612,1.0989759004677977,0.4015600268027637,37.5,120,0,15361395.665776722,LTCUSDT
10,10,1307.0951870568786,54.435181529797674,-59.86803014712298,1.5745267769333382,1.1216046551399168,1073,0,180,50,1.0,True,1493.8896239616583,92.71941176949232,-61.51662112897542,1.6181762068018393,1.2153904133382285,40.625,96,0,159388962.39616585,SOLUSDT
10,10,1307.0951870568786,54.435181529797674,-59.86803014712298,1.5745267769333382,1.1216046551399168,1073,0,180,50,1.0,True,5479.422245489221,164.18640236979684,-50.84762450472438,2.0271393152973753,1.6351174849865882,40.74074074074074,81,0,557942224.5489221,AVAXUSDT
10,10,1617.212100695721,57.78581925130307,-62.704412313627586,1.5557897510427998,1.0647056720512682,998,0,180,60,1.0,True,2032.1699164943575,62.36204415905382,-33.472757181073106,2.0085304426727517,1.3813612543467775,40.35087719298245,114,0,213216991.64943576,BTCUSDT
10,10,1617.212100695721,57.78581925130307,-62.704412313627586,1.5557897510427998,1.0647056720512682,998,0,180,60,1.0,True,1619.8749803204737,56.92852829242614,-54.01888792509047,1.530163075608686,1.10870657602497,38.13559322033898,118,0,171987498.03204736,ETHUSDT
10,10,1617.212100695721,57.78581925130307,-62.704412313627586,1.5557897510427998,1.0647056720512682,998,0,180,60,1.0,True,1614.549221070968,58.643110210180005,-81.91657139574828,1.581416426476914,1.0207047680775665,44.537815126050425,119,0,171454922.1070968,BNBUSDT
10,10,1617.212100695721,57.78581925130307,-62.704412313627586,1.5557897510427998,1.0647056720512682,998,0,180,60,1.0,True,289.80322673761674,26.368698736003072,-65.87869206122895,1.2296990561005614,0.6847852746087941,36.17021276595745,94,0,38980322.67376167,XRPUSDT
10,10,1617.212100695721,57.78581925130307,-62.704412313627586,1.5557897510427998,1.0647056720512682,998,0,180,60,1.0,True,1226.3286239013992,55.60997210366416,-61.262294585796475,1.3999536884974217,1.0055526581107508,47.16981132075472,106,0,132632862.39013992,ADAUSDT
10,10,1617.212100695721,57.78581925130307,-62.704412313627586,1.5557897510427998,1.0647056720512682,998,0,180,60,1.0,True,12290.258248757582,162.54879930399358,-70.25296605024518,1.9362324548263499,1.4278565519156952,41.333333333333336,75,0,1239025824.8757582,DOGEUSDT
10,10,1617.212100695721,57.78581925130307,-62.704412313627586,1.5557897510427998,1.0647056720512682,998,0,180,60,1.0,True,280.4003739587841,28.55162795491404,-80.07056246223341,1.1262602440412255,0.7089851329340947,39.04761904761905,105,0,38040037.39587841,LINKUSDT
10,10,1617.212100695721,57.78581925130307,-62.704412313627586,1.5557897510427998,1.0647056720512682,998,0,180,60,1.0,True,166.41258795814937,17.466516935199383,-54.068457171457204,1.2095436756631364,0.5683326038310162,41.66666666666667,108,0,26641258.795814935,LTCUSDT
10,10,1617.212100695721,57.78581925130307,-62.704412313627586,1.5557897510427998,1.0647056720512682,998,0,180,60,1.0,True,1674.0999608690938,97.67350070836795,-64.14653004145869,1.6294694832793006,1.2326955085626345,39.08045977011494,87,0,177409996.08690938,SOLUSDT
10,10,1617.212100695721,57.78581925130307,-62.704412313627586,1.5557897510427998,1.0647056720512682,998,0,180,60,1.0,True,8439.835483072602,192.79642575433624,-49.93254849827484,2.232908610392509,1.7352476295598651,44.44444444444444,72,0,853983548.3072602,AVAXUSDT
10,10,2059.785402336498,66.4317302664976,-58.51218925497042,1.4894309533917056,1.0848158889957953,930,0,180,70,1.0,True,2879.6917513694048,71.20158498785179,-33.881864159956265,2.1630794547521917,1.4600858968350339,39.42307692307692,104,0,297969175.1369405,BTCUSDT
10,10,2059.785402336498,66.4317302664976,-58.51218925497042,1.4894309533917056,1.0848158889957953,930,0,180,70,1.0,True,1398.9447607513914,53.54782840110155,-53.81964827435032,1.4743321812536936,1.0590239037941023,39.823008849557525,113,0,149894476.07513914,ETHUSDT
10,10,2059.785402336498,66.4317302664976,-58.51218925497042,1.4894309533917056,1.0848158889957953,930,0,180,70,1.0,True,2412.6655402029114,68.80157639470895,-65.25711769158535,1.5045297255297179,1.0920885848226873,39.473684210526315,114,0,251266554.02029115,BNBUSDT
10,10,2059.785402336498,66.4317302664976,-58.51218925497042,1.4894309533917056,1.0848158889957953,930,0,180,70,1.0,True,386.0202007421731,31.25653308427465,-65.20136825815514,1.2401339791830288,0.7400619130419906,36.666666666666664,90,0,48602020.07421731,XRPUSDT
10,10,2059.785402336498,66.4317302664976,-58.51218925497042,1.4894309533917056,1.0848158889957953,930,0,180,70,1.0,True,1706.9052644700846,64.06188413828625,-62.281221463882744,1.4256572001826406,1.0775431931689032,43.43434343434344,99,0,180690526.44700846,ADAUSDT
10,10,2059.785402336498,66.4317302664976,-58.51218925497042,1.4894309533917056,1.0848158889957953,930,0,180,70,1.0,True,13175.79737207584,166.20401139020626,-74.8219430269544,1.881508678352151,1.4362082429283203,44.44444444444444,72,0,1327579737.207584,DOGEUSDT
10,10,2059.785402336498,66.4317302664976,-58.51218925497042,1.4894309533917056,1.0848158889957953,930,0,180,70,1.0,True,565.373329077868,42.79906026607778,-73.9060455929049,1.1686170547749053,0.8512010961512808,39.175257731958766,97,0,66537332.9077868,LINKUSDT
10,10,2059.785402336498,66.4317302664976,-58.51218925497042,1.4894309533917056,1.0848158889957953,930,0,180,70,1.0,True,104.73394057714556,12.492912885997786,-53.976554612574375,1.1448410330930752,0.4944652812899343,41.74757281553398,103,0,20473394.057714555,LTCUSDT
10,10,2059.785402336498,66.4317302664976,-58.51218925497042,1.4894309533917056,1.0848158889957953,930,0,180,70,1.0,True,5655.999415708766,161.25521757266088,-54.74315704605811,2.0171417574892367,1.5497943326259105,43.24324324324324,74,0,575599941.5708766,SOLUSDT
10,10,2059.785402336498,66.4317302664976,-58.51218925497042,1.4894309533917056,1.0848158889957953,930,0,180,70,1.0,True,15004.586164535169,236.04000073117444,-46.21813827256962,2.728591783613656,1.8849766914278812,45.3125,64,0,1510458616.453517,AVAXUSDT
10,10,2130.485661048425,66.57495102417741,-57.99750805662345,1.4891498503300875,1.0791429070958007,889,0,180,80,1.0,True,3000.87053252539,72.28601958184275,-42.93182476330689,2.115078975400976,1.450558536898259,41.83673469387755,98,0,310087053.252539,BTCUSDT
10,10,2130.485661048425,66.57495102417741,-57.99750805662345,1.4891498503300875,1.0791429070958007,889,0,180,80,1.0,True,1025.0899669336948,46.72610094050229,-58.09645601659131,1.413054232157807,0.9654247043299904,39.63963963963964,111,0,112508996.69336946,ETHUSDT
10,10,2130.485661048425,66.57495102417741,-57.99750805662345,1.4891498503300875,1.0791429070958007,889,0,180,80,1.0,True,2750.4849850436312,72.29521700416062,-67.70179825790167,1.4877940183461056,1.114362445950925,38.88888888888889,108,0,285048498.5043631,BNBUSDT
10,10,2130.485661048425,66.57495102417741,-57.99750805662345,1.4891498503300875,1.0791429070958007,889,0,180,80,1.0,True,263.3046837367174,24.84753767955812,-69.49952489157621,1.1847259078062402,0.667150495358674,33.33333333333333,84,0,36330468.37367174,XRPUSDT
10,10,2130.485661048425,66.57495102417741,-57.99750805662345,1.4891498503300875,1.0791429070958007,889,0,180,80,1.0,True,1510.486337053218,60.86388246651207,-56.324753541153314,1.4905056823140692,1.0439233682406768,42.70833333333333,96,0,161048633.7053218,ADAUSDT
10,10,2130.485661048425,66.57495102417741,-57.99750805662345,1.4891498503300875,1.0791429070958007,889,0,180,80,1.0,True,13743.819042367926,168.44716300252904,-74.81451010875118,2.0374798074665295,1.4432990012994558,44.11764705882353,68,0,1384381904.2367926,DOGEUSDT
10,10,2130.485661048425,66.57495102417741,-57.99750805662345,1.4891498503300875,1.0791429070958007,889,0,180,80,1.0,True,951.1968667183844,55.619142664998186,-73.90943642825324,1.2454609311945628,0.9636971571560047,40.65934065934066,91,0,105119686.67183843,LINKUSDT
10,10,2130.485661048425,66.57495102417741,-57.99750805662345,1.4891498503300875,1.0791429070958007,889,0,180,80,1.0,True,79.6056209842564,10.098662438160112,-52.36551605176748,1.1255568051047826,0.46113255229977484,43.0,100,0,17960562.09842564,LTCUSDT
10,10,2130.485661048425,66.57495102417741,-57.99750805662345,1.4891498503300875,1.0791429070958007,889,0,180,80,1.0,True,7103.360129597875,175.5164620314197,-57.898560096655594,2.242673641932388,1.5980048618963254,42.028985507246375,69,0,720336012.9597875,SOLUSDT
10,10,2130.485661048425,66.57495102417741,-57.99750805662345,1.4891498503300875,1.0791429070958007,889,0,180,80,1.0,True,7863.8206691572905,187.8986680009791,-56.569077493679266,2.1240791877525607,1.6862591968550906,42.1875,64,0,796382066.915729,AVAXUSDT
10,10,1973.1793130886508,63.833066845969086,-61.97794494767311,1.5165848203571375,1.057661461550906,860,0,180,90,1.0,True,2740.68057845315,69.91086975427368,-40.900680270603765,2.131757002429877,1.4072801171872775,43.15789473684211,95,0,284068057.845315,BTCUSDT
10,10,1973.1793130886508,63.833066845969086,-61.97794494767311,1.5165848203571375,1.057661461550906,860,0,180,90,1.0,True,1276.0268646960203,51.480860079007876,-61.64879218873713,1.4513944241092356,1.014444900480961,41.904761904761905,105,0,137602686.46960202,ETHUSDT
10,10,1973.1793130886508,63.833066845969086,-61.97794494767311,1.5165848203571375,1.057661461550906,860,0,180,90,1.0,True,2609.500095183686,70.88175709644602,-68.2313922159989,1.4963608771101418,1.1008780226208508,35.84905660377358,106,0,270950009.5183686,BNBUSDT
10,10,1973.1793130886508,63.833066845969086,-61.97794494767311,1.5165848203571375,1.057661461550906,860,0,180,90,1.0,True,137.36591739223422,16.03283854622799,-69.4995248915762,1.1224191717351788,0.5632521082598253,32.926829268292686,82,0,23736591.739223424,XRPUSDT
10,10,1973.1793130886508,63.833066845969086,-61.97794494767311,1.5165848203571375,1.057661461550906,860,0,180,90,1.0,True,1336.858530993616,57.7552639376645,-59.466612020902446,1.5368087636041332,1.00518996303383,42.5531914893617,94,0,143685853.0993616,ADAUSDT
10,10,1973.1793130886508,63.833066845969086,-61.97794494767311,1.5165848203571375,1.057661461550906,860,0,180,90,1.0,True,11055.759596346456,157.08743977690477,-79.35757308858412,1.929847059948176,1.3999086289405527,43.28358208955223,67,0,1115575959.6346457,DOGEUSDT
10,10,1973.1793130886508,63.833066845969086,-61.97794494767311,1.5165848203571375,1.057661461550906,860,0,180,90,1.0,True,645.733989322851,45.892907127587804,-73.17704171969953,1.1807901728884567,0.8751727930404126,38.20224719101123,89,0,74573398.9322851,LINKUSDT
10,10,1973.1793130886508,63.833066845969086,-61.97794494767311,1.5165848203571375,1.057661461550906,860,0,180,90,1.0,True,18.349973142076003,2.8065408348636023,-62.307097706609085,1.0425603479012897,0.35468182463057135,38.54166666666667,96,0,11834997.3142076,LTCUSDT
10,10,1973.1793130886508,63.833066845969086,-61.97794494767311,1.5165848203571375,1.057661461550906,860,0,180,90,1.0,True,9518.311092356986,195.0530993476776,-61.066556742072684,2.5840678445826826,1.656282797711351,43.75,64,0,961831109.2356986,SOLUSDT
10,10,1973.1793130886508,63.833066845969086,-61.97794494767311,1.5165848203571375,1.057661461550906,860,0,180,90,1.0,True,6749.734787442341,177.6066988884417,-59.35822665526877,1.8898657295123167,1.632229626510753,43.54838709677419,62,0,684973478.7442341,AVAXUSDT
10,10,2061.7610156800583,65.79799868474171,-65.23769385294881,1.4998632941461925,1.0954930588826088,822,0,180,100,1.0,True,2198.8578855585833,64.30948513138415,-45.83748332317178,1.9764017763171557,1.3171422290359986,41.30434782608695,92,0,229885788.55585834,BTCUSDT
10,10,2061.7610156800583,65.79799868474171,-65.23769385294881,1.4998632941461925,1.0954930588826088,822,0,180,100,1.0,True,1283.135947995237,51.60455607590468,-65.45197786926695,1.4289137780676404,1.0072635407591688,42.0,100,0,138313594.7995237,ETHUSDT
10,10,2061.7610156800583,65.79799868474171,-65.23769385294881,1.4998632941461925,1.0954930588826088,822,0,180,100,1.0,True,2730.0313325044503,72.09383994590486,-71.62823043889658,1.466309574494659,1.1061485909919455,35.57692307692308,104,0,283003133.250445,BNBUSDT
10,10,2061.7610156800583,65.79799868474171,-65.23769385294881,1.4998632941461925,1.0954930588826088,822,0,180,100,1.0,True,125.02523943803183,14.972024132596484,-74.1456006473042,1.0957803850026488,0.5536770166625166,32.5,80,0,22502523.943803184,XRPUSDT
10,10,2061.7610156800583,65.79799868474171,-65.23769385294881,1.4998632941461925,1.0954930588826088,822,0,180,100,1.0,True,1924.6641458015336,67.28651223809929,-62.62830474525282,1.5334170137977259,1.0848375267732722,41.37931034482759,87,0,202466414.58015338,ADAUSDT
10,10,2061.7610156800583,65.79799868474171,-65.23769385294881,1.4998632941461925,1.0954930588826088,822,0,180,100,1.0,True,13784.995138814216,168.60688986073407,-74.07383896843356,2.2839067507237556,1.4382421576144575,47.540983606557376,61,0,1388499513.8814216,DOGEUSDT
10,10,2061.7610156800583,65.79799868474171,-65.23769385294881,1.4998632941461925,1.0954930588826088,822,0,180,100,1.0,True,855.8952120008369,52.86360525994822,-65.70970794322683,1.2148394175103905,0.9337039969241724,38.82352941176471,85,0,95589521.20008369,LINKUSDT
10,10,2061.7610156800583,65.79799868474171,-65.23769385294881,1.4998632941461925,1.0954930588826088,822,0,180,100,1.0,True,1.412292041890173,0.23066693475291,-65.02340983663066,1.003439586198756,0.3186994239105842,36.95652173913043,92,0,10141229.204189017,LTCUSDT
10,10,2061.7610156800583,65.79799868474171,-65.23769385294881,1.4998632941461925,1.0954930588826088,822,0,180,100,1.0,True,8658.009560261164,188.57438439315476,-62.62974221471551,2.5126360675438084,1.628225602704428,42.857142857142854,63,0,875800956.0261164,SOLUSDT
10,10,2061.7610156800583,65.79799868474171,-65.23769385294881,1.4998632941461925,1.0954930588826088,822,0,180,100,1.0,True,9987.54598830026,204.8171804283691,-62.04401862331272,2.178085847776451,1.719330108599671,43.103448275862064,58,0,1008754598.830026,AVAXUSDT
10,10,1861.5008083889047,61.188671446031684,-66.51196111483063,1.4684057404025084,1.1018488726151392,789,0,180,110,1.0,True,1773.3618484295193,59.06786238119648,-51.00045635349015,1.8061881328964682,1.231788297505741,37.07865168539326,89,0,187336184.84295192,BTCUSDT
10,10,1861.5008083889047,61.188671446031684,-66.51196111483063,1.4684057404025084,1.1018488726151392,789,0,180,110,1.0,True,1499.146440333855,55.12975741894801,-61.17544938544655,1.4482636565795288,1.0342916675725993,43.01075268817204,93,0,159914644.03338552,ETHUSDT
10,10,1861.5008083889047,61.188671446031684,-66.51196111483063,1.4684057404025084,1.1018488726151392,789,0,180,110,1.0,True,1949.6397683482903,63.30948051086689,-78.35289532694802,1.4300953455247998,1.0253268584417423,34.31372549019608,102,0,204963976.83482903,BNBUSDT
10,10,1861.5008083889047,61.188671446031684,-66.51196111483063,1.4684057404025084,1.1018488726151392,789,0,180,110,1.0,True,108.46030268896416,13.469628125728894,-75.85847870884056,1.0868103070152955,0.537447296174537,30.37974683544304,79,0,20846030.268896416,XRPUSDT
10,10,1861.5008083889047,61.188671446031684,-66.51196111483063,1.4684057404025084,1.1018488726151392,789,0,180,110,1.0,True,2872.894166311146,78.64784138968675,-64.83603556268615,1.4885478242254881,1.169406077657679,37.34939759036144,83,0,297289416.6311146,ADAUSDT
10,10,1861.5008083889047,61.188671446031684,-66.51196111483063,1.4684057404025084,1.1018488726151392,789,0,180,110,1.0,True,14750.026481279705,172.24613849126294,-71.31502464764846,2.330560648106139,1.4488394774725297,49.152542372881356,59,0,1485002648.1279705,DOGEUSDT
10,10,1861.5008083889047,61.188671446031684,-66.51196111483063,1.4684057404025084,1.1018488726151392,789,0,180,110,1.0,True,877.8126614969451,53.51644217303204,-67.0858326994069,1.1794750428444265,0.9373703752979838,41.46341463414634,82,0,97781266.14969452,LINKUSDT
10,10,1861.5008083889047,61.188671446031684,-66.51196111483063,1.4684057404025084,1.1018488726151392,789,0,180,110,1.0,True,24.526628310570953,3.669395262107522,-59.040027860874474,1.0497290055819068,0.37619389142173837,41.86046511627907,86,0,12452662.831057096,LTCUSDT
10,10,1861.5008083889047,61.188671446031684,-66.51196111483063,1.4684057404025084,1.1018488726151392,789,0,180,110,1.0,True,8877.294531001633,190.2703398960754,-66.74583959992798,3.033608700440987,1.6258214501639974,42.62295081967213,61,0,897729453.1001632,SOLUSDT
10,10,1861.5008083889047,61.188671446031684,-66.51196111483063,1.4684057404025084,1.1018488726151392,789,0,180,110,1.0,True,10185.586169430424,206.2521026549052,-66.27808262973328,2.1246011979358164,1.7175307663718078,43.63636363636363,55,0,1028558616.9430424,AVAXUSDT
10,10,1954.7957037027998,64.60377828116907,-70.10173151153963,1.4338358998562022,1.1429650834519793,752,0,180,120,1.0,True,1747.095148639734,58.712479357948745,-47.44452387187111,1.8551452464259328,1.2181332587085771,35.63218390804598,87,0,184709514.8639734,BTCUSDT
10,10,1954.7957037027998,64.60377828116907,-70.10173151153963,1.4338358998562022,1.1429650834519793,752,0,180,120,1.0,True,2932.407674948358,71.67781998829521,-57.73461524545728,1.481225416484407,1.187443056704686,41.86046511627907,86,0,303240767.4948358,ETHUSDT
10,10,1954.7957037027998,64.60377828116907,-70.10173151153963,1.4338358998562022,1.1429650834519793,752,0,180,120,1.0,True,1388.6376495933166,55.04452381028293,-84.2811171779019,1.3521479693274885,0.9538618210791036,33.6734693877551,98,0,148863764.95933166,BNBUSDT
10,10,1954.7957037027998,64.60377828116907,-70.10173151153963,1.4338358998562022,1.1429650834519793,752,0,180,120,1.0,True,79.10922888152574,10.54582115282825,-74.19696048947976,1.0735167217738772,0.5036976441380537,30.76923076923077,78,0,17910922.888152573,XRPUSDT
10,10,1954.7957037027998,64.60377828116907,-70.10173151153963,1.4338358998562022,1.1429650834519793,752,0,180,120,1.0,True,2162.4962587658656,70.49507720438939,-65.05896741105418,1.3864463832279972,1.0984871101992724,34.61538461538461,78,0,226249625.87658656,ADAUSDT
10,10,1954.7957037027998,64.60377828116907,-70.10173151153963,1.4338358998562022,1.1429650834519793,752,0,180,120,1.0,True,23727.524092344323,199.28871395831246,-74.76844864382261,2.5527111043712383,1.534872944411619,47.27272727272727,55,0,2382752409.234432,DOGEUSDT
10,10,1954.7957037027998,64.60377828116907,-70.10173151153963,1.4338358998562022,1.1429650834519793,752,0,180,120,1.0,True,822.1456327239113,51.83415627058376,-71.04272758207233,1.1548868525423792,0.9203104099570386,38.46153846153847,78,0,92214563.27239113,LINKUSDT
10,10,1954.7957037027998,64.60377828116907,-70.10173151153963,1.4338358998562022,1.1429650834519793,752,0,180,120,1.0,True,73.85161080163438,9.511264605349702,-60.510535153528444,1.1254594713131651,0.4652399969920367,41.9753086419753,81,0,17385161.080163438,LTCUSDT
10,10,1954.7957037027998,64.60377828116907,-70.10173151153963,1.4338358998562022,1.1429650834519793,752,0,180,120,1.0,True,4917.289768636915,152.88926153400126,-69.34050568130672,2.5526548468910204,1.4617287017881575,38.333333333333336,60,0,501728976.86369157,SOLUSDT
10,10,1954.7957037027998,64.60377828116907,-70.10173151153963,1.4338358998562022,1.1429650834519793,752,0,180,120,1.0,True,6455.139370541751,174.67432909912694,-70.86295734177253,2.2891894787403326,1.5652673902708387,45.09803921568628,51,0,655513937.0541751,AVAXUSDT
10,10,1263.0689085300269,52.247236130454766,-61.39660926224862,1.519347965284234,1.107948785201799,1131,0,190,40,1.0,True,1013.8112725031409,46.49212466122916,-37.51446022874618,1.9271224135514917,1.1982017154076885,43.93939393939394,132,0,111381127.25031409,BTCUSDT
10,10,1263.0689085300269,52.247236130454766,-61.39660926224862,1.519347965284234,1.107948785201799,1131,0,190,40,1.0,True,1695.536195685841,58.00234759968037,-47.55823588548935,1.520100074472435,1.173841128789331,40.909090909090914,132,0,179553619.5685841,ETHUSDT
10,10,1263.0689085300269,52.247236130454766,-61.39660926224862,1.519347965284234,1.107948785201799,1131,0,190,40,1.0,True,1613.8186503353804,58.63213060297492,-71.82725464110811,1.5185958560960335,1.0420564416142675,45.25547445255474,137,0,171381865.03353804,BNBUSDT
10,10,1263.0689085300269,52.247236130454766,-61.39660926224862,1.519347965284234,1.107948785201799,1131,0,190,40,1.0,True,328.50917629934344,28.44352694348138,-68.85536579598187,1.3298654957523859,0.7129994117921374,38.0,100,0,42850917.62993434,XRPUSDT
10,10,1263.0689085300269,52.247236130454766,-61.39660926224862,1.519347965284234,1.107948785201799,1131,0,190,40,1.0,True,404.9264244679965,31.914381139194358,-62.09604024897184,1.2266881786300958,0.7611697528943336,43.08943089430895,123,0,50492642.44679965,ADAUSDT
10,10,1263.0689085300269,52.247236130454766,-61.39660926224862,1.519347965284234,1.107948785201799,1131,0,190,40,1.0,True,8867.02111138363,146.08421225607654,-70.17960412348641,1.8571492480028724,1.394289025905744,43.90243902439025,82,0,896702111.138363,DOGEUSDT
10,10,1263.0689085300269,52.247236130454766,-61.39660926224862,1.519347965284234,1.107948785201799,1131,0,190,40,1.0,True,333.04703506770375,31.722550004695172,-70.28821717889139,1.1767388865536843,0.7455275048538176,46.08695652173913,115,0,43304703.50677038,LINKUSDT
10,10,1263.0689085300269,52.247236130454766,-61.39660926224862,1.519347965284234,1.107948785201799,1131,0,190,40,1.0,True,77.7534305661314,9.911319942586427,-54.99875285891409,1.1233531763996611,0.44191754549533924,37.704918032786885,122,0,17775343.05661314,LTCUSDT
10,10,1263.0689085300269,52.247236130454766,-61.39660926224862,1.519347965284234,1.107948785201799,1131,0,190,40,1.0,True,1512.3265445569127,93.24531880468025,-60.69717827552539,1.6819105239964731,1.2312078841991771,43.43434343434344,99,0,161232654.45569128,SOLUSDT
10,10,1263.0689085300269,52.247236130454766,-61.39660926224862,1.519347965284234,1.107948785201799,1131,0,190,40,1.0,True,2201.8837973223435,113.31837679468477,-55.81347554957649,1.5496817514346355,1.390629937388775,41.57303370786517,89,0,230188379.7322344,AVAXUSDT
10,10,1081.266487052521,49.109409917736734,-58.50329597019074,1.5572485676871137,1.0955391429874406,1046,0,190,50,1.0,True,920.7094093770315,44.480567634502236,-33.41150001412474,1.7103439562143399,1.1314705148367954,39.516129032258064,124,0,102070940.93770315,BTCUSDT
10,10,1081.266487052521,49.109409917736734,-58.50329597019074,1.5572485676871137,1.0955391429874406,1046,0,190,50,1.0,True,1241.82356472801,50.878104757416985,-52.41409843273887,1.4970426181214302,1.0596077711380858,41.935483870967744,124,0,134182356.47280101,ETHUSDT
10,10,1081.266487052521,49.109409917736734,-58.50329597019074,1.5572485676871137,1.0955391429874406,1046,0,190,50,1.0,True,2535.1944217962987,70.11183230188539,-74.87903308030522,1.6722817990997831,1.140076428932601,47.107438016528924,121,0,263519442.17962986,BNBUSDT
10,10,1081.266487052521,49.109409917736734,-58.50329597019074,1.5572485676871137,1.0955391429874406,1046,0,190,50,1.0,True,261.0413791776171,24.713396054142265,-68.85536579598187,1.2192983002548459,0.6651854314709152,37.234042553191486,94,0,36104137.91776171,XRPUSDT
10,10,1081.266487052521,49.109409917736734,-58.50329597019074,1.5572485676871137,1.0955391429874406,1046,0,190,50,1.0,True,863.8628575418734,47.34071507805648,-60.4463574502975,1.3351434180720865,0.9292211719775777,45.13274336283185,113,0,96386285.75418735,ADAUSDT
10,10,1081.266487052521,49.109409917736734,-58.50329597019074,1.5572485676871137,1.0955391429874406,1046,0,190,50,1.0,True,12280.896697615195,162.50905686569754,-71.98061794566668,1.74242149424445,1.4355720513347736,42.857142857142854,77,0,1238089669.7615194,DOGEUSDT
10,10,1081.266487052521,49.109409917736734,-58.50329597019074,1.5572485676871137,1.0955391429874406,1046,0,190,50,1.0,True,369.44533690179196,33.73622374431942,-76.58112500952481,1.1728045671801843,0.7657292122928896,41.1214953271028,107,0,46944533.69017919,LINKUSDT
10,10,1081.266487052521,49.109409917736734,-58.50329597019074,1.5572485676871137,1.0955391429874406,1046,0,190,50,1.0,True,39.87145239795817,5.667572278675115,-50.270589281954656,1.0739293841973199,0.3714806966970585,37.391304347826086,115,0,13987145.239795817,LTCUSDT
10,10,1081.266487052521,49.109409917736734,-58.50329597019074,1.5572485676871137,1.0955391429874406,1046,0,190,50,1.0,True,1413.0335622360992,90.35664475508302,-56.560234490083985,1.6174545172527974,1.2020384013033745,41.935483870967744,93,0,151303356.22360992,SOLUSDT
10,10,1081.266487052521,49.109409917736734,-58.50329597019074,1.5572485676871137,1.0955391429874406,1046,0,190,50,1.0,True,6666.117209158253,176.7842601477145,-44.82291498729478,2.063093508158973,1.69982969357797,41.02564102564102,78,0,676611720.9158252,AVAXUSDT
10,10,1463.2568575985829,55.42379058709196,-65.73327132322135,1.537869006959188,1.0428353553417877,974,0,190,60,1.0,True,1692.2450704589978,57.95643811709754,-37.26372400968645,1.9825594170803886,1.318877240591326,39.823008849557525,113,0,179224507.04589978,BTCUSDT
10,10,1463.2568575985829,55.42379058709196,-65.73327132322135,1.537869006959188,1.0428353553417877,974,0,190,60,1.0,True,1386.7847281167076,53.34984279813444,-53.01687745014372,1.4788335256853617,1.0741224806630436,38.46153846153847,117,0,148678472.81167075,ETHUSDT
10,10,1463.2568575985829,55.42379058709196,-65.73327132322135,1.537869006959188,1.0428353553417877,974,0,190,60,1.0,True,1539.7289870804584,57.497738376049476,-81.82758256193789,1.5969044882330146,1.0115482300205316,44.827586206896555,116,0,163972898.70804584,BNBUSDT
10,10,1463.2568575985829,55.42379058709196,-65.73327132322135,1.537869006959188,1.0428353553417877,974,0,190,60,1.0,True,288.8950531452804,26.31800305882088,-69.23576318177935,1.2456129102510005,0.6843545312289423,36.666666666666664,90,0,38889505.31452804,XRPUSDT
10,10,1463.2568575985829,55.42379058709196,-65.73327132322135,1.537869006959188,1.0428353553417877,974,0,190,60,1.0,True,883.5555093194064,47.85134355500211,-67.4245231216189,1.319383825933582,0.9281046406540435,44.761904761904766,105,0,98355550.93194063,ADAUSDT
10,10,1463.2568575985829,55.42379058709196,-65.73327132322135,1.537869006959188,1.0428353553417877,974,0,190,60,1.0,True,10136.568513011467,152.69771331262726,-72.65684610429177,1.8446639154134186,1.3913188589051932,41.891891891891895,74,0,1023656851.3011467,DOGEUSDT
10,10,1463.2568575985829,55.42379058709196,-65.73327132322135,1.537869006959188,1.0428353553417877,974,0,190,60,1.0,True,266.91723429649835,27.682476725473038,-78.6497059928371,1.128695497920043,0.6994529925691751,38.23529411764706,102,0,36691723.42964984,LINKUSDT
10,10,1463.2568575985829,55.42379058709196,-65.73327132322135,1.537869006959188,1.0428353553417877,974,0,190,60,1.0,True,154.89891454579467,16.61701286429991,-57.27657578511778,1.1882035816258285,0.5553965027878909,40.77669902912621,103,0,25489891.45457947,LTCUSDT
10,10,1463.2568575985829,55.42379058709196,-65.73327132322135,1.537869006959188,1.0428353553417877,974,0,190,60,1.0,True,1608.3217516256486,95.91172957538781,-64.04201952482377,1.6292485730775215,1.2237045274004925,40.0,85,0,170832175.16256487,SOLUSDT
10,10,1463.2568575985829,55.42379058709196,-65.73327132322135,1.537869006959188,1.0428353553417877,974,0,190,60,1.0,True,10397.045754463546,207.76130793163384,-46.32789070847758,2.2764021513424635,1.8021715190103822,44.927536231884055,69,0,1049704575.4463546,AVAXUSDT
10,10,1771.4738587491834,61.21908785065342,-61.196204328956554,1.4736595850099856,1.0537350152559173,909,0,190,70,1.0,True,2404.6672105877915,66.5563116337187,-37.38272238976599,2.1362166967047798,1.4005343689021814,38.83495145631068,103,0,250466721.05877912,BTCUSDT
10,10,1771.4738587491834,61.21908785065342,-61.196204328956554,1.4736595850099856,1.0537350152559173,909,0,190,70,1.0,True,1195.7946238323948,50.04620173788863,-52.81329601191611,1.4308659651711497,1.0240144436684813,39.285714285714285,112,0,129579462.38323948,ETHUSDT
10,10,1771.4738587491834,61.21908785065342,-61.196204328956554,1.4736595850099856,1.0537350152559173,909,0,190,70,1.0,True,2303.01380044428,67.58282888253537,-65.54027385315537,1.5164532048488215,1.0834555868433533,40.54054054054054,111,0,240301380.044428,BNBUSDT
10,10,1771.4738587491834,61.21908785065342,-61.196204328956554,1.4736595850099856,1.0537350152559173,909,0,190,70,1.0,True,444.1849456261925,33.833846244296836,-65.20136825815514,1.2744857198973598,0.7689487464375739,38.372093023255815,86,0,54418494.56261925,XRPUSDT
10,10,1771.4738587491834,61.21908785065342,-61.196204328956554,1.4736595850099856,1.0537350152559173,909,0,190,70,1.0,True,1239.9339170540864,55.88186406758815,-68.28134135274857,1.3460167268830336,1.0019969479023387,41.83673469387755,98,0,133993391.70540863,ADAUSDT
10,10,1771.4738587491834,61.21908785065342,-61.196204328956554,1.4736595850099856,1.0537350152559173,909,0,190,70,1.0,True,11076.556763783165,157.18335955653063,-77.01552970646617,1.8043390805284858,1.403770808112049,45.07042253521127,71,0,1117655676.3783164,DOGEUSDT
10,10,1771.4738587491834,61.21908785065342,-61.196204328956554,1.4736595850099856,1.0537350152559173,909,0,190,70,1.0,True,413.74172365984316,36.02244576590168,-76.37431791946787,1.1442753158946366,0.7859027543336986,37.5,96,0,51374172.36598432,LINKUSDT
10,10,1771.4738587491834,61.21908785065342,-61.196204328956554,1.4736595850099856,1.0537350152559173,909,0,190,70,1.0,True,121.21138769590173,13.932645107353881,-57.191040399757966,1.150006249482981,0.5156820939140193,40.816326530612244,98,0,22121138.769590173,LTCUSDT
10,10,1771.4738587491834,61.21908785065342,-61.196204328956554,1.4736595850099856,1.0537350152559173,909,0,190,70,1.0,True,4976.093425243605,153.5884492714144,-56.275137446126266,1.957750934545656,1.5182795246949763,42.465753424657535,73,0,507609342.5243606,SOLUSDT
10,10,1771.4738587491834,61.21908785065342,-61.196204328956554,1.4736595850099856,1.0537350152559173,909,0,190,70,1.0,True,18466.39438505965,253.2152972424356,-47.37815391650203,2.813857112942552,1.9510962041436375,45.90163934426229,61,0,1856639438.5059652,AVAXUSDT
10,10,1815.1291466758146,60.54647282464131,-60.36838893296836,1.4539212186105144,1.040551568926583,869,0,190,80,1.0,True,2506.5269670430503,67.61131557665414,-40.01969739412844,2.0886482542137155,1.392231849570188,41.23711340206185,97,0,260652696.70430502,BTCUSDT
10,10,1815.1291466758146,60.54647282464131,-60.36838893296836,1.4539212186105144,1.040551568926583,869,0,190,80,1.0,True,872.6076895807969,43.38003723021904,-57.18330302585104,1.3736031700159277,0.9295908450108212,39.09090909090909,110,0,97260768.9580797,ETHUSDT
10,10,1815.1291466758146,60.54647282464131,-60.36838893296836,1.4539212186105144,1.040551568926583,869,0,190,80,1.0,True,2626.0889941561627,71.05122560642236,-67.9650627672316,1.5023489027987367,1.105888091763133,39.04761904761905,105,0,272608899.4156163,BNBUSDT
10,10,1815.1291466758146,60.54647282464131,-60.36838893296836,1.4539212186105144,1.040551568926583,869,0,190,80,1.0,True,310.81444820916937,27.51512635179838,-69.49952489157621,1.213638166768118,0.6975609967931244,35.0,80,0,41081444.82091694,XRPUSDT
10,10,1815.1291466758146,60.54647282464131,-60.36838893296836,1.4539212186105144,1.040551568926583,869,0,190,80,1.0,True,1123.731326308579,53.48163007262849,-61.41304871971359,1.4054935344222919,0.9752150460900326,42.10526315789473,95,0,122373132.6308579,ADAUSDT
10,10,1815.1291466758146,60.54647282464131,-60.36838893296836,1.4539212186105144,1.040551568926583,869,0,190,80,1.0,True,11812.992480205572,160.49134447823207,-76.77264490883779,1.967791089607594,1.4151399138025185,44.776119402985074,67,0,1191299248.0205572,DOGEUSDT
10,10,1815.1291466758146,60.54647282464131,-60.36838893296836,1.4539212186105144,1.040551568926583,869,0,190,80,1.0,True,643.0850567417364,45.79534629359785,-76.97386178502768,1.1970635145110402,0.8778924939896227,36.26373626373626,91,0,74308505.67417364,LINKUSDT
10,10,1815.1291466758146,60.54647282464131,-60.36838893296836,1.4539212186105144,1.040551568926583,869,0,190,80,1.0,True,104.08356026440227,12.434124814697235,-55.69254154855145,1.1419324175509393,0.4952870008985316,43.15789473684211,95,0,20408356.026440226,LTCUSDT
10,10,1815.1291466758146,60.54647282464131,-60.36838893296836,1.4539212186105144,1.040551568926583,869,0,190,80,1.0,True,6252.489276564964,167.4311770650965,-59.32372914622312,2.1643569063243615,1.567169574926192,41.17647058823529,68,0,635248927.6564964,SOLUSDT
10,10,1815.1291466758146,60.54647282464131,-60.36838893296836,1.4539212186105144,1.040551568926583,869,0,190,80,1.0,True,9689.03578056763,202.6133692499816,-56.942223502507126,2.1875067562452832,1.7506035855224484,42.62295081967213,61,0,978903578.056763,AVAXUSDT
10,10,1694.6747403119368,57.908122117505485,-61.52604408290469,1.4756318236724661,1.0373995496777024,842,0,190,90,1.0,True,2287.816742217046,65.30061176231519,-39.51773927841078,2.104258949326477,1.3494391781325108,42.5531914893617,94,0,238781674.2217046,BTCUSDT
10,10,1694.6747403119368,57.908122117505485,-61.52604408290469,1.4756318236724661,1.0373995496777024,842,0,190,90,1.0,True,1101.5327384068278,48.26185105735963,-60.813050941523706,1.4124495039673608,0.9824276444877585,40.38461538461539,104,0,120153273.84068277,ETHUSDT
10,10,1694.6747403119368,57.908122117505485,-61.52604408290469,1.4756318236724661,1.0373995496777024,842,0,190,90,1.0,True,2491.25648067618,69.64796843712422,-68.49033657667252,1.5119095833479363,1.0923714548676462,35.92233009708738,103,0,259125648.067618,BNBUSDT
10,10,1694.6747403119368,57.908122117505485,-61.52604408290469,1.4756318236724661,1.0373995496777024,842,0,190,90,1.0,True,160.07204685515174,17.870742074697034,-69.49952489157623,1.1433823323462124,0.5851065854897193,34.177215189873415,79,0,26007204.685515177,XRPUSDT
10,10,1694.6747403119368,57.908122117505485,-61.52604408290469,1.4756318236724661,1.0373995496777024,842,0,190,90,1.0,True,991.7982890211059,50.51563247269579,-62.239037224285674,1.4393540639969957,0.9382549148233823,39.784946236559136,93,0,109179828.90211059,ADAUSDT
10,10,1694.6747403119368,57.908122117505485,-61.52604408290469,1.4756318236724661,1.0373995496777024,842,0,190,90,1.0,True,9741.331791922443,150.71271187947346,-80.48359214961876,1.881270295813716,1.3765843083859135,42.42424242424242,66,0,984133179.1922443,DOGEUSDT
10,10,1694.6747403119368,57.908122117505485,-61.52604408290469,1.4756318236724661,1.0373995496777024,842,0,190,90,1.0,True,427.15446369403656,36.68306974492695,-76.29427317101478,1.1401097634469506,0.7908899992957774,34.831460674157306,89,0,52715446.36940366,LINKUSDT
10,10,1694.6747403119368,57.908122117505485,-61.52604408290469,1.4756318236724661,1.0373995496777024,842,0,190,90,1.0,True,34.48013286549143,4.987393641006488,-60.30966841945356,1.0695743966622948,0.3868448600317206,38.46153846153847,91,0,13448013.286549143,LTCUSDT
10,10,1694.6747403119368,57.908122117505485,-61.52604408290469,1.4756318236724661,1.0373995496777024,842,0,190,90,1.0,True,8382.192421749518,186.3945699452848,-60.37218847679466,2.482377020687688,1.6263174462958185,41.269841269841265,63,0,848219242.1749518,SOLUSDT
10,10,1694.6747403119368,57.908122117505485,-61.52604408290469,1.4756318236724661,1.0373995496777024,842,0,190,90,1.0,True,8034.581511039045,189.3778931874037,-60.23484243503327,1.9011482960297648,1.6853020410131334,43.333333333333336,60,0,813458151.1039045,AVAXUSDT
10,10,1635.4060980540312,59.73032421461065,-64.63564988105082,1.4600101233688376,1.0593091377148496,804,0,190,100,1.0,True,1832.370511058868,59.8511934022629,-43.546583630600054,1.9496521714246848,1.2598930879746757,40.65934065934066,91,0,193237051.1058868,BTCUSDT
10,10,1635.4060980540312,59.73032421461065,-64.63564988105082,1.4600101233688376,1.0593091377148496,804,0,190,100,1.0,True,1157.4614236267298,49.3341865394592,-64.69911482395194,1.4005259673649577,0.9867171552349928,40.4040404040404,99,0,125746142.36267298,ETHUSDT
10,10,1635.4060980540312,59.73032421461065,-64.63564988105082,1.4600101233688376,1.0593091377148496,804,0,190,100,1.0,True,2629.4428288741437,71.08538262226276,-71.6212106491412,1.4798415956312567,1.0996055511765968,35.64356435643564,101,0,272944282.8874144,BNBUSDT
10,10,1635.4060980540312,59.73032421461065,-64.63564988105082,1.4600101233688376,1.0593091377148496,804,0,190,100,1.0,True,146.5509722507811,16.793132808038045,-72.46960324348596,1.1128108426235686,0.5749350502655857,33.76623376623377,77,0,24655097.22507811,XRPUSDT
10,10,1635.4060980540312,59.73032421461065,-64.63564988105082,1.4600101233688376,1.0593091377148496,804,0,190,100,1.0,True,1438.4416850491943,59.6094550269584,-64.57218493814969,1.4401786511064185,1.0190127242531024,40.69767441860465,86,0,153844168.50491944,ADAUSDT
10,10,1635.4060980540312,59.73032421461065,-64.63564988105082,1.4600101233688376,1.0593091377148496,804,0,190,100,1.0,True,12148.98157222913,161.94646849568704,-75.48808897029376,2.2229141563477777,1.4151877643688373,46.666666666666664,60,0,1224898157.222913,DOGEUSDT
10,10,1635.4060980540312,59.73032421461065,-64.63564988105082,1.4600101233688376,1.0593091377148496,804,0,190,100,1.0,True,575.7153403243675,43.21369755492705,-69.20951876022612,1.1701577731767592,0.8507351712244051,36.470588235294116,85,0,67571534.03243674,LINKUSDT
10,10,1635.4060980540312,59.73032421461065,-64.63564988105082,1.4600101233688376,1.0593091377148496,804,0,190,100,1.0,True,20.06844215870318,3.0503128473426955,-63.169923866955166,1.0424642975737037,0.3607040395290068,36.7816091954023,87,0,12006844.215870317,LTCUSDT
10,10,1635.4060980540312,59.73032421461065,-64.63564988105082,1.4600101233688376,1.0593091377148496,804,0,190,100,1.0,True,7623.504796952314,180.10593210465947,-61.96325297307681,2.417720872263405,1.5982322382845406,41.935483870967744,62,0,772350479.6952313,SOLUSDT
10,10,1635.4060980540312,59.73032421461065,-64.63564988105082,1.4600101233688376,1.0593091377148496,804,0,190,100,1.0,True,11983.671060900875,218.40594686132025,-62.862703672536,2.163469723817797,1.773616497215106,44.642857142857146,56,0,1208367106.0900874,AVAXUSDT
10,10,1638.2402813712242,57.903143256387594,-66.83526145041387,1.4294440986339771,1.0636365614990049,773,0,190,110,1.0,True,1365.8063257700464,53.005052962379715,-51.8560767291894,1.7101412454360516,1.1512402149178458,35.95505617977528,89,0,146580632.57700464,BTCUSDT
10,10,1638.2402813712242,57.903143256387594,-66.83526145041387,1.4294440986339771,1.0636365614990049,773,0,190,110,1.0,True,1353.842482372763,52.806557840499416,-60.32939315397687,1.41563834812159,1.0143027009142733,40.21739130434783,92,0,145384248.2372763,ETHUSDT
10,10,1638.2402813712242,57.903143256387594,-66.83526145041387,1.4294440986339771,1.0636365614990049,773,0,190,110,1.0,True,1910.674236972402,62.801233550395466,-77.9763694137562,1.4432498491463643,1.0222098852467134,35.35353535353536,99,0,201067423.6972402,BNBUSDT
10,10,1638.2402813712242,57.903143256387594,-66.83526145041387,1.4294440986339771,1.0636365614990049,773,0,190,110,1.0,True,136.48038663079626,15.95825781117326,-72.46922144675003,1.1104610475918775,0.5666314248916733,31.57894736842105,76,0,23648038.663079627,XRPUSDT
10,10,1638.2402813712242,57.903143256387594,-66.83526145041387,1.4294440986339771,1.0636365614990049,773,0,190,110,1.0,True,2158.9533720384734,70.44937845238806,-66.66508114136487,1.4058456545558236,1.1050632377512961,36.58536585365854,82,0,225895337.20384735,ADAUSDT
10,10,1638.2402813712242,57.903143256387594,-66.83526145041387,1.4294440986339771,1.0636365614990049,773,0,190,110,1.0,True,13485.372778662288,167.43585057529228,-71.87558349338849,2.3114257509737617,1.432818697946766,48.275862068965516,58,0,1358537277.8662286,DOGEUSDT
10,10,1638.2402813712242,57.903143256387594,-66.83526145041387,1.4294440986339771,1.0636365614990049,773,0,190,110,1.0,True,591.2083960874654,43.82531349855277,-72.18674610481075,1.141859623186976,0.8553114452384334,39.02439024390244,82,0,69120839.60874654,LINKUSDT
10,10,1638.2402813712242,57.903143256387594,-66.83526145041387,1.4294440986339771,1.0636365614990049,773,0,190,110,1.0,True,52.60875016387965,7.191447924706051,-60.63545825277161,1.0898290217609594,0.42694667019822463,41.9753086419753,81,0,15260875.016387964,LTCUSDT
10,10,1638.2402813712242,57.903143256387594,-66.83526145041387,1.4294440986339771,1.0636365614990049,773,0,190,110,1.0,True,7816.886018319687,181.75210498020377,-65.14639448859441,2.884295737817439,1.596097087954618,43.333333333333336,60,0,791688601.8319687,SOLUSDT
10,10,1638.2402813712242,57.903143256387594,-66.83526145041387,1.4294440986339771,1.0636365614990049,773,0,190,110,1.0,True,10400.241492916766,207.78393860829,-67.00544175946287,2.0946102835239486,1.7274337088788352,44.44444444444444,54,0,1050024149.2916765,AVAXUSDT
10,10,1495.4511011022514,58.71409735228333,-69.89000527422488,1.3994337769968959,1.0856569606548447,737,0,190,120,1.0,True,1345.2536199553692,52.663208434095395,-48.36223723986092,1.7525911243644932,1.1384139816991012,34.48275862068966,87,0,144525361.99553692,BTCUSDT
10,10,1495.4511011022514,58.71409735228333,-69.89000527422488,1.3994337769968959,1.0856569606548447,737,0,190,120,1.0,True,2321.1044679610627,65.66350387389184,-56.81357709869144,1.4372656302525975,1.1364835222099081,38.372093023255815,86,0,242110446.79610625,ETHUSDT
10,10,1495.4511011022514,58.71409735228333,-69.89000527422488,1.3994337769968959,1.0856569606548447,737,0,190,120,1.0,True,1371.7514615214238,54.75754655007816,-84.00770570794613,1.361601923741194,0.9520732553992756,34.73684210526316,95,0,147175146.15214238,BNBUSDT
10,10,1495.4511011022514,58.71409735228333,-69.89000527422488,1.3994337769968959,1.0856569606548447,737,0,190,120,1.0,True,103.18352787086896,12.970270502030989,-70.3828539687776,1.0971761177901187,0.5324293473077072,32.0,75,0,20318352.787086897,XRPUSDT
10,10,1495.4511011022514,58.71409735228333,-69.89000527422488,1.3994337769968959,1.0856569606548447,737,0,190,120,1.0,True,1619.1507406830788,62.670648154488504,-69.39715657967216,1.3196617826608965,1.0348303990997814,33.76623376623377,77,0,171915074.06830788,ADAUSDT
10,10,1495.4511011022514,58.71409735228333,-69.89000527422488,1.3994337769968959,1.0856569606548447,737,0,190,120,1.0,True,21698.439084285958,194.00090479875254,-75.26153298321347,2.526092507357812,1.5191110880470415,48.148148148148145,54,0,2179843908.4285955,DOGEUSDT
10,10,1495.4511011022514,58.71409735228333,-69.89000527422488,1.3994337769968959,1.0856569606548447,737,0,190,120,1.0,True,575.4704955562754,43.20394086189059,-75.70578064401529,1.1227139319798922,0.8484691391665719,35.8974358974359,78,0,67547049.55562754,LINKUSDT
10,10,1495.4511011022514,58.71409735228333,-69.89000527422488,1.3994337769968959,1.0856569606548447,737,0,190,120,1.0,True,129.16325884772922,14.595606898216928,-57.36817547594575,1.1736051395101572,0.5344068835499548,42.10526315789473,76,0,22916325.884772923,LTCUSDT
10,10,1495.4511011022514,58.71409735228333,-69.89000527422488,1.3994337769968959,1.0856569606548447,737,0,190,120,1.0,True,4324.6321285552285,145.46788172203824,-67.50088034498631,2.4454040265108565,1.4318233826653328,38.983050847457626,59,0,442463212.8555228,SOLUSDT
10,10,1495.4511011022514,58.71409735228333,-69.89000527422488,1.3994337769968959,1.0856569606548447,737,0,190,120,1.0,True,6591.942031946085,176.04821685087902,-70.86295734177253,2.2470288246501364,1.5737641020777569,46.0,50,0,669194203.1946086,AVAXUSDT
10,10,1158.6523862149265,50.08269337842084,-59.9550377499785,1.5089335084933995,1.0791806425372992,1091,0,200,40,1.0,True,1055.3165524706303,47.3435558146567,-35.51958430171632,1.941909873511929,1.236609052210353,44.09448818897638,127,0,115531655.24706304,BTCUSDT
10,10,1158.6523862149265,50.08269337842084,-59.9550377499785,1.5089335084933995,1.0791806425372992,1091,0,200,40,1.0,True,1633.6148832625834,57.12644697197684,-42.769863140576305,1.4630878290388363,1.1652555140103351,40.76923076923077,130,0,173361488.32625836,ETHUSDT
10,10,1158.6523862149265,50.08269337842084,-59.9550377499785,1.5089335084933995,1.0791806425372992,1091,0,200,40,1.0,True,1261.9882199592225,52.821830942184974,-76.45600187730484,1.5547791879479627,0.9931057710642633,43.7037037037037,135,0,136198821.99592227,BNBUSDT
10,10,1158.6523862149265,50.08269337842084,-59.9550377499785,1.5089335084933995,1.0791806425372992,1091,0,200,40,1.0,True,382.3255103293857,31.0843445103782,-68.8559142782157,1.3982206941273845,0.7472700871536473,38.94736842105263,95,0,48232551.03293857,XRPUSDT
10,10,1158.6523862149265,50.08269337842084,-59.9550377499785,1.5089335084933995,1.0791806425372992,1091,0,200,40,1.0,True,470.89859652715296,34.71463173152705,-64.50116051520999,1.2435631066954613,0.798892709271895,42.857142857142854,119,0,57089859.652715296,ADAUSDT
10,10,1158.6523862149265,50.08269337842084,-59.9550377499785,1.5089335084933995,1.0791806425372992,1091,0,200,40,1.0,True,8136.556714292631,141.9317017212971,-72.34159241259582,1.845773424251647,1.3788175707804582,43.037974683544306,79,0,823655671.4292631,DOGEUSDT
10,10,1158.6523862149265,50.08269337842084,-59.9550377499785,1.5089335084933995,1.0791806425372992,1091,0,200,40,1.0,True,624.7959280511025,45.11393619748962,-61.945637725628735,1.299662606504366,0.8932195810064004,48.148148148148145,108,0,72479592.80511025,LINKUSDT
10,10,1158.6523862149265,50.08269337842084,-59.9550377499785,1.5089335084933995,1.0791806425372992,1091,0,200,40,1.0,True,156.14310115603968,16.710339301767817,-49.23853113580845,1.2298382492193418,0.5595415178773219,38.26086956521739,115,0,25614310.11560397,LTCUSDT
10,10,1158.6523862149265,50.08269337842084,-59.9550377499785,1.5089335084933995,1.0791806425372992,1091,0,200,40,1.0,True,1478.018160602669,92.26295260520048,-57.96443777432826,1.6875940809355239,1.2273393680229943,44.329896907216494,97,0,157801816.0602669,SOLUSDT
10,10,1158.6523862149265,50.08269337842084,-59.9550377499785,1.5089335084933995,1.0791806425372992,1091,0,200,40,1.0,True,2260.9599592457284,114.62816879141289,-56.33754013056033,1.556952830134625,1.401253442126769,41.86046511627907,86,0,236095995.92457286,AVAXUSDT
10,10,1118.59047855069,50.96217012513744,-60.22923013071386,1.5205020087334535,1.073527613750537,1009,0,200,50,1.0,True,930.9057227399755,44.70822705255073,-33.15372865046615,1.7081611267502743,1.1545697145037148,39.166666666666664,120,0,103090572.27399756,BTCUSDT
10,10,1118.59047855069,50.96217012513744,-60.22923013071386,1.5205020087334535,1.073527613750537,1009,0,200,50,1.0,True,1195.5482425297846,50.04168229685988,-48.140787640298285,1.4440209139804063,1.0507523284812779,41.80327868852459,122,0,129554824.25297847,ETHUSDT
10,10,1118.59047855069,50.96217012513744,-60.22923013071386,1.5205020087334535,1.073527613750537,1009,0,200,50,1.0,True,2013.8096768217974,64.12910934927672,-79.00642615148934,1.7273823916759605,1.0963028990197958,46.21848739495798,119,0,211380967.68217972,BNBUSDT
10,10,1118.59047855069,50.96217012513744,-60.22923013071386,1.5205020087334535,1.073527613750537,1009,0,200,50,1.0,True,320.9651832024433,28.051667770591227,-68.8559142782157,1.2796094540959424,0.7072463862658573,38.20224719101123,89,0,42096518.320244335,XRPUSDT
10,10,1118.59047855069,50.96217012513744,-60.22923013071386,1.5205020087334535,1.073527613750537,1009,0,200,50,1.0,True,1051.05800182059,51.882657953415,-61.42430369517192,1.3855128952326234,0.9821161388862556,44.95412844036697,109,0,115105800.182059,ADAUSDT
10,10,1118.59047855069,50.96217012513744,-60.22923013071386,1.5205020087334535,1.073527613750537,1009,0,200,50,1.0,True,13416.095215347816,167.1621512059263,-72.87150239027562,1.7706481866459787,1.4546781404984432,44.5945945945946,74,0,1351609521.5347815,DOGEUSDT
10,10,1118.59047855069,50.96217012513744,-60.22923013071386,1.5205020087334535,1.073527613750537,1009,0,200,50,1.0,True,729.4568581536197,48.840465088653914,-71.28906215326154,1.3100223122716188,0.9237695276886783,43.0,100,0,82945685.81536196,LINKUSDT
10,10,1118.59047855069,50.96217012513744,-60.22923013071386,1.5205020087334535,1.073527613750537,1009,0,200,50,1.0,True,111.324014255209,13.079953197785477,-48.81009032121406,1.191213971908724,0.4974183092990967,38.88888888888889,108,0,21132401.4255209,LTCUSDT
10,10,1118.59047855069,50.96217012513744,-60.22923013071386,1.5205020087334535,1.073527613750537,1009,0,200,50,1.0,True,1186.1229552807902,83.16700136484008,-59.03415656625579,1.5969831034865007,1.1563440260268292,42.391304347826086,92,0,128612295.52807902,SOLUSDT
10,10,1118.59047855069,50.96217012513744,-60.22923013071386,1.5205020087334535,1.073527613750537,1009,0,200,50,1.0,True,6415.562600845588,174.27281322004941,-45.62599208707964,1.9660521652744334,1.6913434362917414,40.78947368421053,76,0,651556260.0845588,AVAXUSDT
10,10,1140.3029738690302,49.841742012238434,-67.73226129843918,1.4930839213821945,0.9940924814493202,942,0,200,60,1.0,True,1738.9178540355854,58.600974097745095,-35.26084322826524,1.9797951504856883,1.350537962381735,39.44954128440367,109,0,183891785.40355855,BTCUSDT
10,10,1140.3029738690302,49.841742012238434,-67.73226129843918,1.4930839213821945,0.9940924814493202,942,0,200,60,1.0,True,1219.4275550627397,50.47638254941509,-52.07876116317418,1.413664124012314,1.0412737824306055,38.793103448275865,116,0,131942755.50627397,ETHUSDT
10,10,1140.3029738690302,49.841742012238434,-67.73226129843918,1.4930839213821945,0.9940924814493202,942,0,200,60,1.0,True,1061.1783926753205,48.91399027968284,-84.8133348567574,1.5725037187520752,0.9367111229818048,43.47826086956522,115,0,116117839.26753205,BNBUSDT
10,10,1140.3029738690302,49.841742012238434,-67.73226129843918,1.4930839213821945,0.9940924814493202,942,0,200,60,1.0,True,376.7367546668147,30.82179726308707,-69.23630496490712,1.3194179916002067,0.7388368011511749,37.64705882352941,85,0,47673675.46668147,XRPUSDT
10,10,1140.3029738690302,49.841742012238434,-67.73226129843918,1.4930839213821945,0.9940924814493202,942,0,200,60,1.0,True,937.4655950316436,49.207101475061776,-69.49153512081887,1.356576767679525,0.9469111804680348,42.71844660194174,103,0,103746559.50316437,ADAUSDT
10,10,1140.3029738690302,49.841742012238434,-67.73226129843918,1.4930839213821945,0.9940924814493202,942,0,200,60,1.0,True,11075.151794783418,157.17688411808987,-73.52622967688444,1.8753511847630575,1.4098590224491716,43.66197183098591,71,0,1117515179.4783418,DOGEUSDT
10,10,1140.3029738690302,49.841742012238434,-67.73226129843918,1.4930839213821945,0.9940924814493202,942,0,200,60,1.0,True,585.5353302827803,43.602663212693486,-73.89516214901981,1.2556067576260508,0.8677346193086128,40.0,95,0,68553533.02827802,LINKUSDT
10,10,1140.3029738690302,49.841742012238434,-67.73226129843918,1.4930839213821945,0.9940924814493202,942,0,200,60,1.0,True,259.4216172349823,23.38996051217743,-51.61927197574341,1.3007047712350155,0.6597568176593288,43.29896907216495,97,0,35942161.72349823,LTCUSDT
10,10,1140.3029738690302,49.841742012238434,-67.73226129843918,1.4930839213821945,0.9940924814493202,942,0,200,60,1.0,True,1375.94414078871,89.24046900799847,-66.22821763197125,1.6049423036736865,1.1841226002102274,40.476190476190474,84,0,147594414.07887098,SOLUSDT
10,10,1140.3029738690302,49.841742012238434,-67.73226129843918,1.4930839213821945,0.9940924814493202,942,0,200,60,1.0,True,10328.53550724416,207.27488990909447,-44.64515932145141,2.1807579240167065,1.8037462255811845,46.26865671641791,67,0,1042853550.7244159,AVAXUSDT
10,10,1500.736482457526,58.52006716088908,-59.21290019093074,1.4462887660214074,1.0225230069191182,881,0,200,70,1.0,True,2469.901865560508,67.23603514852326,-33.19475969344779,2.1287589746664475,1.431020756387339,39.39393939393939,99,0,256990186.5560508,BTCUSDT
10,10,1500.736482457526,58.52006716088908,-59.21290019093074,1.4462887660214074,1.0225230069191182,881,0,200,70,1.0,True,1049.9349332611903,47.2346253406531,-48.541810409427946,1.37228674394821,0.9913805382560581,39.63963963963964,111,0,114993493.32611904,ETHUSDT
10,10,1500.736482457526,58.52006716088908,-59.21290019093074,1.4462887660214074,1.0225230069191182,881,0,200,70,1.0,True,1688.0958668364806,59.72888438799697,-69.78673578304999,1.5059250738479877,1.0238739593544082,40.909090909090914,110,0,178809586.68364805,BNBUSDT
10,10,1500.736482457526,58.52006716088908,-59.21290019093074,1.4462887660214074,1.0225230069191182,881,0,200,70,1.0,True,532.5149897105431,37.34197792134755,-61.18117504353155,1.3446439944432502,0.8087463306726276,39.02439024390244,82,0,63251498.97105431,XRPUSDT
10,10,1500.736482457526,58.52006716088908,-59.21290019093074,1.4462887660214074,1.0225230069191182,881,0,200,70,1.0,True,1313.3770980785719,57.311249933781184,-70.29398565776275,1.3866524581948272,1.0211720544838283,40.625,96,0,141337709.8078572,ADAUSDT
10,10,1500.736482457526,58.52006716088908,-59.21290019093074,1.4462887660214074,1.0225230069191182,881,0,200,70,1.0,True,10152.062911102968,152.77427380209465,-77.74632765955376,1.7202314540138492,1.3890336610920462,46.3768115942029,69,0,1025206291.1102967,DOGEUSDT
10,10,1500.736482457526,58.52006716088908,-59.21290019093074,1.4462887660214074,1.0225230069191182,881,0,200,70,1.0,True,738.4533577525006,49.14261585379034,-74.10870363573723,1.2382762725869794,0.9150403127575802,37.77777777777778,90,0,83845335.77525005,LINKUSDT
10,10,1500.736482457526,58.52006716088908,-59.21290019093074,1.4462887660214074,1.0225230069191182,881,0,200,70,1.0,True,182.34831278069942,18.593035497013588,-57.244625338329925,1.2078533241971015,0.5853674950762409,43.01075268817204,93,0,28234831.278069943,LTCUSDT
10,10,1500.736482457526,58.52006716088908,-59.21290019093074,1.4462887660214074,1.0225230069191182,881,0,200,70,1.0,True,4285.5994481688285,144.95303971028233,-57.01821350904398,1.9345657892391244,1.4811200138341905,43.05555555555556,72,0,438559944.81688285,SOLUSDT
10,10,1500.736482457526,58.52006716088908,-59.21290019093074,1.4462887660214074,1.0225230069191182,881,0,200,70,1.0,True,18664.18733469409,254.12062347680074,-42.88968898165509,2.665219908056918,1.9581772906806016,47.45762711864407,59,0,1876418733.4694088,AVAXUSDT
10,10,1559.6505138433554,59.233480288938765,-61.93825483613384,1.4743449178246972,1.0205235130135746,842,0,200,80,1.0,True,2639.5903485985605,68.9384355742063,-42.34113092133126,2.0919523741614316,1.4300049073096124,41.935483870967744,93,0,273959034.85985607,BTCUSDT
10,10,1559.6505138433554,59.233480288938765,-61.93825483613384,1.4743449178246972,1.0205235130135746,842,0,200,80,1.0,True,801.0634728471867,41.655235958124706,-51.2200618534185,1.3267121301558245,0.9096764444586309,39.44954128440367,109,0,90106347.28471868,ETHUSDT
10,10,1559.6505138433554,59.233480288938765,-61.93825483613384,1.4743449178246972,1.0205235130135746,842,0,200,80,1.0,True,1928.496301618506,63.03471012809656,-71.91271867157114,1.4919828905891537,1.0474279772356543,39.42307692307692,104,0,202849630.1618506,BNBUSDT
10,10,1559.6505138433554,59.233480288938765,-61.93825483613384,1.4743449178246972,1.0205235130135746,842,0,200,80,1.0,True,380.79376700987507,31.012638263377813,-65.7409212770137,1.2717601527993043,0.737167533172732,35.526315789473685,76,0,48079376.70098751,XRPUSDT
10,10,1559.6505138433554,59.233480288938765,-61.93825483613384,1.4743449178246972,1.0205235130135746,842,0,200,80,1.0,True,1190.8047260682044,54.88899435069647,-63.86150685301042,1.4567069450602408,0.9936190487914951,40.86021505376344,93,0,129080472.60682045,ADAUSDT
10,10,1559.6505138433554,59.233480288938765,-61.93825483613384,1.4743449178246972,1.0205235130135746,842,0,200,80,1.0,True,10827.578391753035,156.02552724745723,-77.5111654550796,1.8605295000384963,1.4004825629171938,46.15384615384615,65,0,1092757839.1753035,DOGEUSDT
10,10,1559.6505138433554,59.233480288938765,-61.93825483613384,1.4743449178246972,1.0205235130135746,842,0,200,80,1.0,True,944.4986578289281,55.43225044978097,-74.5222523246185,1.3057027632157832,0.9689874583534038,36.04651162790697,86,0,104449865.78289281,LINKUSDT
10,10,1559.6505138433554,59.233480288938765,-61.93825483613384,1.4743449178246972,1.0205235130135746,842,0,200,80,1.0,True,160.4868624425369,17.03322236090301,-55.74800219187406,1.2034565624492861,0.5621432986916051,45.55555555555556,90,0,26048686.24425369,LTCUSDT
10,10,1559.6505138433554,59.233480288938765,-61.93825483613384,1.4743449178246972,1.0205235130135746,842,0,200,80,1.0,True,5576.147984166826,160.39184235684897,-60.01500281925725,2.1606630871573644,1.5403622502972245,41.7910447761194,67,0,567614798.4166826,SOLUSDT
10,10,1559.6505138433554,59.233480288938765,-61.93825483613384,1.4743449178246972,1.0205235130135746,842,0,200,80,1.0,True,10504.932298464171,208.5224362939122,-50.42510712271321,2.157819795925265,1.778554806549831,44.06779661016949,59,0,1060493229.8464171,AVAXUSDT
10,10,1439.903639380283,56.79651107916061,-63.43564166758443,1.498769254615481,1.0023480875561708,815,0,200,90,1.0,True,2469.1545934173737,67.22833146104709,-40.28896784761494,2.1179779270353487,1.3946882202858522,43.333333333333336,90,0,256915459.3417374,BTCUSDT
10,10,1439.903639380283,56.79651107916061,-63.43564166758443,1.498769254615481,1.0023480875561708,815,0,200,90,1.0,True,1045.525261693786,47.14504799037231,-55.35533830692674,1.3647325128874808,0.9709120346552249,40.77669902912621,103,0,114552526.1693786,ETHUSDT
10,10,1439.903639380283,56.79651107916061,-63.43564166758443,1.498769254615481,1.0023480875561708,815,0,200,90,1.0,True,1828.1666804957013,61.69721714102576,-72.37326314378352,1.5012898306197566,1.0337841404571164,36.27450980392157,102,0,192816668.04957014,BNBUSDT
10,10,1439.903639380283,56.79651107916061,-63.43564166758443,1.498769254615481,1.0023480875561708,815,0,200,90,1.0,True,204.37323344262595,21.10370958352039,-65.7409212770137,1.187056966369298,0.6230226115962367,36.0,75,0,30437323.344262592,XRPUSDT
10,10,1439.903639380283,56.79651107916061,-63.43564166758443,1.498769254615481,1.0023480875561708,815,0,200,90,1.0,True,1051.6405982648648,51.89580501729545,-64.63508390228667,1.496248678611205,0.9551681222969541,39.56043956043956,91,0,115164059.82648647,ADAUSDT
10,10,1439.903639380283,56.79651107916061,-63.43564166758443,1.498769254615481,1.0023480875561708,815,0,200,90,1.0,True,8927.281301117997,146.41454220038494,-81.1041220433485,1.7808757441035703,1.3617588391777329,43.75,64,0,902728130.1117997,DOGEUSDT
10,10,1439.903639380283,56.79651107916061,-63.43564166758443,1.498769254615481,1.0023480875561708,815,0,200,90,1.0,True,620.3295385077606,44.94541040620166,-74.05870226715447,1.2131334306123123,0.870960975026834,34.523809523809526,84,0,72032953.85077606,LINKUSDT
10,10,1439.903639380283,56.79651107916061,-63.43564166758443,1.498769254615481,1.0023480875561708,815,0,200,90,1.0,True,71.40055145376749,9.256102401964682,-62.23619943288219,1.1366335041498645,0.44780026569765147,40.69767441860465,86,0,17140055.14537675,LTCUSDT
10,10,1439.903639380283,56.79651107916061,-63.43564166758443,1.498769254615481,1.0023480875561708,815,0,200,90,1.0,True,7479.083055299026,178.85589393968306,-61.04564408742385,2.473704301271046,1.6003058600347173,41.935483870967744,62,0,757908305.5299026,SOLUSDT
10,10,1439.903639380283,56.79651107916061,-63.43564166758443,1.498769254615481,1.0023480875561708,815,0,200,90,1.0,True,8712.58258062114,195.02851389895324,-54.216088546828644,1.8854312398953623,1.712484397692902,44.827586206896555,58,0,881258258.062114,AVAXUSDT
10,10,1741.4247524324824,60.97068498503333,-65.30133368926533,1.4868040364359476,1.0494679177755402,781,0,200,100,1.0,True,2074.188448316298,62.86471513285503,-44.143770160447026,1.9745310714161657,1.3180744064941532,42.5287356321839,87,0,217418844.8316298,BTCUSDT
10,10,1741.4247524324824,60.97068498503333,-65.30133368926533,1.4868040364359476,1.0494679177755402,781,0,200,100,1.0,True,1114.2782645816924,48.509864170124814,-59.78259826755239,1.3553703286133274,0.9788887757772142,40.816326530612244,98,0,121427826.45816924,ETHUSDT
10,10,1741.4247524324824,60.97068498503333,-65.30133368926533,1.4868040364359476,1.0494679177755402,781,0,200,100,1.0,True,2338.1835862401076,67.97871686409613,-75.11802809779799,1.4742471457248416,1.0804445800939293,36.0,100,0,243818358.62401074,BNBUSDT
10,10,1741.4247524324824,60.97068498503333,-65.30133368926533,1.4868040364359476,1.0494679177755402,781,0,200,100,1.0,True,145.61344474890032,16.71661403027851,-69.11758615350341,1.1321845406231041,0.5726763537408446,35.13513513513514,74,0,24561344.47489003,XRPUSDT
10,10,1741.4247524324824,60.97068498503333,-65.30133368926533,1.4868040364359476,1.0494679177755402,781,0,200,100,1.0,True,1408.6610565486667,59.07665483721163,-65.64504658207882,1.4993609271470536,1.018491255457151,41.17647058823529,85,0,150866105.65486667,ADAUSDT
10,10,1741.4247524324824,60.97068498503333,-65.30133368926533,1.4868040364359476,1.0494679177755402,781,0,200,100,1.0,True,12133.163504479675,161.87868309946077,-76.26745234817477,2.1424815950161116,1.4168115389166196,48.275862068965516,58,0,1223316350.4479675,DOGEUSDT
10,10,1741.4247524324824,60.97068498503333,-65.30133368926533,1.4868040364359476,1.0494679177755402,781,0,200,100,1.0,True,835.5298844544471,52.24601352517659,-66.30581939373667,1.2551706479988078,0.9350238969580124,36.25,80,0,93552988.4454447,LINKUSDT
10,10,1741.4247524324824,60.97068498503333,-65.30133368926533,1.4868040364359476,1.0494679177755402,781,0,200,100,1.0,True,51.449066629214755,7.057198405671072,-64.95762079645185,1.1070603345761472,0.4158803628643383,37.34939759036144,83,0,15144906.662921475,LTCUSDT
10,10,1741.4247524324824,60.97068498503333,-65.30133368926533,1.4868040364359476,1.0494679177755402,781,0,200,100,1.0,True,5883.498492080304,163.6658817937493,-62.6096692073007,2.269797698939409,1.533355036262367,41.935483870967744,62,0,598349849.2080303,SOLUSDT
10,10,1741.4247524324824,60.97068498503333,-65.30133368926533,1.4868040364359476,1.0494679177755402,781,0,200,100,1.0,True,12990.814471829313,224.6233541203873,-57.241696228942814,2.132101738283104,1.8002297409359047,46.2962962962963,54,0,1309081447.1829312,AVAXUSDT
10,10,1634.8846978258398,58.04890918806106,-66.68461716485575,1.4477995585470629,1.0536401815686987,751,0,200,110,1.0,True,1573.6569094578745,56.25285711278136,-53.111840523415225,1.7320391887548516,1.2109797448689477,37.64705882352941,85,0,167365690.94578743,BTCUSDT
10,10,1634.8846978258398,58.04890918806106,-66.68461716485575,1.4477995585470629,1.0536401815686987,751,0,200,110,1.0,True,1039.97309438292,47.031848513438,-63.30124416622975,1.3546938099617905,0.9520398353941985,40.21739130434783,92,0,113997309.438292,ETHUSDT
10,10,1634.8846978258398,58.04890918806106,-66.68461716485575,1.4477995585470629,1.0536401815686987,751,0,200,110,1.0,True,1696.1124861938054,59.84496126334076,-80.69012983914907,1.4374031743540268,1.0018841114135977,35.714285714285715,98,0,179611248.61938053,BNBUSDT
10,10,1634.8846978258398,58.04890918806106,-66.68461716485575,1.4477995585470629,1.0536401815686987,751,0,200,110,1.0,True,135.58111864667177,15.882283086864835,-70.14355669144174,1.1292349654250207,0.5642542439711693,32.87671232876712,73,0,23558111.864667177,XRPUSDT
10,10,1634.8846978258398,58.04890918806106,-66.68461716485575,1.4477995585470629,1.0536401815686987,751,0,200,110,1.0,True,2115.226910559555,69.88041378605428,-68.65589713749442,1.458195942740099,1.1053962517237996,37.03703703703704,81,0,221522691.0559555,ADAUSDT
10,10,1634.8846978258398,58.04890918806106,-66.68461716485575,1.4477995585470629,1.0536401815686987,751,0,200,110,1.0,True,13467.818821668987,167.3666047866315,-72.76981700319195,2.230791046932881,1.4344876076515871,50.0,56,0,1356781882.1668987,DOGEUSDT
10,10,1634.8846978258398,58.04890918806106,-66.68461716485575,1.4477995585470629,1.0536401815686987,751,0,200,110,1.0,True,883.8459339564222,53.694063057890595,-67.60356080819886,1.2185281311752696,0.9452363543627988,38.961038961038966,77,0,98384593.39564222,LINKUSDT
10,10,1634.8846978258398,58.04890918806106,-66.68461716485575,1.4477995585470629,1.0536401815686987,751,0,200,110,1.0,True,102.00222668479131,12.24493424588664,-59.58902343787695,1.1681309674891047,0.4960008676647749,42.857142857142854,77,0,20200222.66847913,LTCUSDT
10,10,1634.8846978258398,58.04890918806106,-66.68461716485575,1.4477995585470629,1.0536401815686987,751,0,200,110,1.0,True,6033.311185579491,165.2154142579659,-65.76567352151265,2.6677562462426883,1.531929833536379,43.333333333333336,60,0,613331118.5579492,SOLUSDT
10,10,1634.8846978258398,58.04890918806106,-66.68461716485575,1.4477995585470629,1.0536401815686987,751,0,200,110,1.0,True,11881.758403833195,217.7551677749098,-62.01147900406049,2.0664269491051934,1.769125202701325,46.15384615384615,52,0,1198175840.3833194,AVAXUSDT
10,10,1610.6847028143884,58.00356112601861,-69.24784947538618,1.368602799267301,1.0587368130270685,716,0,200,120,1.0,True,1586.404679484874,56.440772109323966,-50.380129178062475,1.7851102225853788,1.2047954672032373,36.144578313253014,83,0,168640467.9484874,BTCUSDT
10,10,1610.6847028143884,58.00356112601861,-69.24784947538618,1.368602799267301,1.0587368130270685,716,0,200,120,1.0,True,1798.4177401603333,59.40297659725604,-60.048699450810936,1.379155310468988,1.0765835632829936,38.372093023255815,86,0,189841774.01603332,ETHUSDT
10,10,1610.6847028143884,58.00356112601861,-69.24784947538618,1.368602799267301,1.0587368130270685,716,0,200,120,1.0,True,1214.6933212218387,51.94723341121505,-85.97834296635571,1.3547370702191681,0.93077132124005,34.04255319148936,94,0,131469332.12218386,BNBUSDT
10,10,1610.6847028143884,58.00356112601861,-69.24784947538618,1.368602799267301,1.0587368130270685,716,0,200,120,1.0,True,102.41082090328399,12.89624795965414,-66.26549677484297,1.1129317792599356,0.5296957253323745,33.33333333333333,72,0,20241082.0903284,XRPUSDT
10,10,1610.6847028143884,58.00356112601861,-69.24784947538618,1.368602799267301,1.0587368130270685,716,0,200,120,1.0,True,1634.9647261439031,62.925640959825536,-71.33900609117731,1.3580502880656142,1.0408900627711433,34.21052631578947,76,0,173496472.6143903,ADAUSDT
10,10,1610.6847028143884,58.00356112601861,-69.24784947538618,1.368602799267301,1.0587368130270685,716,0,200,120,1.0,True,19923.66631906328,189.04259088337062,-76.04810809962086,2.499651376530331,1.5051800377992253,49.056603773584904,53,0,2002366631.9063277,DOGEUSDT
10,10,1610.6847028143884,58.00356112601861,-69.24784947538618,1.368602799267301,1.0587368130270685,716,0,200,120,1.0,True,987.0782667234259,56.60414565478118,-70.05887624166552,1.2001808423976648,0.9641888295703299,35.61643835616438,73,0,108707826.6723426,LINKUSDT
10,10,1610.6847028143884,58.00356112601861,-69.24784947538618,1.368602799267301,1.0587368130270685,716,0,200,120,1.0,True,203.33443208121466,19.99815853026785,-59.03559575095434,1.2646735729744478,0.6053059619026551,43.05555555555556,72,0,30333443.208121467,LTCUSDT
10,10,1610.6847028143884,58.00356112601861,-69.24784947538618,1.368602799267301,1.0587368130270685,716,0,200,120,1.0,True,3327.8161338348596,131.06076452940232,-68.43682270910683,2.280702986426663,1.368290716753426,38.983050847457626,59,0,342781613.383486,SOLUSDT
10,10,1610.6847028143884,58.00356112601861,-69.24784947538618,1.368602799267301,1.0587368130270685,716,0,200,120,1.0,True,7536.130935111551,184.99129685625206,-70.86295734177254,2.192123672360124,1.612638576990231,47.91666666666667,48,0,763613093.5111551,AVAXUSDT
10,10,1078.213183726534,48.5387349326038,-57.687170984624984,1.4913800871034977,1.0560226571209663,1063,0,210,40,1.0,True,1053.4366742111984,47.30555343173635,-34.6862450208811,1.9905870598549031,1.2428310492760308,45.08196721311475,122,0,115343667.42111984,BTCUSDT
10,10,1078.213183726534,48.5387349326038,-57.687170984624984,1.4913800871034977,1.0560226571209663,1063,0,210,40,1.0,True,1535.501853197941,55.683123131450806,-42.769863140576305,1.486579718753317,1.1507826227909077,40.625,128,0,163550185.31979412,ETHUSDT
10,10,1078.213183726534,48.5387349326038,-57.687170984624984,1.4913800871034977,1.0560226571209663,1063,0,210,40,1.0,True,1102.9896932418696,49.771916433471254,-78.99248102247924,1.5279697162741075,0.9612626914510248,43.28358208955223,134,0,120298969.32418695,BNBUSDT
10,10,1078.213183726534,48.5387349326038,-57.687170984624984,1.4913800871034977,1.0560226571209663,1063,0,210,40,1.0,True,489.0727427268053,35.671127523683424,-68.8559142782157,1.4840125416928647,0.8040266504728444,41.11111111111111,90,0,58907274.27268053,XRPUSDT
10,10,1078.213183726534,48.5387349326038,-57.687170984624984,1.4913800871034977,1.0560226571209663,1063,0,210,40,1.0,True,579.722814663293,38.79577758544692,-56.860913115005985,1.332492180228103,0.8513859944848654,42.10526315789473,114,0,67972281.4663293,ADAUSDT
10,10,1078.213183726534,48.5387349326038,-57.687170984624984,1.4913800871034977,1.0560226571209663,1063,0,210,40,1.0,True,6833.693920304575,133.73048154997372,-72.34159241259582,1.7943313740399296,1.3435020210084403,42.857142857142854,77,0,693369392.0304574,DOGEUSDT
10,10,1078.213183726534,48.5387349326038,-57.687170984624984,1.4913800871034977,1.0560226571209663,1063,0,210,40,1.0,True,657.0743618559743,46.307421417475545,-59.21093686238981,1.3059996589426839,0.9066983880668761,49.056603773584904,106,0,75707436.18559743,LINKUSDT
10,10,1078.213183726534,48.5387349326038,-57.687170984624984,1.4913800871034977,1.0560226571209663,1063,0,210,40,1.0,True,117.81519432864953,13.64341341528248,-48.43235303245132,1.2027078959360178,0.5066364794125681,38.05309734513274,113,0,21781519.432864953,LTCUSDT
10,10,1078.213183726534,48.5387349326038,-57.687170984624984,1.4913800871034977,1.0560226571209663,1063,0,210,40,1.0,True,1773.5641340687018,100.24513376044646,-56.33293343950263,1.7208678207898307,1.284129149391891,46.236559139784944,93,0,187356413.4068702,SOLUSDT
10,10,1078.213183726534,48.5387349326038,-57.687170984624984,1.4913800871034977,1.0560226571209663,1063,0,210,40,1.0,True,1842.2264153034093,104.74105371074187,-58.51342885424399,1.4961804554536786,1.3389243823218964,40.69767441860465,86,0,194222641.5303409,AVAXUSDT
10,10,1215.9781886461394,53.78217378669632,-57.677480062811625,1.5728805554916976,1.0549774610883018,983,0,210,50,1.0,True,946.1641320854438,45.04539636845677,-31.0834599716845,1.7487308074729866,1.1668169086514386,40.0,115,0,104616413.20854439,BTCUSDT
10,10,1215.9781886461394,53.78217378669632,-57.677480062811625,1.5728805554916976,1.0549774610883018,983,0,210,50,1.0,True,1144.583157041106,49.090879430359415,-50.32390747041078,1.4726161964912996,1.0415587818189784,41.66666666666667,120,0,124458315.70411061,ETHUSDT
10,10,1215.9781886461394,53.78217378669632,-57.677480062811625,1.5728805554916976,1.0549774610883018,983,0,210,50,1.0,True,1787.6165882996095,61.1400525735037,-81.26814586854488,1.6978223400712682,1.068396140357625,45.76271186440678,118,0,188761658.82996094,BNBUSDT
10,10,1215.9781886461394,53.78217378669632,-57.677480062811625,1.5728805554916976,1.0549774610883018,983,0,210,50,1.0,True,428.8800596601856,33.17867779507642,-68.8559142782157,1.352086003064474,0.7698398358449872,40.476190476190474,84,0,52888005.96601856,XRPUSDT
10,10,1215.9781886461394,53.78217378669632,-57.677480062811625,1.5728805554916976,1.0549774610883018,983,0,210,50,1.0,True,1287.3732202511728,56.81234540283413,-57.910789457096776,1.515004725465986,1.0366840936851645,45.19230769230769,104,0,138737322.02511728,ADAUSDT
10,10,1215.9781886461394,53.78217378669632,-57.677480062811625,1.5728805554916976,1.0549774610883018,983,0,210,50,1.0,True,9917.602295985223,151.60572851954166,-77.18267366030148,1.6307563855174094,1.395848258918506,41.891891891891895,74,0,1001760229.5985223,DOGEUSDT
10,10,1215.9781886461394,53.78217378669632,-57.677480062811625,1.5728805554916976,1.0549774610883018,983,0,210,50,1.0,True,787.7179166529388,50.752002170558505,-68.46846455253903,1.326865302835524,0.9436835281558741,43.87755102040816,98,0,88771791.66529387,LINKUSDT
10,10,1215.9781886461394,53.78217378669632,-57.677480062811625,1.5728805554916976,1.0549774610883018,983,0,210,50,1.0,True,81.0538717975096,10.244026354179002,-49.884167030506546,1.163281695430015,0.44824444769623834,38.67924528301887,106,0,18105387.17975096,LTCUSDT
10,10,1215.9781886461394,53.78217378669632,-57.677480062811625,1.5728805554916976,1.0549774610883018,983,0,210,50,1.0,True,1475.1313982499087,92.1795539143642,-57.444170668526475,1.6528251026716305,1.2211920517161428,44.31818181818182,88,0,157513139.82499087,SOLUSDT
10,10,1215.9781886461394,53.78217378669632,-57.677480062811625,1.5728805554916976,1.0549774610883018,983,0,210,50,1.0,True,5658.728392755767,166.21277546268144,-48.33568345657623,1.8848266354422658,1.6532059401133428,40.78947368421053,76,0,575872839.2755767,AVAXUSDT
10,10,1151.0244361266425,51.57653155042814,-63.599161457787346,1.4974248346903343,1.0148908352510604,918,0,210,60,1.0,True,1721.9005010365393,58.367581836316404,-34.424183383649684,2.014048763176185,1.3538844065233908,40.0,105,0,182190050.10365394,BTCUSDT
10,10,1151.0244361266425,51.57653155042814,-63.599161457787346,1.4974248346903343,1.0148908352510604,918,0,210,60,1.0,True,1195.0725331090857,50.03295417914142,-54.09610392693598,1.4497515481081111,1.0389227020247767,37.719298245614034,114,0,129507253.31090859,ETHUSDT
10,10,1151.0244361266425,51.57653155042814,-63.599161457787346,1.4974248346903343,1.0148908352510604,918,0,210,60,1.0,True,936.9229870460284,46.20200647620876,-86.44946444602579,1.5450981212725574,0.9091126173053709,43.859649122807014,114,0,103692298.70460284,BNBUSDT
10,10,1151.0244361266425,51.57653155042814,-63.599161457787346,1.4974248346903343,1.0148908352510604,918,0,210,60,1.0,True,507.31361920874616,36.38472561365036,-69.23630496490713,1.4074787368576105,0.8038023546989215,40.0,80,0,60731361.92087462,XRPUSDT
10,10,1151.0244361266425,51.57653155042814,-63.599161457787346,1.4974248346903343,1.0148908352510604,918,0,210,60,1.0,True,1106.9763391441993,53.12010892171486,-62.280871844365116,1.4494525220342507,0.990858968477344,42.42424242424242,99,0,120697633.91441993,ADAUSDT
10,10,1151.0244361266425,51.57653155042814,-63.599161457787346,1.4974248346903343,1.0148908352510604,918,0,210,60,1.0,True,8182.565688725983,142.20176624324301,-77.7333878522271,1.6947016332175,1.3518593427484231,43.66197183098591,71,0,828256568.8725983,DOGEUSDT
10,10,1151.0244361266425,51.57653155042814,-63.599161457787346,1.4974248346903343,1.0148908352510604,918,0,210,60,1.0,True,633.6872322953658,45.446927962739814,-71.33059516995087,1.2720695161079127,0.8868873565065567,39.784946236559136,93,0,73368723.22953658,LINKUSDT
10,10,1151.0244361266425,51.57653155042814,-63.599161457787346,1.4974248346903343,1.0148908352510604,918,0,210,60,1.0,True,211.52729832379512,20.52472001547645,-49.90426608725155,1.2894664511208638,0.6169101283615406,43.15789473684211,95,0,31152729.832379512,LTCUSDT
10,10,1151.0244361266425,51.57653155042814,-63.599161457787346,1.4974248346903343,1.0148908352510604,918,0,210,60,1.0,True,1707.6076228723814,98.55185449539383,-64.91745107120958,1.6565777530463428,1.2464217418009875,41.25,80,0,180760762.28723812,SOLUSDT
10,10,1151.0244361266425,51.57653155042814,-63.599161457787346,1.4974248346903343,1.0148908352510604,918,0,210,60,1.0,True,9392.035891965688,200.36952878593019,-46.971222270387095,2.0844539301692033,1.7757528006347933,46.26865671641791,67,0,949203589.1965687,AVAXUSDT
10,10,1438.9651839133282,57.69852960590024,-58.75964381748498,1.4699464174857026,1.0176932851859557,860,0,210,70,1.0,True,2457.4719909671007,67.10764872266645,-29.951595718457114,2.185362089164175,1.4364044831490712,40.0,95,0,255747199.09671006,BTCUSDT
10,10,1438.9651839133282,57.69852960590024,-58.75964381748498,1.4699464174857026,1.0176932851859557,860,0,210,70,1.0,True,1028.7082506348816,46.80074395470646,-50.70804836417487,1.4018046974186038,0.9886464079447363,38.53211009174312,109,0,112870825.06348816,ETHUSDT
10,10,1438.9651839133282,57.69852960590024,-58.75964381748498,1.4699464174857026,1.0176932851859557,860,0,210,70,1.0,True,1496.75444494921,56.81992946335082,-73.04175403528446,1.4855054166632238,0.9977988953754106,40.36697247706422,109,0,159675444.494921,BNBUSDT
10,10,1438.9651839133282,57.69852960590024,-58.75964381748498,1.4699464174857026,1.0176932851859557,860,0,210,70,1.0,True,705.7592745406746,43.182169594576706,-61.79025997992989,1.4273926225696616,0.871799511334168,41.55844155844156,77,0,80575927.45406745,XRPUSDT
10,10,1438.9651839133282,57.69852960590024,-58.75964381748498,1.4699464174857026,1.0176932851859557,860,0,210,70,1.0,True,1381.1759228774465,58.577129748449664,-63.27298123962344,1.4543874183081817,1.0375876749965007,39.784946236559136,93,0,148117592.28774464,ADAUSDT
10,10,1438.9651839133282,57.69852960590024,-58.75964381748498,1.4699464174857026,1.0176932851859557,860,0,210,70,1.0,True,7498.395637243773,138.05542516287548,-81.28286266077713,1.566132291418776,1.3315662204687715,46.3768115942029,69,0,759839563.7243773,DOGEUSDT
10,10,1438.9651839133282,57.69852960590024,-58.75964381748498,1.4699464174857026,1.0176932851859557,860,0,210,70,1.0,True,871.011981227163,53.315158516188774,-70.18133001278078,1.2712891294643505,0.954637396808746,37.5,88,0,97101198.1227163,LINKUSDT
10,10,1438.9651839133282,57.69852960590024,-58.75964381748498,1.4699464174857026,1.0176932851859557,860,0,210,70,1.0,True,144.72385362949805,15.83914903802155,-55.72902765504006,1.1940118160644941,0.5435667513001976,42.857142857142854,91,0,24472385.362949803,LTCUSDT
10,10,1438.9651839133282,57.69852960590024,-58.75964381748498,1.4699464174857026,1.0176932851859557,860,0,210,70,1.0,True,4390.818690844362,146.33301819542373,-55.26840835127591,1.931447708473422,1.4948120107553602,44.285714285714285,70,0,449081869.08443624,SOLUSDT
10,10,1438.9651839133282,57.69852960590024,-58.75964381748498,1.4699464174857026,1.0176932851859557,860,0,210,70,1.0,True,16979.130138281664,246.16249083025173,-44.5202428766003,2.512774096100974,1.9308109402085107,47.45762711864407,59,0,1707913013.8281665,AVAXUSDT
10,10,1505.9045377293887,58.549673589965636,-54.92589359504862,1.512897216276728,1.0200261802569088,822,0,210,80,1.0,True,2721.3996798449766,69.7276706921993,-37.7773894418935,2.149805675078379,1.4471539066027332,42.69662921348314,89,0,282139967.98449767,BTCUSDT
10,10,1505.9045377293887,58.549673589965636,-54.92589359504862,1.512897216276728,1.0200261802569088,822,0,210,80,1.0,True,823.2984105969277,42.2032619887742,-51.2200618534185,1.3614862971865647,0.9186448721774638,38.31775700934579,107,0,92329841.05969277,ETHUSDT
10,10,1505.9045377293887,58.549673589965636,-54.92589359504862,1.512897216276728,1.0200261802569088,822,0,210,80,1.0,True,1717.3692556264668,60.15066170924514,-74.93870130632733,1.4727096331851106,1.0225742759782224,39.80582524271845,103,0,181736925.5626467,BNBUSDT
10,10,1505.9045377293887,58.549673589965636,-54.92589359504862,1.512897216276728,1.0200261802569088,822,0,210,80,1.0,True,534.648867076458,37.421572757824094,-66.2784617308645,1.346639982475603,0.8073763768686945,38.028169014084504,71,0,63464886.707645796,XRPUSDT
10,10,1505.9045377293887,58.549673589965636,-54.92589359504862,1.512897216276728,1.0200261802569088,822,0,210,80,1.0,True,1294.4398198323106,56.94868547068612,-54.10660508523293,1.5530847993683454,1.0174780845355953,41.11111111111111,90,0,139443981.98323107,ADAUSDT
10,10,1505.9045377293887,58.549673589965636,-54.92589359504862,1.512897216276728,1.0200261802569088,822,0,210,80,1.0,True,7999.083651579208,141.11750672278413,-81.08507921276514,1.6732321602684639,1.343183494987368,46.15384615384615,65,0,809908365.1579208,DOGEUSDT
10,10,1505.9045377293887,58.549673589965636,-54.92589359504862,1.512897216276728,1.0200261802569088,822,0,210,80,1.0,True,902.8494508547396,54.247810019781916,-70.65760867043885,1.2983801721228225,0.9601766433052248,35.294117647058826,85,0,100284945.08547397,LINKUSDT
10,10,1505.9045377293887,58.549673589965636,-54.92589359504862,1.512897216276728,1.0200261802569088,822,0,210,80,1.0,True,125.77532946180855,14.315537532895739,-54.58337883882132,1.1873195557760983,0.5212877754204313,45.45454545454545,88,0,22577532.946180858,LTCUSDT
10,10,1505.9045377293887,58.549673589965636,-54.92589359504862,1.512897216276728,1.0200261802569088,822,0,210,80,1.0,True,5712.326513759551,161.8587598275394,-55.26840835127593,2.1537555475185215,1.554121928274303,43.07692307692308,65,0,581232651.3759551,SOLUSDT
10,10,1505.9045377293887,58.549673589965636,-54.92589359504862,1.512897216276728,1.0200261802569088,822,0,210,80,1.0,True,9552.585957865187,201.5889938591204,-51.840523811445195,2.047571960556177,1.7513645787268155,42.3728813559322,59,0,965258595.7865188,AVAXUSDT
10,10,1404.8326534083862,56.77418488105312,-61.24133882048494,1.543840685732627,0.9971770942270229,797,0,210,90,1.0,True,2210.2630887949813,64.43834036666445,-43.73619489725886,2.0449807719491995,1.364064390323668,43.67816091954023,87,0,231026308.8794981,BTCUSDT
10,10,1404.8326534083862,56.77418488105312,-61.24133882048494,1.543840685732627,0.9971770942270229,797,0,210,90,1.0,True,929.154976059532,44.669272201371136,-55.35533830692674,1.3630688853490287,0.9430120305512112,40.19607843137255,102,0,102915497.6059532,ETHUSDT
10,10,1404.8326534083862,56.77418488105312,-61.24133882048494,1.543840685732627,0.9971770942270229,797,0,210,90,1.0,True,1627.4819094254692,58.83682735256066,-75.34963029952841,1.481704497977789,1.0090404136772493,36.633663366336634,101,0,172748190.94254693,BNBUSDT
10,10,1404.8326534083862,56.77418488105312,-61.24133882048494,1.543840685732627,0.9971770942270229,797,0,210,90,1.0,True,323.3318398400688,28.175221113276105,-66.2784617308645,1.2562163093203196,0.7052206982531717,38.57142857142858,70,0,42333183.98400688,XRPUSDT
10,10,1404.8326534083862,56.77418488105312,-61.24133882048494,1.543840685732627,0.9971770942270229,797,0,210,90,1.0,True,1182.1833973913033,54.711542409545565,-56.20421591010537,1.6265334754676881,0.9853137747767966,39.77272727272727,88,0,128218339.73913032,ADAUSDT
10,10,1404.8326534083862,56.77418488105312,-61.24133882048494,1.543840685732627,0.9971770942270229,797,0,210,90,1.0,True,6590.658171196428,132.06614697494166,-84.10704502977231,1.605976873487465,1.3046565932422785,43.75,64,0,669065817.1196429,DOGEUSDT
10,10,1404.8326534083862,56.77418488105312,-61.24133882048494,1.543840685732627,0.9971770942270229,797,0,210,90,1.0,True,591.6053640086471,43.84083764130988,-71.69595858163653,1.2067584682227743,0.8614921314999006,34.93975903614458,83,0,69160536.40086472,LINKUSDT
10,10,1404.8326534083862,56.77418488105312,-61.24133882048494,1.543840685732627,0.9971770942270229,797,0,210,90,1.0,True,48.56068940818466,6.719055455650325,-66.42689419607865,1.1079360465047703,0.4074475618748905,40.476190476190474,84,0,14856068.940818466,LTCUSDT
10,10,1404.8326534083862,56.77418488105312,-61.24133882048494,1.543840685732627,0.9971770942270229,797,0,210,90,1.0,True,7660.915591908492,180.4268286468638,-54.007393060389894,2.4578013869447415,1.6138793818592052,43.333333333333336,60,0,776091559.1908493,SOLUSDT
10,10,1404.8326534083862,56.77418488105312,-61.24133882048494,1.543840685732627,0.9971770942270229,797,0,210,90,1.0,True,7921.192406713708,188.39831424177697,-55.52453811981778,1.8055904521345527,1.685600183230318,43.103448275862064,58,0,802119240.6713707,AVAXUSDT
10,10,1736.1840057254003,61.32849524377451,-61.509746865075414,1.5435178792692752,1.0524608142153684,764,0,210,100,1.0,True,1892.6839316538474,60.63130964433743,-44.95580141403336,1.9072014392682548,1.2942444059840421,41.66666666666667,84,0,199268393.16538474,BTCUSDT
10,10,1736.1840057254003,61.32849524377451,-61.509746865075414,1.5435178792692752,1.0524608142153684,764,0,210,100,1.0,True,990.9235789941381,46.011124789073385,-59.78259826755239,1.354475443545579,0.951488272645712,40.20618556701031,97,0,109092357.89941381,ETHUSDT
10,10,1736.1840057254003,61.32849524377451,-61.509746865075414,1.5435178792692752,1.0524608142153684,764,0,210,100,1.0,True,2084.4150363772374,65.0071975474858,-77.79869714716683,1.4558818839450274,1.0561964438041112,36.36363636363637,99,0,218441503.63772374,BNBUSDT
10,10,1736.1840057254003,61.32849524377451,-61.509746865075414,1.5435178792692752,1.0524608142153684,764,0,210,100,1.0,True,189.07564221129672,20.03419357356315,-69.54640142415735,1.1630797877645895,0.6120499325627226,37.142857142857146,70,0,28907564.221129674,XRPUSDT
10,10,1736.1840057254003,61.32849524377451,-61.509746865075414,1.5435178792692752,1.0524608142153684,764,0,210,100,1.0,True,1579.6840797969533,62.0256808432116,-54.875331151739005,1.6311538745935228,1.0487251846266255,42.68292682926829,82,0,167968407.97969532,ADAUSDT
10,10,1736.1840057254003,61.32849524377451,-61.509746865075414,1.5435178792692752,1.0524608142153684,764,0,210,100,1.0,True,9119.85083470881,147.45846768721643,-80.03902229879536,1.8968019956371378,1.363555371253405,48.275862068965516,58,0,921985083.470881,DOGEUSDT
10,10,1736.1840057254003,61.32849524377451,-61.509746865075414,1.5435178792692752,1.0524608142153684,764,0,210,100,1.0,True,798.2252763149174,51.08583697091629,-63.23689546259843,1.2473317811388487,0.9260353629081743,36.708860759493675,79,0,89822527.63149175,LINKUSDT
10,10,1736.1840057254003,61.32849524377451,-61.509746865075414,1.5435178792692752,1.0524608142153684,764,0,210,100,1.0,True,33.078455648910435,4.806827718882256,-68.84631612936076,1.079251853984749,0.3795017604294357,37.03703703703704,81,0,13307845.564891044,LTCUSDT
10,10,1736.1840057254003,61.32849524377451,-61.509746865075414,1.5435178792692752,1.0524608142153684,764,0,210,100,1.0,True,6027.050779431632,165.15124356594407,-55.41958269901374,2.2619296098774377,1.5461013384569262,43.333333333333336,60,0,612705077.9431632,SOLUSDT
10,10,1736.1840057254003,61.32849524377451,-61.509746865075414,1.5435178792692752,1.0524608142153684,764,0,210,100,1.0,True,11815.224216294597,217.32803490983815,-58.46249575429185,2.0235326480864586,1.7741043503628058,46.2962962962963,54,0,1191522421.6294596,AVAXUSDT
10,10,1403.1892000063604,54.77007412725475,-63.19867504414843,1.4984091124681282,1.0569747730227563,736,0,210,110,1.0,True,1297.2079594124593,51.84783541882278,-54.57997060650529,1.6553690564958734,1.1546154465381517,38.55421686746988,83,0,139720795.94124594,BTCUSDT
10,10,1403.1892000063604,54.77007412725475,-63.19867504414843,1.4984091124681282,1.0569747730227563,736,0,210,110,1.0,True,924.1665359688451,44.557970647393354,-63.30124416622975,1.3510228457113622,0.9250378294941966,40.65934065934066,91,0,102416653.5968845,ETHUSDT
10,10,1403.1892000063604,54.77007412725475,-63.19867504414843,1.4984091124681282,1.0569747730227563,736,0,210,110,1.0,True,1509.1704406002616,57.017312834291076,-82.77049331157231,1.419134260267145,0.9782869635308957,35.051546391752574,97,0,160917044.06002617,BNBUSDT
10,10,1403.1892000063604,54.77007412725475,-63.19867504414843,1.4984091124681282,1.0569747730227563,736,0,210,110,1.0,True,185.30181282907182,19.76315941886686,-70.55812593080762,1.1637722494703995,0.6100012289599248,34.78260869565217,69,0,28530181.28290718,XRPUSDT
10,10,1403.1892000063604,54.77007412725475,-63.19867504414843,1.4984091124681282,1.0569747730227563,736,0,210,110,1.0,True,2366.344932383365,73.02970169454954,-58.83003406202902,1.5776839646691112,1.1356625825146172,38.46153846153847,78,0,246634493.23833653,ADAUSDT
10,10,1403.1892000063604,54.77007412725475,-63.19867504414843,1.4984091124681282,1.0569747730227563,736,0,210,110,1.0,True,10125.760187602003,152.6442526264523,-77.09720628251213,1.9753691541661436,1.3815203281429616,50.0,56,0,1022576018.7602003,DOGEUSDT
10,10,1403.1892000063604,54.77007412725475,-63.19867504414843,1.4984091124681282,1.0569747730227563,736,0,210,110,1.0,True,844.6141661777827,52.52283542021843,-64.33618508766419,1.2120018598639446,0.9363490989796408,39.473684210526315,76,0,94461416.61777829,LINKUSDT
10,10,1403.1892000063604,54.77007412725475,-63.19867504414843,1.4984091124681282,1.0569747730227563,736,0,210,110,1.0,True,65.80161100857853,8.661596562940787,-59.87350491284724,1.130649271717621,0.4420702882984545,42.10526315789473,76,0,16580161.100857852,LTCUSDT
10,10,1403.1892000063604,54.77007412725475,-63.19867504414843,1.4984091124681282,1.0569747730227563,736,0,210,110,1.0,True,6184.8012217003625,166.75320090245714,-59.07638745913584,2.6518540357523204,1.5462653078179742,44.827586206896555,58,0,628480122.1700363,SOLUSDT
10,10,1403.1892000063604,54.77007412725475,-63.19867504414843,1.4984091124681282,1.0569747730227563,736,0,210,110,1.0,True,10805.769217854722,210.61423199002357,-63.09610592206711,1.9799235266400186,1.743153087331015,46.15384615384615,52,0,1090576921.7854722,AVAXUSDT
10,10,1464.0850148236063,56.17285904742275,-64.55413971889499,1.4257620169118148,1.069854571131715,703,0,210,120,1.0,True,1307.8487070271015,52.03042902470256,-52.614321738990746,1.7038162568589212,1.1489109051338653,37.03703703703704,81,0,140784870.70271015,BTCUSDT
10,10,1464.0850148236063,56.17285904742275,-64.55413971889499,1.4257620169118148,1.069854571131715,703,0,210,120,1.0,True,1620.321322620111,56.934978579458814,-60.09453351811692,1.3826487542651003,1.0531555203019292,38.82352941176471,85,0,172032132.2620111,ETHUSDT
10,10,1464.0850148236063,56.17285904742275,-64.55413971889499,1.4257620169118148,1.069854571131715,703,0,210,120,1.0,True,1014.4859963730729,47.9247685118519,-87.48897679623926,1.3326811568403847,0.89568936030023,32.97872340425532,94,0,111448599.6373073,BNBUSDT
10,10,1464.0850148236063,56.17285904742275,-64.55413971889499,1.4257620169118148,1.069854571131715,703,0,210,120,1.0,True,145.13052613652758,16.67710494560113,-66.73393001707908,1.1493661682331933,0.5748940337701587,35.294117647058826,68,0,24513052.61365276,XRPUSDT
10,10,1464.0850148236063,56.17285904742275,-64.55413971889499,1.4257620169118148,1.069854571131715,703,0,210,120,1.0,True,1971.532702818749,67.94266055463143,-60.79931903180944,1.4688752795585294,1.0865536219615006,35.61643835616438,73,0,207153270.2818749,ADAUSDT
10,10,1464.0850148236063,56.17285904742275,-64.55413971889499,1.4257620169118148,1.069854571131715,703,0,210,120,1.0,True,14991.458151099456,173.1269224446795,-79.85452155353705,2.1752337025955253,1.4527270264992875,47.16981132075472,53,0,1509145815.1099455,DOGEUSDT
10,10,1464.0850148236063,56.17285904742275,-64.55413971889499,1.4257620169118148,1.069854571131715,703,0,210,120,1.0,True,943.7299362289547,55.41073951538669,-67.03913384854891,1.1965387539613401,0.9555017980457239,36.11111111111111,72,0,104372993.62289548,LINKUSDT
10,10,1464.0850148236063,56.17285904742275,-64.55413971889499,1.4257620169118148,1.069854571131715,703,0,210,120,1.0,True,125.24412014920654,14.271306088648705,-62.374349420710914,1.1963207389187889,0.5262478904975818,41.66666666666667,72,0,22524412.014920656,LTCUSDT
10,10,1464.0850148236063,56.17285904742275,-64.55413971889499,1.4257620169118148,1.069854571131715,703,0,210,120,1.0,True,3412.4852851945784,132.40057070821817,-62.26947129154716,2.2788351958463604,1.379941990968396,40.35087719298245,57,0,351248528.5194578,SOLUSDT
10,10,1464.0850148236063,56.17285904742275,-64.55413971889499,1.4257620169118148,1.069854571131715,703,0,210,120,1.0,True,6850.383466649906,178.58661252390408,-70.86295734177254,2.097331101507764,1.5876186498617875,47.91666666666667,48,0,695038346.6649905,AVAXUSDT
10,10,896.6069471287574,44.51395422016978,-56.66664853390161,1.4503752275409842,1.0063790157242098,1046,0,220,40,1.0,True,971.6399379101347,45.59922864837371,-38.909468753008056,2.0518970670657013,1.2160757936799256,43.333333333333336,120,0,107163993.79101346,BTCUSDT
10,10,896.6069471287574,44.51395422016978,-56.66664853390161,1.4503752275409842,1.0063790157242098,1046,0,220,40,1.0,True,1374.4054428799825,53.146882557228594,-42.76986314057627,1.4564647515726303,1.1204414278003558,40.476190476190474,126,0,147440544.28799826,ETHUSDT
10,10,896.6069471287574,44.51395422016978,-56.66664853390161,1.4503752275409842,1.0063790157242098,1046,0,220,40,1.0,True,821.5739563473802,43.42867979196585,-79.28695224559095,1.4442857035093382,0.892316603648064,41.04477611940299,134,0,92157395.63473801,BNBUSDT
10,10,896.6069471287574,44.51395422016978,-56.66664853390161,1.4503752275409842,1.0063790157242098,1046,0,220,40,1.0,True,445.9003263524363,33.9063236489564,-70.51027594564123,1.4299348768946376,0.7843605364708566,40.44943820224719,89,0,54590032.63524363,XRPUSDT
10,10,896.6069471287574,44.51395422016978,-56.66664853390161,1.4503752275409842,1.0063790157242098,1046,0,220,40,1.0,True,606.0491335786035,39.70090595414184,-57.51658588118305,1.3833034220723095,0.8639888043345104,39.285714285714285,112,0,70604913.35786034,ADAUSDT
10,10,896.6069471287574,44.51395422016978,-56.66664853390161,1.4503752275409842,1.0063790157242098,1046,0,220,40,1.0,True,6062.87585001247,128.27827409778473,-73.11356320108928,1.8106822597182166,1.319738312471818,42.66666666666667,75,0,616287585.001247,DOGEUSDT
10,10,896.6069471287574,44.51395422016978,-56.66664853390161,1.4503752275409842,1.0063790157242098,1046,0,220,40,1.0,True,554.072994619823,42.339974717257746,-57.00036362830061,1.2961197177768895,0.8655174488217343,48.57142857142857,105,0,65407299.46198231,LINKUSDT
10,10,896.6069471287574,44.51395422016978,-56.66664853390161,1.4503752275409842,1.0063790157242098,1046,0,220,40,1.0,True,103.09568862261588,12.344530579951108,-47.72699588830981,1.1991660789587577,0.4834601788532042,36.93693693693694,111,0,20309568.86226159,LTCUSDT
10,10,896.6069471287574,44.51395422016978,-56.66664853390161,1.4503752275409842,1.0063790157242098,1046,0,220,40,1.0,True,1843.286829470868,101.98634667459862,-56.33293343950261,1.7457830989900434,1.2971364708030662,47.25274725274725,91,0,194328682.9470868,SOLUSDT
10,10,896.6069471287574,44.51395422016978,-56.66664853390161,1.4503752275409842,1.0063790157242098,1046,0,220,40,1.0,True,2080.9687997020737,110.55594514018297,-55.33618304848533,1.5699043025075246,1.382548709517943,42.168674698795186,83,0,218096879.9702074,AVAXUSDT
10,10,1181.5510702940394,50.48976221754195,-58.1510850545943,1.5941822041543192,1.0305218658600757,966,0,220,50,1.0,True,877.4093580889659,43.491928480068424,-34.66829209276779,1.7965409522822748,1.1428661074580995,38.93805309734513,113,0,97740935.80889659,BTCUSDT
10,10,1181.5510702940394,50.48976221754195,-58.1510850545943,1.5941822041543192,1.0305218658600757,966,0,220,50,1.0,True,1021.9925255378645,46.662041918783956,-50.71152851210287,1.4417730611288624,1.0116189117777854,41.52542372881356,118,0,112199252.55378644,ETHUSDT
10,10,1181.5510702940394,50.48976221754195,-58.1510850545943,1.5941822041543192,1.0305218658600757,966,0,220,50,1.0,True,1346.0475404922415,54.315374119352235,-81.53071814103178,1.593861183901054,1.0012827409369875,44.06779661016949,118,0,144604754.04922417,BNBUSDT
10,10,1181.5510702940394,50.48976221754195,-58.1510850545943,1.5941822041543192,1.0305218658600757,966,0,220,50,1.0,True,401.8911295037265,31.98408205410541,-70.51027594564124,1.3133258028877508,0.7567444667377506,39.75903614457831,83,0,50189112.95037265,XRPUSDT
10,10,1181.5510702940394,50.48976221754195,-58.1510850545943,1.5941822041543192,1.0305218658600757,966,0,220,50,1.0,True,1341.1096150502144,57.83500438540021,-58.85799944066211,1.5945032244075845,1.049424819942366,42.15686274509804,102,0,144110961.50502145,ADAUSDT
10,10,1181.5510702940394,50.48976221754195,-58.1510850545943,1.5941822041543192,1.0305218658600757,966,0,220,50,1.0,True,9336.73334926665,148.61352001839813,-75.3888179383928,1.6538241299459573,1.3850201776456457,40.27777777777778,72,0,943673334.9266648,DOGEUSDT
10,10,1181.5510702940394,50.48976221754195,-58.1510850545943,1.5941822041543192,1.0305218658600757,966,0,220,50,1.0,True,666.9455735965132,46.664150315731675,-66.75960839771544,1.319036905082333,0.9037900149859387,43.29896907216495,97,0,76694557.35965133,LINKUSDT
10,10,1181.5510702940394,50.48976221754195,-58.1510850545943,1.5941822041543192,1.0305218658600757,966,0,220,50,1.0,True,72.92190062862045,9.41483519655215,-53.152034373157875,1.1643226934000528,0.4331263648202914,37.5,104,0,17292190.062862046,LTCUSDT
10,10,1181.5510702940394,50.48976221754195,-58.1510850545943,1.5941822041543192,1.0305218658600757,966,0,220,50,1.0,True,1597.6793217825364,95.6218433273985,-57.44417066852648,1.6981249682553656,1.245313542415752,45.348837209302324,86,0,169767932.17825362,SOLUSDT
10,10,1181.5510702940394,50.48976221754195,-58.1510850545943,1.5941822041543192,1.0305218658600757,966,0,220,50,1.0,True,6935.580450779558,179.40771275511779,-46.62173950253889,2.1781603411046113,1.7254179660494997,42.465753424657535,73,0,703558045.0779558,AVAXUSDT
10,10,1119.1101496781034,51.03132413643921,-62.15478467615401,1.4931146062151652,1.0082034947226028,902,0,220,60,1.0,True,1474.5262557795056,54.748969799739356,-38.66450517702672,2.0022445987707895,1.3025079262794832,39.42307692307692,104,0,157452625.57795057,BTCUSDT
10,10,1119.1101496781034,51.03132413643921,-62.15478467615401,1.4931146062151652,1.0082034947226028,902,0,220,60,1.0,True,1067.5086136758337,47.58876699321102,-54.45429299596065,1.421640359312679,1.009677855119101,37.5,112,0,116750861.36758336,ETHUSDT
10,10,1119.1101496781034,51.03132413643921,-62.15478467615401,1.4931146062151652,1.0082034947226028,902,0,220,60,1.0,True,694.3560091473215,40.00998571178434,-86.63940799826855,1.458276379912728,0.8432309141937282,41.228070175438596,114,0,79435600.91473216,BNBUSDT
10,10,1119.1101496781034,51.03132413643921,-62.15478467615401,1.4931146062151652,1.0082034947226028,902,0,220,60,1.0,True,457.9945135675543,34.41203760214275,-70.8704604276513,1.3588025935091668,0.7829584133253825,37.9746835443038,79,0,55799451.356755435,XRPUSDT
10,10,1119.1101496781034,51.03132413643921,-62.15478467615401,1.4931146062151652,1.0082034947226028,902,0,220,60,1.0,True,1170.7116856803732,54.47388127966741,-59.392118281098405,1.5279528325176024,1.0067291343261047,40.20618556701031,97,0,127071168.56803732,ADAUSDT
10,10,1119.1101496781034,51.03132413643921,-62.15478467615401,1.4931146062151652,1.0082034947226028,902,0,220,60,1.0,True,7702.296866977062,139.32135903192494,-75.98284208492379,1.719958213157347,1.3410252027224552,42.028985507246375,69,0,780229686.6977062,DOGEUSDT
10,10,1119.1101496781034,51.03132413643921,-62.15478467615401,1.4931146062151652,1.0082034947226028,902,0,220,60,1.0,True,533.8699649247366,41.50290933372922,-69.77685260068742,1.259632368092823,0.8476492647511521,39.130434782608695,92,0,63386996.492473654,LINKUSDT
10,10,1119.1101496781034,51.03132413643921,-62.15478467615401,1.4931146062151652,1.0082034947226028,902,0,220,60,1.0,True,197.53518636771764,19.61820529738563,-47.43314850561896,1.307023029127661,0.6031898733281476,43.01075268817204,93,0,29753518.63677176,LTCUSDT
10,10,1119.1101496781034,51.03132413643921,-62.15478467615401,1.4931146062151652,1.0082034947226028,902,0,220,60,1.0,True,1902.6107878046776,103.43071672823308,-64.91745107120961,1.7161179218616287,1.2776412048265677,42.30769230769231,78,0,200261078.78046778,SOLUSDT
10,10,1119.1101496781034,51.03132413643921,-62.15478467615401,1.4931146062151652,1.0082034947226028,902,0,220,60,1.0,True,11496.66385405527,215.25752151582952,-42.41728891504444,2.4548485648201046,1.8460972189599205,48.4375,64,0,1159666385.405527,AVAXUSDT
10,10,1291.3075195875495,55.07866263640808,-55.795587723108596,1.4733703841653187,1.010294873521946,844,0,220,70,1.0,True,2051.914703160723,62.59928118674487,-31.5379344501305,2.123430360590709,1.3784472380691033,40.42553191489361,94,0,215191470.3160723,BTCUSDT
10,10,1291.3075195875495,55.07866263640808,-55.795587723108596,1.4733703841653187,1.010294873521946,844,0,220,70,1.0,True,943.98509812161,44.99750001110328,-51.092674502198946,1.3825861262056267,0.9673519917568937,38.31775700934579,107,0,104398509.812161,ETHUSDT
10,10,1291.3075195875495,55.07866263640808,-55.795587723108596,1.4733703841653187,1.010294873521946,844,0,220,70,1.0,True,1123.224705437427,50.17818092511346,-73.41964175003217,1.4131479668503566,0.9354950295114715,39.44954128440367,109,0,122322470.5437427,BNBUSDT
10,10,1291.3075195875495,55.07866263640808,-55.795587723108596,1.4733703841653187,1.010294873521946,844,0,220,70,1.0,True,707.7674819591366,43.243493984691405,-61.790259979929886,1.3939639977241747,0.8741843245991056,39.473684210526315,76,0,80776748.19591366,XRPUSDT
10,10,1291.3075195875495,55.07866263640808,-55.795587723108596,1.4733703841653187,1.010294873521946,844,0,220,70,1.0,True,1459.3903337376717,59.97914434770271,-56.32276709494126,1.533592801480281,1.053237755286998,37.362637362637365,91,0,155939033.37376717,ADAUSDT
10,10,1291.3075195875495,55.07866263640808,-55.795587723108596,1.4733703841653187,1.010294873521946,844,0,220,70,1.0,True,7250.968619894674,136.48224331251174,-79.81136779089013,1.6056386651505372,1.3259051312527006,44.776119402985074,67,0,735096861.9894674,DOGEUSDT
10,10,1291.3075195875495,55.07866263640808,-55.795587723108596,1.4733703841653187,1.010294873521946,844,0,220,70,1.0,True,738.9057772286551,49.15774088049949,-68.56531730853399,1.259638505467614,0.9166839046270268,37.93103448275862,87,0,83890577.7228655,LINKUSDT
10,10,1291.3075195875495,55.07866263640808,-55.795587723108596,1.4733703841653187,1.010294873521946,844,0,220,70,1.0,True,133.7326122727633,14.967910574543675,-53.993380187674944,1.2018467385079166,0.529888721043796,42.69662921348314,89,0,23373261.22727633,LTCUSDT
10,10,1291.3075195875495,55.07866263640808,-55.795587723108596,1.4733703841653187,1.010294873521946,844,0,220,70,1.0,True,4875.284371764769,152.3859702679659,-55.26840835127593,1.9956655871649283,1.5260155304209926,45.588235294117645,68,0,497528437.1764769,SOLUSDT
10,10,1291.3075195875495,55.07866263640808,-55.795587723108596,1.4733703841653187,1.010294873521946,844,0,220,70,1.0,True,20765.993204829672,263.3201612958943,-42.417288915044416,3.1434413422403735,2.0007495380044498,50.0,56,0,2086599320.4829674,AVAXUSDT
10,10,1330.1531707895385,55.852086607415984,-55.677750729589825,1.5260651723626264,0.9970847806077292,806,0,220,80,1.0,True,2300.1076420282243,65.43509612999907,-38.72162602396444,2.110258386491249,1.3945890112893964,43.18181818181818,88,0,240010764.20282242,BTCUSDT
10,10,1330.1531707895385,55.852086607415984,-55.677750729589825,1.5260651723626264,0.9970847806077292,806,0,220,80,1.0,True,859.0351059857148,43.0612274390985,-51.2200618534185,1.3724837772731289,0.931689812720711,39.04761904761905,105,0,95903510.59857148,ETHUSDT
10,10,1330.1531707895385,55.852086607415984,-55.677750729589825,1.5260651723626264,0.9970847806077292,806,0,220,80,1.0,True,1292.2330216950816,53.36788454211441,-75.28999050304925,1.4033872457438281,0.9613716915139442,38.83495145631068,103,0,139223302.16950816,BNBUSDT
10,10,1330.1531707895385,55.852086607415984,-55.677750729589825,1.5260651723626264,0.9970847806077292,806,0,220,80,1.0,True,536.2306667900126,37.480431899929776,-66.2784617308645,1.3204687694737605,0.8090258063263889,37.142857142857146,70,0,63623066.67900126,XRPUSDT
10,10,1330.1531707895385,55.852086607415984,-55.677750729589825,1.5260651723626264,0.9970847806077292,806,0,220,80,1.0,True,1368.0733198839955,58.336288672717565,-55.139445103275754,1.6487430989814247,1.032797869701514,38.63636363636363,88,0,146807331.98839954,ADAUSDT
10,10,1330.1531707895385,55.852086607415984,-55.677750729589825,1.5260651723626264,0.9970847806077292,806,0,220,80,1.0,True,7829.331519992434,140.09674473203106,-79.35332976706911,1.729847895966929,1.3398840535376988,44.44444444444444,63,0,792933151.9992434,DOGEUSDT
10,10,1330.1531707895385,55.852086607415984,-55.677750729589825,1.5260651723626264,0.9970847806077292,806,0,220,80,1.0,True,766.4114804314167,50.06509280455731,-69.06740772647065,1.283549554627775,0.922670003768044,35.714285714285715,84,0,86641148.04314166,LINKUSDT
10,10,1330.1531707895385,55.852086607415984,-55.677750729589825,1.5260651723626264,0.9970847806077292,806,0,220,80,1.0,True,115.63525529749276,13.455770008327029,-56.08709310790372,1.1943922104272513,0.5078170224662746,45.348837209302324,86,0,21563525.529749278,LTCUSDT
10,10,1330.1531707895385,55.852086607415984,-55.677750729589825,1.5260651723626264,0.9970847806077292,806,0,220,80,1.0,True,6339.352701936834,168.29318809178955,-55.26840835127593,2.240214526150321,1.5848238836513961,44.44444444444444,63,0,643935270.1936834,SOLUSDT
10,10,1330.1531707895385,55.852086607415984,-55.677750729589825,1.5260651723626264,0.9970847806077292,806,0,220,80,1.0,True,11692.789057088856,216.53728139936774,-49.946790990197556,2.4217678276086922,1.8188538631220947,44.642857142857146,56,0,1179278905.7088857,AVAXUSDT
10,10,1236.630846031373,54.0945261338598,-61.73415525423989,1.5492056594357668,0.9778620208975258,782,0,220,90,1.0,True,1865.2936476881578,60.279532395733135,-44.634932282763515,2.004632474105868,1.3113285037035975,44.18604651162791,86,0,196529364.7688158,BTCUSDT
10,10,1236.630846031373,54.0945261338598,-61.73415525423989,1.5492056594357668,0.9778620208975258,782,0,220,90,1.0,True,968.9890607736006,45.54211949870008,-55.35533830692677,1.3732716142826182,0.9558622189300263,41.0,100,0,106898906.07736006,ETHUSDT
10,10,1236.630846031373,54.0945261338598,-61.73415525423989,1.5492056594357668,0.9778620208975258,782,0,220,90,1.0,True,1223.3725034889783,52.10968552122666,-75.69515942301169,1.4116127549380626,0.9481558916623473,35.64356435643564,101,0,132337250.34889783,BNBUSDT
10,10,1236.630846031373,54.0945261338598,-61.73415525423989,1.5492056594357668,0.9778620208975258,782,0,220,90,1.0,True,324.3866981800524,28.230106713721213,-66.27846173086449,1.2381027773181799,0.7059944049326855,37.68115942028986,69,0,42438669.81800524,XRPUSDT
10,10,1236.630846031373,54.0945261338598,-61.73415525423989,1.5492056594357668,0.9778620208975258,782,0,220,90,1.0,True,1249.8891885737676,56.079366746492944,-57.18984877761528,1.7414812906347472,0.9998618228650253,37.2093023255814,86,0,134988918.85737675,ADAUSDT
10,10,1236.630846031373,54.0945261338598,-61.73415525423989,1.5492056594357668,0.9778620208975258,782,0,220,90,1.0,True,6774.950285782768,133.33252694898604,-81.79250597703674,1.686798563933471,1.310675954121615,41.935483870967744,62,0,687495028.5782768,DOGEUSDT
10,10,1236.630846031373,54.0945261338598,-61.73415525423989,1.5492056594357668,0.9778620208975258,782,0,220,90,1.0,True,497.5121063144955,39.94031877375876,-70.16198431364428,1.195396763506041,0.8244459055398446,35.36585365853659,82,0,59751210.63144954,LINKUSDT
10,10,1236.630846031373,54.0945261338598,-61.73415525423989,1.5492056594357668,0.9778620208975258,782,0,220,90,1.0,True,43.532883148695056,6.1171157444711355,-67.92606869928976,1.1081001715759544,0.39702849794758865,40.243902439024396,82,0,14353288.314869506,LTCUSDT
10,10,1236.630846031373,54.0945261338598,-61.73415525423989,1.5492056594357668,0.9778620208975258,782,0,220,90,1.0,True,8498.155283605902,187.31753186482098,-54.00739306038989,2.5653821183224967,1.6438062363143549,44.827586206896555,58,0,859815528.3605901,SOLUSDT
10,10,1236.630846031373,54.0945261338598,-61.73415525423989,1.5492056594357668,0.9778620208975258,782,0,220,90,1.0,True,8383.1514599706,192.32577094497617,-53.77566856042115,2.0604363327467534,1.7123764004721798,44.642857142857146,56,0,848315145.9970601,AVAXUSDT
10,10,1588.0792802828923,57.34930130436351,-60.78643226409609,1.5711121785997881,1.0306271668499989,750,0,220,100,1.0,True,1602.743446313328,56.679881764694315,-45.16440528929859,1.876520892285118,1.2434812203057506,42.168674698795186,83,0,170274344.63133278,BTCUSDT
10,10,1588.0792802828923,57.34930130436351,-60.78643226409609,1.5711121785997881,1.0306271668499989,750,0,220,100,1.0,True,1033.1473431417198,46.89204516656793,-59.78259826755239,1.3635740097629185,0.964014784657653,41.05263157894737,95,0,113314734.31417197,ETHUSDT
10,10,1588.0792802828923,57.34930130436351,-60.78643226409609,1.5711121785997881,1.0306271668499989,750,0,220,100,1.0,True,1573.4151142524568,58.0187208440327,-78.10989721467654,1.3900647476252965,0.9964764087517258,35.35353535353536,99,0,167341511.42524567,BNBUSDT
10,10,1588.0792802828923,57.34930130436351,-60.78643226409609,1.5711121785997881,1.0306271668499989,750,0,220,100,1.0,True,189.7959027346206,20.085588975395407,-71.83245673406115,1.151292077948964,0.6119576314897184,36.231884057971016,69,0,28979590.27346206,XRPUSDT
10,10,1588.0792802828923,57.34930130436351,-60.78643226409609,1.5711121785997881,1.0306271668499989,750,0,220,100,1.0,True,1678.6558999659594,63.62025868486396,-46.338134788225915,1.75215960957428,1.0647779249482718,40.0,80,0,177865589.99659592,ADAUSDT
10,10,1588.0792802828923,57.34930130436351,-60.78643226409609,1.5711121785997881,1.0306271668499989,750,0,220,100,1.0,True,7847.482683789977,140.20672196426648,-80.81631868055673,1.8641030047948568,1.335770358463426,47.368421052631575,57,0,794748268.3789977,DOGEUSDT
10,10,1588.0792802828923,57.34930130436351,-60.78643226409609,1.5711121785997881,1.0306271668499989,750,0,220,100,1.0,True,676.0211254184475,46.98885076985773,-61.79026626063979,1.2355924793452355,0.8895021705104988,37.17948717948718,78,0,77602112.54184474,LINKUSDT
10,10,1588.0792802828923,57.34930130436351,-60.78643226409609,1.5711121785997881,1.0306271668499989,750,0,220,100,1.0,True,29.868558707446603,4.387259555335521,-70.23745369085815,1.0798806002817665,0.37179787237870027,36.708860759493675,79,0,12986855.87074466,LTCUSDT
10,10,1588.0792802828923,57.34930130436351,-60.78643226409609,1.5711121785997881,1.0306271668499989,750,0,220,100,1.0,True,6882.864482622662,173.4943354281993,-55.419582699013745,2.3704608115598274,1.5834649420985862,43.103448275862064,58,0,698286448.2622662,SOLUSDT
10,10,1588.0792802828923,57.34930130436351,-60.78643226409609,1.5711121785997881,1.0306271668499989,750,0,220,100,1.0,True,12501.443090960276,221.64942138318816,-56.829152924838326,2.3780030901316316,1.8005812704381736,48.07692307692308,52,0,1260144309.0960276,AVAXUSDT
10,10,1123.4643286564487,49.57653051386232,-62.483287100536884,1.4961537176249355,1.0218921057727344,722,0,220,110,1.0,True,1093.9103852785506,48.11246894563801,-55.817062905895476,1.6289140814616407,1.1036472293685613,39.02439024390244,82,0,119391038.52785505,BTCUSDT
10,10,1123.4643286564487,49.57653051386232,-62.483287100536884,1.4961537176249355,1.0218921057727344,722,0,220,110,1.0,True,976.1704048351996,45.69655607855723,-63.30124416622975,1.3607545938735368,0.9401369821769073,41.57303370786517,89,0,107617040.48351996,ETHUSDT
10,10,1123.4643286564487,49.57653051386232,-62.483287100536884,1.4961537176249355,1.0218921057727344,722,0,220,110,1.0,True,1153.018272034347,50.766227442230715,-83.01200769861666,1.3633933537882301,0.9239785053097914,34.02061855670103,97,0,125301827.2034347,BNBUSDT
10,10,1123.4643286564487,49.57653051386232,-62.483287100536884,1.4961537176249355,1.0218921057727344,722,0,220,110,1.0,True,186.01265374915585,19.814437565252142,-72.76823587574798,1.1521734273035475,0.6098442622299528,33.82352941176471,68,0,28601265.374915585,XRPUSDT
10,10,1123.4643286564487,49.57653051386232,-62.483287100536884,1.4961537176249355,1.0218921057727344,722,0,220,110,1.0,True,2555.297719226172,75.22846139423413,-49.15544692648248,1.7016574819443753,1.1557788997237515,36.84210526315789,76,0,265529771.92261717,ADAUSDT
10,10,1123.4643286564487,49.57653051386232,-62.483287100536884,1.4961537176249355,1.0218921057727344,722,0,220,110,1.0,True,8714.573410842242,145.2405379929021,-77.98905932474844,1.9450750614914538,1.3538972436993244,49.09090909090909,55,0,881457341.0842241,DOGEUSDT
10,10,1123.4643286564487,49.57653051386232,-62.483287100536884,1.4961537176249355,1.0218921057727344,722,0,220,110,1.0,True,716.0973530753038,48.38683358549394,-66.26448111162198,1.2010149430316328,0.9002643066773017,40.0,75,0,81609735.30753037,LINKUSDT
10,10,1123.4643286564487,49.57653051386232,-62.483287100536884,1.4961537176249355,1.0218921057727344,722,0,220,110,1.0,True,61.80234708531618,8.22658870954407,-61.665330034844025,1.1372936187868496,0.4347157388921039,41.891891891891895,74,0,16180234.708531618,LTCUSDT
10,10,1123.4643286564487,49.57653051386232,-62.483287100536884,1.4961537176249355,1.0218921057727344,722,0,220,110,1.0,True,7191.97907747884,176.3158759715258,-55.419582699013745,2.825529424826645,1.588022455872621,44.642857142857146,56,0,729197907.7478839,SOLUSDT
10,10,1123.4643286564487,49.57653051386232,-62.483287100536884,1.4961537176249355,1.0218921057727344,722,0,220,110,1.0,True,11433.842371181217,214.84412750232465,-61.64499015506445,2.2883739269632777,1.7689692940074764,48.0,50,0,1153384237.1181219,AVAXUSDT
10,10,1435.0258230902896,55.67656231652182,-65.78320600230384,1.4466123006961142,1.079461965400354,690,0,220,120,1.0,True,1103.0028750533677,48.29057085737056,-53.904951852199524,1.674710121143212,1.098428084431787,37.5,80,0,120300287.50533678,BTCUSDT
10,10,1435.0258230902896,55.67656231652182,-65.78320600230384,1.4466123006961142,1.079461965400354,690,0,220,120,1.0,True,1767.0487711272117,58.98283242208695,-60.04869945081095,1.3926943453821652,1.0767408717330815,39.75903614457831,83,0,186704877.11272117,ETHUSDT
10,10,1435.0258230902896,55.67656231652182,-65.78320600230384,1.4466123006961142,1.079461965400354,690,0,220,120,1.0,True,781.5896722500542,42.399233004107614,-87.66434990209743,1.2866332206409683,0.8455758027012451,31.914893617021278,94,0,88158967.22500542,BNBUSDT
10,10,1435.0258230902896,55.67656231652182,-65.78320600230384,1.4466123006961142,1.079461965400354,690,0,220,120,1.0,True,145.74126731272648,16.727060828739916,-69.23111045897453,1.1393716940829788,0.5744414856926918,34.32835820895522,67,0,24574126.731272645,XRPUSDT
10,10,1435.0258230902896,55.67656231652182,-65.78320600230384,1.4466123006961142,1.079461965400354,690,0,220,120,1.0,True,1915.2165077299055,67.15272528705147,-57.05224165910515,1.5005302560100633,1.0821830590676265,36.11111111111111,72,0,201521650.77299055,ADAUSDT
10,10,1435.0258230902896,55.67656231652182,-65.78320600230384,1.4466123006961142,1.079461965400354,690,0,220,120,1.0,True,12908.783534043301,165.12293926890612,-80.63900930732318,2.1382071830463385,1.4254278589295306,48.07692307692308,52,0,1300878353.40433,DOGEUSDT
10,10,1435.0258230902896,55.67656231652182,-65.78320600230384,1.4466123006961142,1.079461965400354,690,0,220,120,1.0,True,839.5994396193023,52.370292210956684,-67.51190780807134,1.1951348437278557,0.930461808310212,36.61971830985916,71,0,93959943.96193023,LINKUSDT
10,10,1435.0258230902896,55.67656231652182,-65.78320600230384,1.4466123006961142,1.079461965400354,690,0,220,120,1.0,True,119.81163922958049,13.813890295166686,-64.05450419653633,1.211524403498641,0.5193280426682437,41.42857142857143,70,0,21981163.92295805,LTCUSDT
10,10,1435.0258230902896,55.67656231652182,-65.78320600230384,1.4466123006961142,1.079461965400354,690,0,220,120,1.0,True,4041.771883434684,141.6552712843702,-59.22720976642597,2.424335071885384,1.4242174224965964,41.81818181818181,55,0,414177188.34346837,SOLUSDT
10,10,1435.0258230902896,55.67656231652182,-65.78320600230384,1.4466123006961142,1.079461965400354,690,0,220,120,1.0,True,7250.658617680463,182.38032622600352,-68.66380001165848,2.4676023011652104,1.6100005031884568,50.0,46,0,735065861.7680464,AVAXUSDT
