assets,profitable_assets,median_return_pct,median_cagr_pct,median_mdd_pct,median_profit_factor,median_sharpe,total_trades,total_liquidations,family,timeframe,leverage,params,robust_ok,total_return_pct,cagr_pct,mdd_pct,profit_factor,sharpe,win_rate_pct,trades,liquidations,final_equity_krw,symbol
10,9,3107.83780903681,57.16612474331417,-72.94768921293887,1.236031202056961,0.9864907045504709,1454,0,supertrend,4h,1.0,"{""mult"": 3.5, ""period"": 7}",True,5370.167101250994,55.90071458704096,-45.42072844560998,1.4362471351911128,1.2618595471281397,37.77777777777778,180,0,547016710.1250994,BTCUSDT
10,9,3107.83780903681,57.16612474331417,-72.94768921293887,1.236031202056961,0.9864907045504709,1454,0,supertrend,4h,1.0,"{""mult"": 3.5, ""period"": 7}",True,2385.5602708075503,42.83542353512435,-72.64405141301668,1.3069325710797508,0.9175359844914519,36.206896551724135,174,0,248556027.08075505,ETHUSDT
10,9,3107.83780903681,57.16612474331417,-72.94768921293887,1.236031202056961,0.9864907045504709,1454,0,supertrend,4h,1.0,"{""mult"": 3.5, ""period"": 7}",True,9764.03238424749,68.58931184811341,-72.04815817201352,1.4094187289766507,1.1128942202686407,43.373493975903614,166,0,986403238.424749,BNBUSDT
10,9,3107.83780903681,57.16612474331417,-72.94768921293887,1.236031202056961,0.9864907045504709,1454,0,supertrend,4h,1.0,"{""mult"": 3.5, ""period"": 7}",True,397.7462873301159,21.332521810779447,-78.84229058006036,1.1863768461556443,0.6213593505437971,30.82191780821918,146,0,49774628.73301159,XRPUSDT
10,9,3107.83780903681,57.16612474331417,-72.94768921293887,1.236031202056961,0.9864907045504709,1454,0,supertrend,4h,1.0,"{""mult"": 3.5, ""period"": 7}",True,1083.346266668325,34.45071158525166,-72.62330299341215,1.2162021763865067,0.7733148885712937,34.868421052631575,152,0,118334626.66683248,ADAUSDT
10,9,3107.83780903681,57.16612474331417,-72.94768921293887,1.236031202056961,0.9864907045504709,1454,0,supertrend,4h,1.0,"{""mult"": 3.5, ""period"": 7}",True,6015.960533652935,78.04968501000238,-79.1125313108358,1.2558602277274151,1.0061759201629599,40.869565217391305,115,0,611596053.3652935,DOGEUSDT
10,9,3107.83780903681,57.16612474331417,-72.94768921293887,1.236031202056961,0.9864907045504709,1454,0,supertrend,4h,1.0,"{""mult"": 3.5, ""period"": 7}",True,3196.564415312586,58.43153489958739,-64.27938811445502,1.2109433527020286,0.9668054889379819,37.857142857142854,140,0,329656441.5312586,LINKUSDT
10,9,3107.83780903681,57.16612474331417,-72.94768921293887,1.236031202056961,0.9864907045504709,1454,0,supertrend,4h,1.0,"{""mult"": 3.5, ""period"": 7}",True,-39.39620628408095,-5.600383105954521,-83.66675230321215,0.9385628568346693,0.22387239618111052,35.44303797468354,158,0,6060379.371591905,LTCUSDT
10,9,3107.83780903681,57.16612474331417,-72.94768921293887,1.236031202056961,0.9864907045504709,1454,0,supertrend,4h,1.0,"{""mult"": 3.5, ""period"": 7}",True,6747.790811572044,101.6072536168616,-73.25132701286105,1.3395053386087628,1.2365856939909003,38.59649122807017,114,0,684779081.1572044,SOLUSDT
10,9,3107.83780903681,57.16612474331417,-72.94768921293887,1.236031202056961,0.9864907045504709,1454,0,supertrend,4h,1.0,"{""mult"": 3.5, ""period"": 7}",True,3019.1112027610343,78.92468974065201,-81.34814712587163,1.143271398096647,1.109100926709822,33.94495412844037,109,0,311911120.27610344,AVAXUSDT
10,9,3302.825138531465,62.69477684240087,-78.41294845167573,1.1932957680327396,1.0012557703048186,1454,0,supertrend,4h,1.15,"{""mult"": 3.5, ""period"": 7}",True,8225.958374753161,63.33937766631224,-50.317250285197005,1.3908685083668904,1.264110199025956,37.77777777777778,180,0,832595837.475316,BTCUSDT
10,9,3302.825138531465,62.69477684240087,-78.41294845167573,1.1932957680327396,1.0012557703048186,1454,0,supertrend,4h,1.15,"{""mult"": 3.5, ""period"": 7}",True,2679.3735281588015,44.61721186405332,-79.09752768189281,1.268010341313269,0.9095531670161274,36.206896551724135,174,0,277937352.8158801,ETHUSDT
10,9,3302.825138531465,62.69477684240087,-78.41294845167573,1.1932957680327396,1.0012557703048186,1454,0,supertrend,4h,1.15,"{""mult"": 3.5, ""period"": 7}",True,14071.633006618717,75.68345082861319,-76.04258193421506,1.3592118550986825,1.1261515112417206,43.373493975903614,166,0,1417163300.6618717,BNBUSDT
10,9,3302.825138531465,62.69477684240087,-78.41294845167573,1.1932957680327396,1.0012557703048186,1454,0,supertrend,4h,1.15,"{""mult"": 3.5, ""period"": 7}",True,333.8376513200604,19.340193434767073,-84.21039308830139,1.1415594857232205,0.6096303104352271,30.82191780821918,146,0,43383765.13200604,XRPUSDT
10,9,3302.825138531465,62.69477684240087,-78.41294845167573,1.1932957680327396,1.0012557703048186,1454,0,supertrend,4h,1.15,"{""mult"": 3.5, ""period"": 7}",True,1072.0945915479783,34.29690879032883,-77.66100542717788,1.1761258224209707,0.7667990669243253,34.868421052631575,152,0,117209459.15479784,ADAUSDT
10,9,3302.825138531465,62.69477684240087,-78.41294845167573,1.1932957680327396,1.0012557703048186,1454,0,supertrend,4h,1.15,"{""mult"": 3.5, ""period"": 7}",True,7386.378488732336,83.17054689827901,-83.51664701957624,1.2104657136445085,1.0271636244916686,40.869565217391305,115,0,748637848.8732337,DOGEUSDT
10,9,3302.825138531465,62.69477684240087,-78.41294845167573,1.1932957680327396,1.0012557703048186,1454,0,supertrend,4h,1.15,"{""mult"": 3.5, ""period"": 7}",True,3813.5002941395846,62.0501760184895,-70.82733239505583,1.1728571429106083,0.9753479161179688,37.857142857142854,140,0,391350029.4139585,LINKUSDT
10,9,3302.825138531465,62.69477684240087,-78.41294845167573,1.1932957680327396,1.0012557703048186,1454,0,supertrend,4h,1.15,"{""mult"": 3.5, ""period"": 7}",True,-55.22013310433098,-8.831070643046246,-88.08032388246522,0.9132940694622291,0.22748479324266127,35.44303797468354,158,0,4477986.689566902,LTCUSDT
10,9,3302.825138531465,62.69477684240087,-78.41294845167573,1.1932957680327396,1.0012557703048186,1454,0,supertrend,4h,1.15,"{""mult"": 3.5, ""period"": 7}",True,8154.963015727242,107.95571129655488,-77.72836922145865,1.2835235588719027,1.2339715039184012,38.59649122807017,114,0,825496301.5727242,SOLUSDT
10,9,3302.825138531465,62.69477684240087,-78.41294845167573,1.1932957680327396,1.0012557703048186,1454,0,supertrend,4h,1.15,"{""mult"": 3.5, ""period"": 7}",True,2792.1499829233453,76.65317301063364,-85.66791518454207,1.1082309479132866,1.0731795598109977,33.94495412844037,109,0,289214998.29233456,AVAXUSDT
10,9,3424.518546991349,65.88664858487417,-81.73276684507744,1.1688578454759897,1.0092638057813694,1454,0,supertrend,4h,1.25,"{""mult"": 3.5, ""period"": 7}",True,10684.482375621526,68.09658721500458,-53.35808934216815,1.3644208118307874,1.2650758428012485,37.77777777777778,180,0,1078448237.5621526,BTCUSDT
10,9,3424.518546991349,65.88664858487417,-81.73276684507744,1.1688578454759897,1.0092638057813694,1454,0,supertrend,4h,1.25,"{""mult"": 3.5, ""period"": 7}",True,2727.0829924631507,44.89058268334274,-82.92239554383369,1.244394394184153,0.9035778335289282,36.206896551724135,174,0,282708299.24631506,ETHUSDT
10,9,3424.518546991349,65.88664858487417,-81.73276684507744,1.1688578454759897,1.0092638057813694,1454,0,supertrend,4h,1.25,"{""mult"": 3.5, ""period"": 7}",True,17403.105472473755,79.9539879082013,-78.37868899063992,1.3303325432059183,1.1337338722157728,43.373493975903614,166,0,1750310547.2473755,BNBUSDT
10,9,3424.518546991349,65.88664858487417,-81.73276684507744,1.1688578454759897,1.0092638057813694,1454,0,supertrend,4h,1.25,"{""mult"": 3.5, ""period"": 7}",True,281.3578342754817,17.500678822040893,-87.15093565434978,1.1151746028903964,0.601676590455966,30.82191780821918,146,0,38135783.42754817,XRPUSDT
10,9,3424.518546991349,65.88664858487417,-81.73276684507744,1.1688578454759897,1.0092638057813694,1454,0,supertrend,4h,1.25,"{""mult"": 3.5, ""period"": 7}",True,1019.169573160976,33.55554904201055,-80.54313814632117,1.1528611215590718,0.7621032975694877,34.868421052631575,152,0,111916957.3160976,ADAUSDT
10,9,3424.518546991349,65.88664858487417,-81.73276684507744,1.1688578454759897,1.0092638057813694,1454,0,supertrend,4h,1.25,"{""mult"": 3.5, ""period"": 7}",True,8153.906462126633,85.69502886706111,-85.9658349925606,1.1848545693929073,1.038427259973428,40.869565217391305,115,0,825390646.2126634,DOGEUSDT
10,9,3424.518546991349,65.88664858487417,-81.73276684507744,1.1688578454759897,1.0092638057813694,1454,0,supertrend,4h,1.25,"{""mult"": 3.5, ""period"": 7}",True,4121.954101519547,63.67670995474377,-74.70916256736223,1.150934494211248,0.9801003515893106,37.857142857142854,140,0,422195410.15195477,LINKUSDT
10,9,3424.518546991349,65.88664858487417,-81.73276684507744,1.1688578454759897,1.0092638057813694,1454,0,supertrend,4h,1.25,"{""mult"": 3.5, ""period"": 7}",True,-64.50495275125732,-11.236662539260678,-90.41167359042093,0.8953707883954987,0.2293370866191477,35.44303797468354,158,0,3549504.7248742674,LTCUSDT
10,9,3424.518546991349,65.88664858487417,-81.73276684507744,1.1688578454759897,1.0092638057813694,1454,0,supertrend,4h,1.25,"{""mult"": 3.5, ""period"": 7}",True,8867.221540159326,110.83054378214214,-80.36988393548934,1.2519674494177422,1.231424247134988,38.59649122807017,114,0,896722154.0159326,SOLUSDT
10,9,3424.518546991349,65.88664858487417,-81.73276684507744,1.1688578454759897,1.0092638057813694,1454,0,supertrend,4h,1.25,"{""mult"": 3.5, ""period"": 7}",True,2537.5497633786485,73.921487457473,-88.01234620595285,1.089677571998535,1.0497740250546308,33.94495412844037,109,0,263754976.33786485,AVAXUSDT
10,9,3451.4621225929827,66.60680038862583,-86.12866032294579,1.1371120515739035,1.000943970901909,1454,0,supertrend,4h,1.4,"{""mult"": 3.5, ""period"": 7}",True,15322.203247057,74.90256277418943,-57.606129030342615,1.329235002133929,1.2658466191871678,37.77777777777778,180,0,1542220324.7057,BTCUSDT
10,9,3451.4621225929827,66.60680038862583,-86.12866032294579,1.1371120515739035,1.000943970901909,1454,0,supertrend,4h,1.4,"{""mult"": 3.5, ""period"": 7}",True,2524.173498135411,43.69810917057286,-88.008076975135,1.2116931619677689,0.8938088075925095,36.206896551724135,174,0,262417349.8135411,ETHUSDT
10,9,3451.4621225929827,66.60680038862583,-86.12866032294579,1.1371120515739035,1.000943970901909,1454,0,supertrend,4h,1.4,"{""mult"": 3.5, ""period"": 7}",True,22924.457867128152,85.6549597945633,-81.47009035973024,1.2922538138395094,1.1436473600096124,43.373493975903614,166,0,2302445786.7128153,BNBUSDT
10,9,3451.4621225929827,66.60680038862583,-86.12866032294579,1.1371120515739035,1.000943970901909,1454,0,supertrend,4h,1.4,"{""mult"": 3.5, ""period"": 7}",True,198.10683133686123,14.065283640047932,-90.72718491824297,1.0800291284362151,0.5896828673669781,30.82191780821918,146,0,29810683.133686125,XRPUSDT
10,9,3451.4621225929827,66.60680038862583,-86.12866032294579,1.1371120515739035,1.000943970901909,1454,0,supertrend,4h,1.4,"{""mult"": 3.5, ""period"": 7}",True,887.1622533424429,31.562384830855073,-84.24924367075658,1.1222461914358843,0.7547086457364741,34.868421052631575,152,0,98716225.33424428,ADAUSDT
10,9,3451.4621225929827,66.60680038862583,-86.12866032294579,1.1371120515739035,1.000943970901909,1454,0,supertrend,4h,1.4,"{""mult"": 3.5, ""period"": 7}",True,8972.119836188762,88.17294961941238,-89.03310654607802,1.1519024089803045,1.0519827402958093,40.869565217391305,115,0,907211983.6188761,DOGEUSDT
10,9,3451.4621225929827,66.60680038862583,-86.12866032294579,1.1371120515739035,1.000943970901909,1454,0,supertrend,4h,1.4,"{""mult"": 3.5, ""period"": 7}",True,4378.750747050554,64.95392344651316,-79.82735409777108,1.1223216941675027,0.9861125847228338,37.857142857142854,140,0,447875074.7050555,LINKUSDT
10,9,3451.4621225929827,66.60680038862583,-86.12866032294579,1.1371120515739035,1.000943970901909,1454,0,supertrend,4h,1.4,"{""mult"": 3.5, ""period"": 7}",True,-76.07345571482249,-15.175375415563952,-93.16742593848299,0.8654965753078459,0.2313845088297253,35.44303797468354,158,0,2392654.428517752,LTCUSDT
10,9,3451.4621225929827,66.60680038862583,-86.12866032294579,1.1371120515739035,1.000943970901909,1454,0,supertrend,4h,1.4,"{""mult"": 3.5, ""period"": 7}",True,9471.229493279274,113.12281788890016,-83.8633549334357,1.2114893178332242,1.2266844832068777,38.59649122807017,114,0,957122949.3279272,SOLUSDT
10,9,3451.4621225929827,66.60680038862583,-86.12866032294579,1.1371120515739035,1.000943970901909,1454,0,supertrend,4h,1.4,"{""mult"": 3.5, ""period"": 7}",True,2068.7648980568993,68.25967733073848,-90.87402937632675,1.0672608489074433,1.0157753570809844,33.94495412844037,109,0,216876489.80568993,AVAXUSDT
10,9,3014.232149157423,61.42868996515047,-90.24308811387328,1.1034185630187408,0.9826183278301903,1454,0,supertrend,4h,1.6,"{""mult"": 3.5, ""period"": 7}",False,23444.750148234743,83.3094132611881,-62.74569822135989,1.2888698557950367,1.265818774140082,37.77777777777778,180,0,2354475014.8234744,BTCUSDT
10,9,3014.232149157423,61.42868996515047,-90.24308811387328,1.1034185630187408,0.9826183278301903,1454,0,supertrend,4h,1.6,"{""mult"": 3.5, ""period"": 7}",False,1732.1557874012726,38.082292264905895,-93.69663366760831,1.1712219153521273,0.8795723408008259,36.206896551724135,174,0,183215578.74012727,ETHUSDT
10,9,3014.232149157423,61.42868996515047,-90.24308811387328,1.1034185630187408,0.9826183278301903,1454,0,supertrend,4h,1.6,"{""mult"": 3.5, ""period"": 7}",False,30708.50007953735,91.9084898654952,-84.943590443128,1.248958323643585,1.1547469449728505,43.373493975903614,166,0,3080850007.953735,BNBUSDT
10,9,3014.232149157423,61.42868996515047,-90.24308811387328,1.1034185630187408,0.9826183278301903,1454,0,supertrend,4h,1.6,"{""mult"": 3.5, ""period"": 7}",False,95.36692224458389,8.403284421727687,-94.19416056106635,1.0402039317782172,0.5737440022360538,30.82191780821918,146,0,19536692.22445839,XRPUSDT
10,9,3014.232149157423,61.42868996515047,-90.24308811387328,1.1034185630187408,0.9826183278301903,1454,0,supertrend,4h,1.6,"{""mult"": 3.5, ""period"": 7}",False,656.3177908335858,27.430181908079444,-88.28845883166228,1.0879853725177018,0.7444518960758105,34.868421052631575,152,0,75631779.08335859,ADAUSDT
10,9,3014.232149157423,61.42868996515047,-90.24308811387328,1.1034185630187408,0.9826183278301903,1454,0,supertrend,4h,1.6,"{""mult"": 3.5, ""period"": 7}",False,9297.56961797294,89.10537708088364,-92.19771739608429,1.1160109921859376,1.0650046271573415,40.869565217391305,115,0,939756961.7972941,DOGEUSDT
10,9,3014.232149157423,61.42868996515047,-90.24308811387328,1.1034185630187408,0.9826183278301903,1454,0,supertrend,4h,1.6,"{""mult"": 3.5, ""period"": 7}",False,4296.308510913574,64.55097523708693,-85.41444387439721,1.090826133851544,0.9924943950646654,37.857142857142854,140,0,439630851.09135735,LINKUSDT
10,9,3014.232149157423,61.42868996515047,-90.24308811387328,1.1034185630187408,0.9826183278301903,1454,0,supertrend,4h,1.6,"{""mult"": 3.5, ""period"": 7}",False,-87.02690634476696,-20.944939001071194,-95.76029353356921,0.8164779149666662,0.23292476899952594,35.44303797468354,158,0,1297309.3655233039,LTCUSDT
10,9,3014.232149157423,61.42868996515047,-90.24308811387328,1.1034185630187408,0.9826183278301903,1454,0,supertrend,4h,1.6,"{""mult"": 3.5, ""period"": 7}",False,9304.961928866427,112.50413493273146,-87.73444208835576,1.1676436022867263,1.2190595833431486,38.59649122807017,114,0,940496192.8866427,SOLUSDT
10,9,3014.232149157423,61.42868996515047,-90.24308811387328,1.1034185630187408,0.9826183278301903,1454,0,supertrend,4h,1.6,"{""mult"": 3.5, ""period"": 7}",False,1412.2648670585643,58.306404693214,-93.71688237039415,1.0449273172460265,0.9727422605957151,33.94495412844037,109,0,151226486.7058564,AVAXUSDT
10,9,2314.3649705375433,54.07477693048878,-93.18962254209943,1.0764503788835846,0.9649156958007549,1454,0,supertrend,4h,1.8,"{""mult"": 3.5, ""period"": 7}",False,33819.50389512218,90.88773946506524,-67.32715737637602,1.2541908333317846,1.264818650588932,37.77777777777778,180,0,3391950389.512218,BTCUSDT
10,9,2314.3649705375433,54.07477693048878,-93.18962254209943,1.0764503788835846,0.9649156958007549,1454,0,supertrend,4h,1.8,"{""mult"": 3.5, ""period"": 7}",False,498.60284867099426,21.963849167579387,-98.29396206463574,1.1212920792525627,0.8642786355830109,36.206896551724135,174,0,59860284.86709943,ETHUSDT
10,9,2314.3649705375433,54.07477693048878,-93.18962254209943,1.0764503788835846,0.9649156958007549,1454,0,supertrend,4h,1.8,"{""mult"": 3.5, ""period"": 7}",False,37969.18083618653,96.58412498988669,-87.80684109584239,1.2120546189646813,1.1640083285627902,43.373493975903614,166,0,3806918083.618654,BNBUSDT
10,9,2314.3649705375433,54.07477693048878,-93.18962254209943,1.0764503788835846,0.9649156958007549,1454,0,supertrend,4h,1.8,"{""mult"": 3.5, ""period"": 7}",False,15.416764642502766,1.742477356132266,-96.50967300668391,1.007140957586716,0.5579882890297148,30.82191780821918,146,0,11541676.464250278,XRPUSDT
10,9,2314.3649705375433,54.07477693048878,-93.18962254209943,1.0764503788835846,0.9649156958007549,1454,0,supertrend,4h,1.8,"{""mult"": 3.5, ""period"": 7}",False,420.73391238958885,21.857834400607047,-91.8435860184621,1.059679248289604,0.7339915874710843,34.868421052631575,152,0,52073391.23895889,ADAUSDT
10,9,2314.3649705375433,54.07477693048878,-93.18962254209943,1.0764503788835846,0.9649156958007549,1454,0,supertrend,4h,1.8,"{""mult"": 3.5, ""period"": 7}",False,8728.638233089083,87.45636875478537,-94.53565906573675,1.0872374724231948,1.0735011769863412,40.869565217391305,115,0,882863823.3089083,DOGEUSDT
10,9,2314.3649705375433,54.07477693048878,-93.18962254209943,1.0764503788835846,0.9649156958007549,1454,0,supertrend,4h,1.8,"{""mult"": 3.5, ""period"": 7}",False,3781.0027798800597,61.87238821576941,-89.73438712344579,1.0656632853439745,0.9974659390088266,37.857142857142854,140,0,388100277.988006,LINKUSDT
10,9,2314.3649705375433,54.07477693048878,-93.18962254209943,1.0764503788835846,0.9649156958007549,1454,0,supertrend,4h,1.8,"{""mult"": 3.5, ""period"": 7}",False,-93.64039047045293,-27.171792510577774,-97.45456789526214,0.7507163178578736,0.23330643484895472,35.44303797468354,158,0,635960.9529547076,LTCUSDT
10,9,2314.3649705375433,54.07477693048878,-93.18962254209943,1.0764503788835846,0.9649156958007549,1454,0,supertrend,4h,1.8,"{""mult"": 3.5, ""period"": 7}",False,8142.6312909007465,107.904143328259,-90.8224804723651,1.1326834005491941,1.2103325900082462,38.59649122807017,114,0,824263129.0900747,SOLUSDT
10,9,2314.3649705375433,54.07477693048878,-93.18962254209943,1.0764503788835846,0.9649156958007549,1454,0,supertrend,4h,1.8,"{""mult"": 3.5, ""period"": 7}",False,847.7271611950266,46.27716564520814,-95.72445700274183,1.0287714567680073,0.9323654525926831,33.94495412844037,109,0,94772716.11950266,AVAXUSDT
10,7,1714.478798807775,44.974078051821266,-95.33690416620676,1.040937509452768,0.9479534298741141,1263,1,supertrend,4h,2.0,"{""mult"": 3.5, ""period"": 7}",False,46163.622222345504,97.57605741253468,-71.40011396455917,1.2238621972936963,1.263046550919548,37.77777777777778,180,0,4626362222.23455,BTCUSDT
10,7,1714.478798807775,44.974078051821266,-95.33690416620676,1.040937509452768,0.9479534298741141,1263,1,supertrend,4h,2.0,"{""mult"": 3.5, ""period"": 7}",False,-100.0,-100.0,-100.0,0.0,-0.35913622281652524,0.0,1,0,0.0,ETHUSDT
10,7,1714.478798807775,44.974078051821266,-95.33690416620676,1.040937509452768,0.9479534298741141,1263,1,supertrend,4h,2.0,"{""mult"": 3.5, ""period"": 7}",False,43521.84769519331,99.65248911320333,-90.16904468629967,1.1800267853557147,1.1718564271103895,43.373493975903614,166,0,4362184769.519331,BNBUSDT
10,7,1714.478798807775,44.974078051821266,-95.33690416620676,1.040937509452768,0.9479534298741141,1263,1,supertrend,4h,2.0,"{""mult"": 3.5, ""period"": 7}",False,-38.44430941798256,-5.678538674140587,-97.99293112411284,0.9797549753468144,0.5424531360069946,30.82191780821918,146,0,6155569.058201744,XRPUSDT
10,7,1714.478798807775,44.974078051821266,-95.33690416620676,1.040937509452768,0.9479534298741141,1263,1,supertrend,4h,2.0,"{""mult"": 3.5, ""period"": 7}",False,223.81527974955455,15.115994224584917,-94.43052969609114,1.0360229046589462,0.7235119458277826,34.868421052631575,152,0,32381527.974955454,ADAUSDT
10,7,1714.478798807775,44.974078051821266,-95.33690416620676,1.040937509452768,0.9479534298741141,1263,1,supertrend,4h,2.0,"{""mult"": 3.5, ""period"": 7}",False,7453.715803207541,83.40071823152937,-96.24327863632239,1.0640553701950952,1.078488917420264,40.869565217391305,115,0,755371580.320754,DOGEUSDT
10,7,1714.478798807775,44.974078051821266,-95.33690416620676,1.040937509452768,0.9479534298741141,1263,1,supertrend,4h,2.0,"{""mult"": 3.5, ""period"": 7}",False,2992.827694265501,57.106574580688864,-92.9749790204771,1.0458521142465897,1.0013890760736024,37.857142857142854,140,0,309282769.4265501,LINKUSDT
10,7,1714.478798807775,44.974078051821266,-95.33690416620676,1.040937509452768,0.9479534298741141,1263,1,supertrend,4h,2.0,"{""mult"": 3.5, ""period"": 7}",False,-100.0,-100.0,-100.0,0.6531972209502928,0.28159046915227187,38.57142857142858,140,1,0.0,LTCUSDT
10,7,1714.478798807775,44.974078051821266,-95.33690416620676,1.040937509452768,0.9479534298741141,1263,1,supertrend,4h,2.0,"{""mult"": 3.5, ""period"": 7}",False,6357.493072100644,99.65403847671968,-93.24701535214818,1.104525052689681,1.2007787064932982,38.59649122807017,114,0,645749307.2100644,SOLUSDT
10,7,1714.478798807775,44.974078051821266,-95.33690416620676,1.040937509452768,0.9479534298741141,1263,1,supertrend,4h,2.0,"{""mult"": 3.5, ""period"": 7}",False,436.129903350049,32.84158152295367,-97.1265449204784,1.0169629015521482,0.8945177836746258,33.94495412844037,109,0,53612990.3350049,AVAXUSDT
10,9,3268.3008740184723,53.28339750268758,-75.22788617271775,1.2675048875393755,1.005623308442353,1441,0,supertrend,4h,1.0,"{""mult"": 3.5, ""period"": 10}",True,2081.178659041866,40.779961164574054,-52.4222098585311,1.347164855251324,1.0323234326747897,38.20224719101123,178,0,218117865.90418658,BTCUSDT
10,9,3268.3008740184723,53.28339750268758,-75.22788617271775,1.2675048875393755,1.005623308442353,1441,0,supertrend,4h,1.0,"{""mult"": 3.5, ""period"": 10}",True,3303.1787369226577,47.90319136846517,-67.78768378698773,1.342728156415622,0.9789231842099163,38.69047619047619,168,0,340317873.6922658,ETHUSDT
10,9,3268.3008740184723,53.28339750268758,-75.22788617271775,1.2675048875393755,1.005623308442353,1441,0,supertrend,4h,1.0,"{""mult"": 3.5, ""period"": 10}",True,6974.470443415728,62.33365463539799,-76.94203535488778,1.3628981100331967,1.0580106344198934,40.93567251461988,171,0,707447044.3415729,BNBUSDT
10,9,3268.3008740184723,53.28339750268758,-75.22788617271775,1.2675048875393755,1.005623308442353,1441,0,supertrend,4h,1.0,"{""mult"": 3.5, ""period"": 10}",True,371.5717655091671,20.545409883905897,-85.86489882815607,1.205462196941151,0.6107987186965536,29.86111111111111,144,0,47157176.55091672,XRPUSDT
10,9,3268.3008740184723,53.28339750268758,-75.22788617271775,1.2675048875393755,1.005623308442353,1441,0,supertrend,4h,1.0,"{""mult"": 3.5, ""period"": 10}",True,1228.7788635149993,36.33085012609496,-73.61945861884259,1.240925980964719,0.7951195923656919,36.0,150,0,132877886.35149994,ADAUSDT
10,9,3268.3008740184723,53.28339750268758,-75.22788617271775,1.2675048875393755,1.005623308442353,1441,0,supertrend,4h,1.0,"{""mult"": 3.5, ""period"": 10}",True,10776.453565374422,93.02138180398019,-76.83631372659292,1.2940837941140322,1.0842492178443197,39.63963963963964,111,0,1087645356.5374422,DOGEUSDT
10,9,3268.3008740184723,53.28339750268758,-75.22788617271775,1.2675048875393755,1.005623308442353,1441,0,supertrend,4h,1.0,"{""mult"": 3.5, ""period"": 10}",True,3233.4230111142865,58.66360363690999,-71.5448789001005,1.2050111360081477,0.9687790348671808,38.84892086330935,139,0,333342301.1114286,LINKUSDT
10,9,3268.3008740184723,53.28339750268758,-75.22788617271775,1.2675048875393755,1.005623308442353,1441,0,supertrend,4h,1.0,"{""mult"": 3.5, ""period"": 10}",True,-73.50940474411063,-14.175792473062588,-88.4784467266628,0.8719123577428333,0.07060852199388643,35.36585365853659,164,0,2649059.5255889366,LTCUSDT
10,9,3268.3008740184723,53.28339750268758,-75.22788617271775,1.2675048875393755,1.005623308442353,1441,0,supertrend,4h,1.0,"{""mult"": 3.5, ""period"": 10}",True,11006.46368728313,118.44797236531078,-69.29764345982845,1.4142725147858979,1.3314464815389295,40.909090909090914,110,0,1110646368.728313,SOLUSDT
10,9,3268.3008740184723,53.28339750268758,-75.22788617271775,1.2675048875393755,1.005623308442353,1441,0,supertrend,4h,1.0,"{""mult"": 3.5, ""period"": 10}",True,5099.27146500563,95.07424509563207,-76.9679164147521,1.1810765456612469,1.2143137684608503,34.90566037735849,106,0,519927146.5005629,AVAXUSDT
10,9,3866.1345924432862,56.387108794559836,-79.69895150785086,1.2216921725366938,1.0032702792055954,1441,0,supertrend,4h,1.15,"{""mult"": 3.5, ""period"": 10}",True,2784.919210292251,45.21653195506787,-57.52745717183241,1.3077635512537018,1.0293147196635035,38.20224719101123,178,0,288491921.0292251,BTCUSDT
10,9,3866.1345924432862,56.387108794559836,-79.69895150785086,1.2216921725366938,1.0032702792055954,1441,0,supertrend,4h,1.15,"{""mult"": 3.5, ""period"": 10}",True,3864.5505478858654,50.43025688451772,-75.26095290831262,1.3014038669749277,0.9710153681607642,38.69047619047619,168,0,396455054.7885865,ETHUSDT
10,9,3866.1345924432862,56.387108794559836,-79.69895150785086,1.2216921725366938,1.0032702792055954,1441,0,supertrend,4h,1.15,"{""mult"": 3.5, ""period"": 10}",True,9398.7091854546,67.86711821923357,-80.8732993423445,1.315338912928466,1.0663149025841838,40.93567251461988,171,0,949870918.54546,BNBUSDT
10,9,3866.1345924432862,56.387108794559836,-79.69895150785086,1.2216921725366938,1.0032702792055954,1441,0,supertrend,4h,1.15,"{""mult"": 3.5, ""period"": 10}",True,311.6570328140906,18.587998124867244,-90.0674852312588,1.156614073875587,0.5992832378802355,29.86111111111111,144,0,41165703.281409055,XRPUSDT
10,9,3866.1345924432862,56.387108794559836,-79.69895150785086,1.2216921725366938,1.0032702792055954,1441,0,supertrend,4h,1.15,"{""mult"": 3.5, ""period"": 10}",True,1231.2679278973342,36.361419825662544,-78.52460367335725,1.199011722071892,0.7869396970923742,36.0,150,0,133126792.78973341,ADAUSDT
10,9,3866.1345924432862,56.387108794559836,-79.69895150785086,1.2216921725366938,1.0032702792055954,1441,0,supertrend,4h,1.15,"{""mult"": 3.5, ""period"": 10}",True,14486.028087584427,101.13122533627563,-81.32270685704225,1.2443726230014953,1.1106113203939167,39.63963963963964,111,0,1458602808.7584426,DOGEUSDT
10,9,3866.1345924432862,56.387108794559836,-79.69895150785086,1.2216921725366938,1.0032702792055954,1441,0,supertrend,4h,1.15,"{""mult"": 3.5, ""period"": 10}",True,3867.718637000707,62.343960704601955,-76.76351375983353,1.1676921042669084,0.9772258387476872,38.84892086330935,139,0,396771863.70007074,LINKUSDT
10,9,3866.1345924432862,56.387108794559836,-79.69895150785086,1.2216921725366938,1.0032702792055954,1441,0,supertrend,4h,1.15,"{""mult"": 3.5, ""period"": 10}",True,-82.25162767411835,-18.041558072408613,-92.24747644067706,0.8561902734072679,0.07675435263559316,35.36585365853659,164,0,1774837.2325881645,LTCUSDT
10,9,3866.1345924432862,56.387108794559836,-79.69895150785086,1.2216921725366938,1.0032702792055954,1441,0,supertrend,4h,1.15,"{""mult"": 3.5, ""period"": 10}",True,14418.952095979072,128.37644818441723,-74.64458891212695,1.3508030595217138,1.3324762611935397,40.909090909090914,110,0,1451895209.597907,SOLUSDT
10,9,3866.1345924432862,56.387108794559836,-79.69895150785086,1.2216921725366938,1.0032702792055954,1441,0,supertrend,4h,1.15,"{""mult"": 3.5, ""period"": 10}",True,5138.386092521327,95.32166690147275,-81.7041133143404,1.1405949489179743,1.183697848393562,34.90566037735849,106,0,523838609.2521327,AVAXUSDT
10,9,4102.107105354966,57.53647372821885,-82.21207875682717,1.1954914253079902,1.0044366781082998,1441,0,supertrend,4h,1.25,"{""mult"": 3.5, ""period"": 10}",True,3300.712098553592,47.89129255400386,-60.645611060532964,1.2844091082983677,1.0268688792856613,38.20224719101123,178,0,340071209.8553592,BTCUSDT
10,9,4102.107105354966,57.53647372821885,-82.21207875682717,1.1954914253079902,1.0044366781082998,1441,0,supertrend,4h,1.25,"{""mult"": 3.5, ""period"": 10}",True,4012.833843365292,51.04442316981537,-79.90416210328294,1.2764959306840122,0.9648890053586127,38.69047619047619,168,0,411283384.3365292,ETHUSDT
10,9,4102.107105354966,57.53647372821885,-82.21207875682717,1.1954914253079902,1.0044366781082998,1441,0,supertrend,4h,1.25,"{""mult"": 3.5, ""period"": 10}",True,11092.294935976186,71.02951614443758,-83.12198376891385,1.2881151447380665,1.0707519857215726,40.93567251461988,171,0,1119229493.5976186,BNBUSDT
10,9,4102.107105354966,57.53647372821885,-82.21207875682717,1.1954914253079902,1.0044366781082998,1441,0,supertrend,4h,1.25,"{""mult"": 3.5, ""period"": 10}",True,262.334267139105,16.778491975399913,-92.2381360874804,1.1271769025525389,0.5915071115019351,29.86111111111111,144,0,36233426.7139105,XRPUSDT
10,9,4102.107105354966,57.53647372821885,-82.21207875682717,1.1954914253079902,1.0044366781082998,1441,0,supertrend,4h,1.25,"{""mult"": 3.5, ""period"": 10}",True,1179.7002089413154,35.71754957973346,-81.30217374474049,1.1745853644911621,0.7811418839088515,36.0,150,0,127970020.89413153,ADAUSDT
10,9,4102.107105354966,57.53647372821885,-82.21207875682717,1.1954914253079902,1.0044366781082998,1441,0,supertrend,4h,1.25,"{""mult"": 3.5, ""period"": 10}",True,17010.82808253483,105.68526684025414,-83.84955231007423,1.2163974861248186,1.1253289012367746,39.63963963963964,111,0,1711082808.253483,DOGEUSDT
10,9,4102.107105354966,57.53647372821885,-82.21207875682717,1.1954914253079902,1.0044366781082998,1441,0,supertrend,4h,1.25,"{""mult"": 3.5, ""period"": 10}",True,4191.380367344639,64.02852428662233,-79.74762582906423,1.1462592476567737,0.9820044769309386,38.84892086330935,139,0,429138036.7344639,LINKUSDT
10,9,4102.107105354966,57.53647372821885,-82.21207875682717,1.1954914253079902,1.0044366781082998,1441,0,supertrend,4h,1.25,"{""mult"": 3.5, ""period"": 10}",True,-86.78266342485698,-20.775069667955304,-94.10802047755212,0.844350210040077,0.08035008027442536,35.36585365853659,164,0,1321733.6575143023,LTCUSDT
10,9,4102.107105354966,57.53647372821885,-82.21207875682717,1.1954914253079902,1.0044366781082998,1441,0,supertrend,4h,1.25,"{""mult"": 3.5, ""period"": 10}",True,16588.03113190059,133.71300229504456,-77.73655900332673,1.3149212512331565,1.3323362063527215,40.909090909090914,110,0,1668803113.1900587,SOLUSDT
10,9,4102.107105354966,57.53647372821885,-82.21207875682717,1.1954914253079902,1.0044366781082998,1441,0,supertrend,4h,1.25,"{""mult"": 3.5, ""period"": 10}",True,4954.516559396017,94.14492402010859,-84.34945122056321,1.1189975796715341,1.1635404388622863,34.90566037735849,106,0,505451655.9396018,AVAXUSDT
10,9,4274.100557694032,58.44450211409212,-86.20648595327742,1.1613730797047574,1.0054135357968974,1441,0,supertrend,4h,1.4,"{""mult"": 3.5, ""period"": 10}",True,4117.626349354069,51.466693585843636,-64.93256847720257,1.2529685608523562,1.0226473308280621,38.20224719101123,178,0,421762634.93540686,BTCUSDT
10,9,4274.100557694032,58.44450211409212,-86.20648595327742,1.1613730797047574,1.0054135357968974,1441,0,supertrend,4h,1.4,"{""mult"": 3.5, ""period"": 10}",True,3735.8961522445043,49.880614056469554,-86.38355277158982,1.2421391936970636,0.9545733786152346,38.69047619047619,168,0,383589615.2244504,ETHUSDT
10,9,4274.100557694032,58.44450211409212,-86.20648595327742,1.1613730797047574,1.0054135357968974,1441,0,supertrend,4h,1.4,"{""mult"": 3.5, ""period"": 10}",True,13580.890078917724,74.98055881276859,-86.02941913496504,1.2524452096843173,1.0761681819901217,40.93567251461988,171,0,1368089007.8917725,BNBUSDT
10,9,4274.100557694032,58.44450211409212,-86.20648595327742,1.1613730797047574,1.0054135357968974,1441,0,supertrend,4h,1.4,"{""mult"": 3.5, ""period"": 10}",True,183.83356693284836,13.392994446821715,-94.73256009738205,1.0873389217654685,0.5798098119225105,29.86111111111111,144,0,28383356.693284836,XRPUSDT
10,9,4274.100557694032,58.44450211409212,-86.20648595327742,1.1613730797047574,1.0054135357968974,1441,0,supertrend,4h,1.4,"{""mult"": 3.5, ""period"": 10}",True,1038.4549572475478,33.829198747291464,-84.84410201760713,1.1422732868865508,0.7720977643677205,36.0,150,0,113845495.72475478,ADAUSDT
10,9,4274.100557694032,58.44450211409212,-86.20648595327742,1.1613730797047574,1.0054135357968974,1441,0,supertrend,4h,1.4,"{""mult"": 3.5, ""period"": 10}",True,20583.377868708933,111.2284203523417,-87.05822234895602,1.180472872522964,1.1439104658751156,39.63963963963964,111,0,2068337786.8708935,DOGEUSDT
10,9,4274.100557694032,58.44450211409212,-86.20648595327742,1.1613730797047574,1.0054135357968974,1441,0,supertrend,4h,1.4,"{""mult"": 3.5, ""period"": 10}",True,4476.265964941251,65.42231064234059,-83.5824776972183,1.1183346192219714,0.9881797407657326,38.84892086330935,139,0,457626596.49412507,LINKUSDT
10,9,4274.100557694032,58.44450211409212,-86.20648595327742,1.1613730797047574,1.0054135357968974,1441,0,supertrend,4h,1.4,"{""mult"": 3.5, ""period"": 10}",True,-91.85237465280429,-25.065429595795795,-96.15619801817333,0.8235241097661921,0.08507738006650671,35.36585365853659,164,0,814762.5347195704,LTCUSDT
10,9,4274.100557694032,58.44450211409212,-86.20648595327742,1.1613730797047574,1.0054135357968974,1441,0,supertrend,4h,1.4,"{""mult"": 3.5, ""period"": 10}",True,19366.86833837771,139.7616200143483,-81.75311700654572,1.2686971799797206,1.3311881866706687,40.909090909090914,110,0,1946686833.8377707,SOLUSDT
10,9,4274.100557694032,58.44450211409212,-86.20648595327742,1.1613730797047574,1.0054135357968974,1441,0,supertrend,4h,1.4,"{""mult"": 3.5, ""period"": 10}",True,4430.574766033996,90.58485931095048,-87.67155115087336,1.0926851944989135,1.1340616884133479,34.90566037735849,106,0,453057476.6033996,AVAXUSDT
10,9,3946.3836724493294,60.317901218311185,-89.81346165071221,1.123572126468797,1.0055796127620977,1441,0,supertrend,4h,1.6,"{""mult"": 3.5, ""period"": 10}",True,5213.541383389188,55.39898552178701,-69.99002200586482,1.2165322318123062,1.0161657005458438,38.20224719101123,178,0,531354138.3389188,BTCUSDT
10,9,3946.3836724493294,60.317901218311185,-89.81346165071221,1.123572126468797,1.0055796127620977,1441,0,supertrend,4h,1.6,"{""mult"": 3.5, ""period"": 10}",True,2214.498289649115,41.7097683872049,-94.16346523100123,1.1987950765730693,0.938967598625188,38.69047619047619,168,0,231449828.96491152,ETHUSDT
10,9,3946.3836724493294,60.317901218311185,-89.81346165071221,1.123572126468797,1.0055796127620977,1441,0,supertrend,4h,1.6,"{""mult"": 3.5, ""period"": 10}",True,16414.84124421515,78.76819894916764,-89.18526180368954,1.2123191002882079,1.0816526722493782,40.93567251461988,171,0,1651484124.421515,BNBUSDT
10,9,3946.3836724493294,60.317901218311185,-89.81346165071221,1.123572126468797,1.0055796127620977,1441,0,supertrend,4h,1.6,"{""mult"": 3.5, ""period"": 10}",True,86.49095167656704,7.79770290947146,-96.9667337726803,1.0419549045877081,0.5642896241449888,29.86111111111111,144,0,18649095.167656705,XRPUSDT
10,9,3946.3836724493294,60.317901218311185,-89.81346165071221,1.123572126468797,1.0055796127620977,1441,0,supertrend,4h,1.6,"{""mult"": 3.5, ""period"": 10}",True,779.5072757684924,29.75487195056985,-88.59973467062947,1.1057344850569932,0.7596323029962028,36.0,150,0,87950727.57684924,ADAUSDT
10,9,3946.3836724493294,60.317901218311185,-89.81346165071221,1.123572126468797,1.0055796127620977,1441,0,supertrend,4h,1.6,"{""mult"": 3.5, ""period"": 10}",True,24327.884687776794,116.21559217846081,-90.44166149773488,1.141409767880601,1.1634105622545916,39.63963963963964,111,0,2442788468.7776794,DOGEUSDT
10,9,3946.3836724493294,60.317901218311185,-89.81346165071221,1.123572126468797,1.0055796127620977,1441,0,supertrend,4h,1.6,"{""mult"": 3.5, ""period"": 10}",True,4437.429110621305,65.23681691483536,-87.68172146973188,1.0876595767525923,0.9949935249783516,38.84892086330935,139,0,453742911.0621305,LINKUSDT
10,9,3946.3836724493294,60.317901218311185,-89.81346165071221,1.123572126468797,1.0055796127620977,1441,0,supertrend,4h,1.6,"{""mult"": 3.5, ""period"": 10}",True,-96.04759604661524,-31.051028608766707,-97.92023043878086,0.7875359640532044,0.09028680945944678,35.36585365853659,164,0,395240.39533847565,LTCUSDT
10,9,3946.3836724493294,60.317901218311185,-89.81346165071221,1.123572126468797,1.0055796127620977,1441,0,supertrend,4h,1.6,"{""mult"": 3.5, ""period"": 10}",True,21624.345142948907,144.16566705304575,-86.11025441488307,1.2182301802325484,1.3283474714648178,40.909090909090914,110,0,2172434514.294891,SOLUSDT
10,9,3946.3836724493294,60.317901218311185,-89.81346165071221,1.123572126468797,1.0055796127620977,1441,0,supertrend,4h,1.6,"{""mult"": 3.5, ""period"": 10}",True,3455.338234277354,82.92992114338966,-91.10805701597762,1.0661238406406386,1.0965150098274963,34.90566037735849,106,0,355533823.4277354,AVAXUSDT
10,8,3190.055770468237,60.60607498895264,-92.34638248940489,1.0690927040105354,1.0047675815904697,1274,0,supertrend,4h,1.8,"{""mult"": 3.5, ""period"": 10}",False,6198.445015558096,58.358899925311135,-74.51534402731042,1.1851079672756821,1.008907321038987,38.20224719101123,178,0,629844501.5558096,BTCUSDT
10,8,3190.055770468237,60.60607498895264,-92.34638248940489,1.0690927040105354,1.0047675815904697,1274,0,supertrend,4h,1.8,"{""mult"": 3.5, ""period"": 10}",False,-100.0,-100.0,-100.0,0.0,-0.4171398733789255,0.0,1,0,0.0,ETHUSDT
10,8,3190.055770468237,60.60607498895264,-92.34638248940489,1.0690927040105354,1.0047675815904697,1274,0,supertrend,4h,1.8,"{""mult"": 3.5, ""period"": 10}",False,18204.22464980101,80.87244445939841,-91.67814316822208,1.1785965461466155,1.0856936192616045,40.93567251461988,171,0,1830422464.980101,BNBUSDT
10,8,3190.055770468237,60.60607498895264,-92.34638248940489,1.0690927040105354,1.0047675815904697,1274,0,supertrend,4h,1.8,"{""mult"": 3.5, ""period"": 10}",False,10.355122401875994,1.1942286122819334,-98.32687630837195,1.0053143261774609,0.5489515348282163,29.86111111111111,144,0,11035512.240187598,XRPUSDT
10,8,3190.055770468237,60.60607498895264,-92.34638248940489,1.0690927040105354,1.0047675815904697,1274,0,supertrend,4h,1.8,"{""mult"": 3.5, ""period"": 10}",False,508.1269221093611,24.143977184796018,-91.47707235065022,1.0749763711154876,0.7469295160757612,36.0,150,0,60812692.21093611,ADAUSDT
10,8,3190.055770468237,60.60607498895264,-92.34638248940489,1.0690927040105354,1.0047675815904697,1274,0,supertrend,4h,1.8,"{""mult"": 3.5, ""period"": 10}",False,26219.026434627216,118.48854376904225,-93.0146218105877,1.1100917436280016,1.1782043271205374,39.63963963963964,111,0,2631902643.462722,DOGEUSDT
10,8,3190.055770468237,60.60607498895264,-92.34638248940489,1.0690927040105354,1.0047675815904697,1274,0,supertrend,4h,1.8,"{""mult"": 3.5, ""period"": 10}",False,3963.25512621872,62.85325005259415,-90.84002206553971,1.063209036905583,1.0006278421419528,38.84892086330935,139,0,406325512.621872,LINKUSDT
10,8,3190.055770468237,60.60607498895264,-92.34638248940489,1.0690927040105354,1.0047675815904697,1274,0,supertrend,4h,1.8,"{""mult"": 3.5, ""period"": 10}",False,-98.24984188316502,-37.22097390413806,-99.13991205813197,0.7381389846965846,0.09442156837967383,35.36585365853659,164,0,175015.81168349888,LTCUSDT
10,8,3190.055770468237,60.60607498895264,-92.34638248940489,1.0690927040105354,1.0047675815904697,1274,0,supertrend,4h,1.8,"{""mult"": 3.5, ""period"": 10}",False,21782.7934957962,144.46020292326455,-89.52287556136069,1.1775338566152898,1.3244446543863333,40.909090909090914,110,0,2188279349.57962,SOLUSDT
10,8,3190.055770468237,60.60607498895264,-92.34638248940489,1.0690927040105354,1.0047675815904697,1274,0,supertrend,4h,1.8,"{""mult"": 3.5, ""period"": 10}",False,2416.8564147177544,72.5492069105786,-93.6537835702335,1.0465782787713864,1.061118280780585,34.90566037735849,106,0,251685641.47177544,AVAXUSDT
10,7,2358.0389502275184,59.26506981220936,-94.53201631257934,1.0462361558991047,1.0032382694436595,1254,1,supertrend,4h,2.0,"{""mult"": 3.5, ""period"": 10}",False,6944.413741708839,60.33797611696479,-78.44357211914172,1.157720511722144,1.0010393493402416,38.20224719101123,178,0,704441374.1708839,BTCUSDT
10,7,2358.0389502275184,59.26506981220936,-94.53201631257934,1.0462361558991047,1.0032382694436595,1254,1,supertrend,4h,2.0,"{""mult"": 3.5, ""period"": 10}",False,-100.0,-100.0,-100.0,0.0,-0.42493268232531023,0.0,1,0,0.0,ETHUSDT
10,7,2358.0389502275184,59.26506981220936,-94.53201631257934,1.0462361558991047,1.0032382694436595,1254,1,supertrend,4h,2.0,"{""mult"": 3.5, ""period"": 10}",False,18603.455964567398,81.31692075002125,-93.64313858881481,1.1497752325986912,1.0886741138747682,40.93567251461988,171,0,1870345596.4567397,BNBUSDT
10,7,2358.0389502275184,59.26506981220936,-94.53201631257934,1.0462361558991047,1.0032382694436595,1254,1,supertrend,4h,2.0,"{""mult"": 3.5, ""period"": 10}",False,-41.13878495992326,-6.185824853476962,-99.11982401780435,0.9772505035039841,0.5338202857661603,29.86111111111111,144,0,5886121.504007675,XRPUSDT
10,7,2358.0389502275184,59.26506981220936,-94.53201631257934,1.0462361558991047,1.0032382694436595,1254,1,supertrend,4h,2.0,"{""mult"": 3.5, ""period"": 10}",False,277.96125949976454,17.2682656500021,-93.67231490715804,1.048455458444534,0.7341479100241077,36.0,150,0,37796125.94997645,ADAUSDT
10,7,2358.0389502275184,59.26506981220936,-94.53201631257934,1.0462361558991047,1.0032382694436595,1254,1,supertrend,4h,2.0,"{""mult"": 3.5, ""period"": 10}",False,25907.80579842488,118.12435188932575,-94.95790146173498,1.0847635750554947,1.1893719153985174,39.63963963963964,111,0,2600780579.842488,DOGEUSDT
10,7,2358.0389502275184,59.26506981220936,-94.53201631257934,1.0462361558991047,1.0032382694436595,1254,1,supertrend,4h,2.0,"{""mult"": 3.5, ""period"": 10}",False,3201.6364333409124,58.46360257612287,-94.10613116342373,1.0440168533536751,1.005437189547077,38.84892086330935,139,0,330163643.33409125,LINKUSDT
10,7,2358.0389502275184,59.26506981220936,-94.53201631257934,1.0462361558991047,1.0032382694436595,1254,1,supertrend,4h,2.0,"{""mult"": 3.5, ""period"": 10}",False,-100.0,-100.0,-100.0,0.6688675514300022,0.1792778376763927,38.19444444444444,144,1,0.0,LTCUSDT
10,7,2358.0389502275184,59.26506981220936,-94.53201631257934,1.0462361558991047,1.0032382694436595,1254,1,supertrend,4h,2.0,"{""mult"": 3.5, ""period"": 10}",False,19894.5746136917,140.8278440285021,-92.17271932235919,1.1443406017698692,1.319808771231763,40.909090909090914,110,0,1999457461.3691702,SOLUSDT
10,7,2358.0389502275184,59.26506981220936,-94.53201631257934,1.0462361558991047,1.0032382694436595,1254,1,supertrend,4h,2.0,"{""mult"": 3.5, ""period"": 10}",False,1514.4414671141244,60.06653704829586,-95.52099702178015,1.0320282190713177,1.027818972955418,34.90566037735849,106,0,161444146.71141246,AVAXUSDT
10,9,3537.5653855430273,51.551546160379324,-67.6816983202788,1.2828999860629375,0.9687264107322813,1397,0,donchian,1h,1.0,"{""entry_n"": 160, ""exit_n"": 80}",True,5275.138354322116,55.595239770830894,-45.7603639142484,1.6824231000633947,1.2924241509287495,40.52287581699346,153,0,537513835.4322116,BTCUSDT
10,9,3537.5653855430273,51.551546160379324,-67.6816983202788,1.2828999860629375,0.9687264107322813,1397,0,donchian,1h,1.0,"{""entry_n"": 160, ""exit_n"": 80}",True,1422.8453670260628,35.276452494007174,-55.92245059659735,1.271218638481715,0.8447800817354385,37.64705882352941,170,0,152284536.7026063,ETHUSDT
10,9,3537.5653855430273,51.551546160379324,-67.6816983202788,1.2828999860629375,0.9687264107322813,1397,0,donchian,1h,1.0,"{""entry_n"": 160, ""exit_n"": 80}",True,4396.363548651043,54.17652092212726,-66.83210879116248,1.3143151649825924,0.9977057713572427,37.19512195121951,164,0,449636354.8651043,BNBUSDT
10,9,3537.5653855430273,51.551546160379324,-67.6816983202788,1.2828999860629375,0.9687264107322813,1397,0,donchian,1h,1.0,"{""entry_n"": 160, ""exit_n"": 80}",True,501.9546905939246,24.142324228841883,-78.08070192950889,1.2034594561084209,0.6577511720883829,28.169014084507044,142,0,60195469.05939247,XRPUSDT
10,9,3537.5653855430273,51.551546160379324,-67.6816983202788,1.2828999860629375,0.9687264107322813,1397,0,donchian,1h,1.0,"{""entry_n"": 160, ""exit_n"": 80}",True,2678.7672224350113,48.92657139863139,-55.989563617123835,1.3258414797253866,0.93974705010732,42.857142857142854,147,0,277876722.2435011,ADAUSDT
10,9,3537.5653855430273,51.551546160379324,-67.6816983202788,1.2828999860629375,0.9687264107322813,1397,0,donchian,1h,1.0,"{""entry_n"": 160, ""exit_n"": 80}",True,13984.552413466588,100.14012535146732,-76.93152628142444,1.2945813336441598,1.1927196153873578,42.10526315789473,114,0,1408455241.3466587,DOGEUSDT
10,9,3537.5653855430273,51.551546160379324,-67.6816983202788,1.2828999860629375,0.9687264107322813,1397,0,donchian,1h,1.0,"{""entry_n"": 160, ""exit_n"": 80}",True,1311.1437827039279,41.68710340277286,-72.37995613326251,1.2225793497564326,0.8469102905295761,39.71631205673759,141,0,141114378.27039278,LINKUSDT
10,9,3537.5653855430273,51.551546160379324,-67.6816983202788,1.2828999860629375,0.9687264107322813,1397,0,donchian,1h,1.0,"{""entry_n"": 160, ""exit_n"": 80}",True,-54.92305481404838,-8.76167043419831,-87.867426438902,0.9308471475887417,0.1269683261960951,37.423312883435585,163,0,4507694.518595162,LTCUSDT
10,9,3537.5653855430273,51.551546160379324,-67.6816983202788,1.2828999860629375,0.9687264107322813,1397,0,donchian,1h,1.0,"{""entry_n"": 160, ""exit_n"": 80}",True,6671.880570842704,101.23211076272254,-63.6662730217705,1.3254308634159024,1.2843735748692142,42.857142857142854,105,0,677188057.0842705,SOLUSDT
10,9,3537.5653855430273,51.551546160379324,-67.6816983202788,1.2828999860629375,0.9687264107322813,1397,0,donchian,1h,1.0,"{""entry_n"": 160, ""exit_n"": 80}",True,4943.208957396627,94.06891974961931,-68.53128784939511,1.26128382497021,1.254861937946509,38.775510204081634,98,0,504320895.73966265,AVAXUSDT
10,9,4597.630193929047,56.014468592438874,-72.63423754787357,1.2398655592929346,0.9778706252023519,1397,0,donchian,1h,1.15,"{""entry_n"": 160, ""exit_n"": 80}",True,8060.442182048523,62.97283195624457,-50.11978950773508,1.6266280583024397,1.2977261698351952,40.52287581699346,153,0,816044218.2048522,BTCUSDT
10,9,4597.630193929047,56.014468592438874,-72.63423754787357,1.2398655592929346,0.9778706252023519,1397,0,donchian,1h,1.15,"{""entry_n"": 160, ""exit_n"": 80}",True,1749.7203242898177,38.22685587673915,-61.16243887182205,1.2364160614815976,0.848981316232227,37.64705882352941,170,0,184972032.42898178,ETHUSDT
10,9,4597.630193929047,56.014468592438874,-72.63423754787357,1.2398655592929346,0.9778706252023519,1397,0,donchian,1h,1.15,"{""entry_n"": 160, ""exit_n"": 80}",True,5859.855652379784,59.19840404573631,-71.36022743054039,1.2661783549973187,1.0088344386309098,37.19512195121951,164,0,595985565.2379785,BNBUSDT
10,9,4597.630193929047,56.014468592438874,-72.63423754787357,1.2398655592929346,0.9778706252023519,1397,0,donchian,1h,1.15,"{""entry_n"": 160, ""exit_n"": 80}",True,427.81602820641814,22.192027301252825,-83.16969735815726,1.155603944193406,0.6408413589741168,28.169014084507044,142,0,52781602.820641816,XRPUSDT
10,9,4597.630193929047,56.014468592438874,-72.63423754787357,1.2398655592929346,0.9778706252023519,1397,0,donchian,1h,1.15,"{""entry_n"": 160, ""exit_n"": 80}",True,3348.7259784961125,52.83053313914144,-63.02742542988249,1.2792426822453267,0.9469068117737941,42.857142857142854,147,0,344872597.8496113,ADAUSDT
10,9,4597.630193929047,56.014468592438874,-72.63423754787357,1.2398655592929346,0.9778706252023519,1397,0,donchian,1h,1.15,"{""entry_n"": 160, ""exit_n"": 80}",True,19209.982693408765,109.19540410064084,-81.24163924816004,1.2433150571042715,1.2150426541256567,42.10526315789473,114,0,1930998269.3408766,DOGEUSDT
10,9,4597.630193929047,56.014468592438874,-72.63423754787357,1.2398655592929346,0.9778706252023519,1397,0,donchian,1h,1.15,"{""entry_n"": 160, ""exit_n"": 80}",True,1504.1765291858294,44.098742594999486,-77.79294893990605,1.1854541816223099,0.856989553247401,39.71631205673759,141,0,160417652.91858295,LINKUSDT
10,9,4597.630193929047,56.014468592438874,-72.63423754787357,1.2398655592929346,0.9778706252023519,1397,0,donchian,1h,1.15,"{""entry_n"": 160, ""exit_n"": 80}",True,-65.17001803491023,-11.429661752650865,-91.60493153046217,0.9268146384760675,0.1377832646564503,37.423312883435585,163,0,3482998.196508977,LTCUSDT
10,9,4597.630193929047,56.014468592438874,-72.63423754787357,1.2398655592929346,0.9778706252023519,1397,0,donchian,1h,1.15,"{""entry_n"": 160, ""exit_n"": 80}",True,8892.803313856612,110.92722427704192,-69.11024822907328,1.271764297094554,1.2888287248649668,42.857142857142854,105,0,899280331.385661,SOLUSDT
10,9,4597.630193929047,56.014468592438874,-72.63423754787357,1.2398655592929346,0.9778706252023519,1397,0,donchian,1h,1.15,"{""entry_n"": 160, ""exit_n"": 80}",True,5846.5344093619815,99.55263163364283,-73.90824766520674,1.212704169977742,1.2411112730417708,38.775510204081634,98,0,594653440.9361981,AVAXUSDT
10,9,5032.285197027269,58.52527408740252,-75.52924154603781,1.2151777582994912,0.9832208380475539,1397,0,donchian,1h,1.25,"{""entry_n"": 160, ""exit_n"": 80}",True,10465.977623265573,67.71193847300701,-52.8042930796488,1.5934384150341365,1.3003786304586993,40.52287581699346,153,0,1056597762.3265573,BTCUSDT
10,9,5032.285197027269,58.52527408740252,-75.52924154603781,1.2151777582994912,0.9832208380475539,1397,0,donchian,1h,1.25,"{""entry_n"": 160, ""exit_n"": 80}",True,1952.3591135429392,39.83045498736693,-64.32831830971597,1.215649741211727,0.8508557763615401,37.64705882352941,170,0,205235911.3542939,ETHUSDT
10,9,5032.285197027269,58.52527408740252,-75.52924154603781,1.2151777582994912,0.9832208380475539,1397,0,donchian,1h,1.25,"{""entry_n"": 160, ""exit_n"": 80}",True,6898.7737370764125,62.1351259098694,-74.02091494719988,1.239100517622938,1.0153335491153535,37.19512195121951,164,0,699877373.7076412,BNBUSDT
10,9,5032.285197027269,58.52527408740252,-75.52924154603781,1.2151777582994912,0.9832208380475539,1397,0,donchian,1h,1.25,"{""entry_n"": 160, ""exit_n"": 80}",True,364.1617390972019,20.314683530335675,-85.99306058214496,1.1273286932861983,0.6290500598310258,28.169014084507044,142,0,46416173.90972019,XRPUSDT
10,9,5032.285197027269,58.52527408740252,-75.52924154603781,1.2151777582994912,0.9832208380475539,1397,0,donchian,1h,1.25,"{""entry_n"": 160, ""exit_n"": 80}",True,3761.7010335745376,54.91542226493564,-67.30301229094677,1.2517625100299834,0.9511081269797543,42.857142857142854,147,0,386170103.35745376,ADAUSDT
10,9,5032.285197027269,58.52527408740252,-75.52924154603781,1.2151777582994912,0.9832208380475539,1397,0,donchian,1h,1.25,"{""entry_n"": 160, ""exit_n"": 80}",True,22940.24491631568,114.44161972967359,-83.66069255846234,1.2147057753872552,1.227176832555343,42.10526315789473,114,0,2304024491.631568,DOGEUSDT
10,9,5032.285197027269,58.52527408740252,-75.52924154603781,1.2151777582994912,0.9832208380475539,1397,0,donchian,1h,1.25,"{""entry_n"": 160, ""exit_n"": 80}",True,1594.432054746445,45.14081355352606,-80.87800580108224,1.163632967770146,0.8628866261830737,39.71631205673759,141,0,169443205.4746445,LINKUSDT
10,9,5032.285197027269,58.52527408740252,-75.52924154603781,1.2151777582994912,0.9832208380475539,1397,0,donchian,1h,1.25,"{""entry_n"": 160, ""exit_n"": 80}",True,-71.22562112256877,-13.355143370350397,-93.4834336674933,0.924578142575557,0.14437030047274121,37.423312883435585,163,0,2877437.887743123,LTCUSDT
10,9,5032.285197027269,58.52527408740252,-75.52924154603781,1.2151777582994912,0.9832208380475539,1397,0,donchian,1h,1.25,"{""entry_n"": 160, ""exit_n"": 80}",True,10373.16063791729,116.32749128462198,-72.3353153679742,1.2416010539325415,1.2906508935976853,42.857142857142854,105,0,1047316063.791729,SOLUSDT
10,9,5032.285197027269,58.52527408740252,-75.52924154603781,1.2151777582994912,0.9832208380475539,1397,0,donchian,1h,1.25,"{""entry_n"": 160, ""exit_n"": 80}",True,6302.86936048,102.06351906239206,-77.03756814487575,1.1858889987168888,1.2314829294226521,38.775510204081634,98,0,640286936.048,AVAXUSDT
10,9,5495.408098477755,61.596712725215866,-79.34065173149219,1.1828920783237602,0.9903815423827776,1397,0,donchian,1h,1.4,"{""entry_n"": 160, ""exit_n"": 80}",True,15033.166947977013,74.53208470563366,-56.53592508177708,1.5485106849555759,1.3032515066809653,40.52287581699346,153,0,1513316694.7977014,BTCUSDT
10,9,5495.408098477755,61.596712725215866,-79.34065173149219,1.1828920783237602,0.9903815423827776,1397,0,donchian,1h,1.4,"{""entry_n"": 160, ""exit_n"": 80}",True,2211.9170827489525,41.690348634123396,-68.63266509805037,1.1875612094992314,0.8524912408910141,37.64705882352941,170,0,231191708.27489522,ETHUSDT
10,9,5495.408098477755,61.596712725215866,-79.34065173149219,1.1828920783237602,0.9903815423827776,1397,0,donchian,1h,1.4,"{""entry_n"": 160, ""exit_n"": 80}",True,8474.28681089158,65.92331637525857,-77.55441764657974,1.2042619705000164,1.0240524985445656,37.19512195121951,164,0,857428681.089158,BNBUSDT
10,9,5495.408098477755,61.596712725215866,-79.34065173149219,1.1828920783237602,0.9903815423827776,1397,0,donchian,1h,1.4,"{""entry_n"": 160, ""exit_n"": 80}",True,260.83756932718694,16.71952396619709,-89.48751602288813,1.089620142880316,0.6107940030203819,28.169014084507044,142,0,36083756.932718694,XRPUSDT
10,9,5495.408098477755,61.596712725215866,-79.34065173149219,1.1828920783237602,0.9903815423827776,1397,0,donchian,1h,1.4,"{""entry_n"": 160, ""exit_n"": 80}",True,4279.921344080314,57.27010907517316,-73.07556046021692,1.2149731832159023,0.9567105862209897,42.857142857142854,147,0,437992134.40803146,ADAUSDT
10,9,5495.408098477755,61.596712725215866,-79.34065173149219,1.1828920783237602,0.9903815423827776,1397,0,donchian,1h,1.4,"{""entry_n"": 160, ""exit_n"": 80}",True,28580.07359148844,121.1284893886674,-86.72779073502616,1.1782229471482888,1.2421170267039925,42.10526315789473,114,0,2868007359.1488442,DOGEUSDT
10,9,5495.408098477755,61.596712725215866,-79.34065173149219,1.1828920783237602,0.9903815423827776,1397,0,donchian,1h,1.4,"{""entry_n"": 160, ""exit_n"": 80}",True,1660.0887212299886,45.86899582118797,-84.82080347192189,1.134574568058684,0.8707091052146451,39.71631205673759,141,0,176008872.12299883,LINKUSDT
10,9,5495.408098477755,61.596712725215866,-79.34065173149219,1.1828920783237602,0.9903815423827776,1397,0,donchian,1h,1.4,"{""entry_n"": 160, ""exit_n"": 80}",True,-78.9997434503735,-16.439296942895144,-95.59609785321899,0.921620587828634,0.15340002343560646,37.423312883435585,163,0,2100025.654962651,LTCUSDT
10,9,5495.408098477755,61.596712725215866,-79.34065173149219,1.1828920783237602,0.9903815423827776,1397,0,donchian,1h,1.4,"{""entry_n"": 160, ""exit_n"": 80}",True,12395.90633695897,122.75827998743512,-76.63066957713286,1.2029033079339553,1.2919893830212938,42.857142857142854,105,0,1249590633.6958969,SOLUSDT
10,9,5495.408098477755,61.596712725215866,-79.34065173149219,1.1828920783237602,0.9903815423827776,1397,0,donchian,1h,1.4,"{""entry_n"": 160, ""exit_n"": 80}",True,6710.894852875195,104.18565685953061,-81.12688581640462,1.15212202956204,1.2167304028032147,38.775510204081634,98,0,681089485.2875195,AVAXUSDT
10,9,5697.445754438208,64.40601525631284,-83.56932152887806,1.1469058684514943,0.9986962549248701,1397,0,donchian,1h,1.6,"{""entry_n"": 160, ""exit_n"": 80}",True,23148.162887925726,83.0475471203869,-61.60637101954938,1.4959109062794365,1.3053678750917364,40.52287581699346,153,0,2324816288.7925725,BTCUSDT
10,9,5697.445754438208,64.40601525631284,-83.56932152887806,1.1469058684514943,0.9986962549248701,1397,0,donchian,1h,1.6,"{""entry_n"": 160, ""exit_n"": 80}",True,2437.2504360206217,43.16006368676373,-73.62981079630751,1.154909147468907,0.8528454700346993,37.64705882352941,170,0,253725043.6020622,ETHUSDT
10,9,5697.445754438208,64.40601525631284,-83.56932152887806,1.1469058684514943,0.9986962549248701,1397,0,donchian,1h,1.6,"{""entry_n"": 160, ""exit_n"": 80}",True,10417.04875129298,69.82313659680005,-81.54209716644796,1.1661037875780875,1.0342670453321798,37.19512195121951,164,0,1051704875.129298,BNBUSDT
10,9,5697.445754438208,64.40601525631284,-83.56932152887806,1.1469058684514943,0.9986962549248701,1397,0,donchian,1h,1.6,"{""entry_n"": 160, ""exit_n"": 80}",True,131.4547225236912,10.639434150740957,-92.98674528648093,1.0470428332171913,0.5856673312930756,28.169014084507044,142,0,23145472.25236912,XRPUSDT
10,9,5697.445754438208,64.40601525631284,-83.56932152887806,1.1469058684514943,0.9986962549248701,1397,0,donchian,1h,1.6,"{""entry_n"": 160, ""exit_n"": 80}",True,4695.905462696021,58.98889391582563,-79.5941156228069,1.1727824710581647,0.9631254645175603,42.857142857142854,147,0,479590546.26960206,ADAUSDT
10,9,5697.445754438208,64.40601525631284,-83.56932152887806,1.1469058684514943,0.9986962549248701,1397,0,donchian,1h,1.6,"{""entry_n"": 160, ""exit_n"": 80}",True,35409.28353609876,127.85226637387707,-89.96539714338306,1.1389025894340816,1.2572632575383165,42.10526315789473,114,0,3550928353.6098757,DOGEUSDT
10,9,5697.445754438208,64.40601525631284,-83.56932152887806,1.1469058684514943,0.9986962549248701,1397,0,donchian,1h,1.6,"{""entry_n"": 160, ""exit_n"": 80}",True,1610.795433203736,45.324558138748536,-88.9880090858677,1.1016782704639887,0.8795522353779531,39.71631205673759,141,0,171079543.3203736,LINKUSDT
10,9,5697.445754438208,64.40601525631284,-83.56932152887806,1.1469058684514943,0.9986962549248701,1397,0,donchian,1h,1.6,"{""entry_n"": 160, ""exit_n"": 80}",True,-86.9143925753116,-20.866337962644078,-97.44706313492077,0.9178764996989233,0.16400050513572595,37.423312883435585,163,0,1308560.7424688411,LTCUSDT
10,9,5697.445754438208,64.40601525631284,-83.56932152887806,1.1469058684514943,0.9986962549248701,1397,0,donchian,1h,1.6,"{""entry_n"": 160, ""exit_n"": 80}",True,14318.641513990871,128.11037716283926,-81.4644737915165,1.1608258335948587,1.2916716216969666,42.857142857142854,105,0,1441864151.3990872,SOLUSDT
10,9,5697.445754438208,64.40601525631284,-83.56932152887806,1.1469058684514943,0.9986962549248701,1397,0,donchian,1h,1.6,"{""entry_n"": 160, ""exit_n"": 80}",True,6698.986046180395,104.12523540205983,-85.59654589130817,1.1164242458372242,1.1969644593190785,38.775510204081634,98,0,679898604.6180395,AVAXUSDT
10,9,5423.4080417912155,65.77222646614065,-87.27321204158625,1.1172526936030942,1.005992665926088,1380,1,donchian,1h,1.8,"{""entry_n"": 160, ""exit_n"": 80}",False,33767.087105866274,90.85030132887523,-66.40917387028084,1.4498703969505515,1.3059002593761584,40.52287581699346,153,0,3386708710.586627,BTCUSDT
10,9,5423.4080417912155,65.77222646614065,-87.27321204158625,1.1172526936030942,1.005992665926088,1380,1,donchian,1h,1.8,"{""entry_n"": 160, ""exit_n"": 80}",False,2492.023037721544,43.49971989316679,-77.887644445086,1.126810912463688,0.8515372775452213,37.64705882352941,170,0,259202303.7721544,ETHUSDT
10,9,5423.4080417912155,65.77222646614065,-87.27321204158625,1.1172526936030942,1.005992665926088,1380,1,donchian,1h,1.8,"{""entry_n"": 160, ""exit_n"": 80}",False,11912.904708971762,72.4116370729234,-84.8462250030539,1.1350437404578229,1.0433846971479965,37.19512195121951,164,0,1201290470.8971763,BNBUSDT
10,9,5423.4080417912155,65.77222646614065,-87.27321204158625,1.1172526936030942,1.005992665926088,1380,1,donchian,1h,1.8,"{""entry_n"": 160, ""exit_n"": 80}",False,30.88341794893563,3.295633593405678,-95.98981918122001,1.0121710447113677,0.559867657453828,28.169014084507044,142,0,13088341.794893563,XRPUSDT
10,9,5423.4080417912155,65.77222646614065,-87.27321204158625,1.1172526936030942,1.005992665926088,1380,1,donchian,1h,1.8,"{""entry_n"": 160, ""exit_n"": 80}",False,4732.265297239775,59.132815859357905,-84.84913052702021,1.1370581223657654,0.9686006347041795,42.857142857142854,147,0,483226529.7239775,ADAUSDT
10,9,5423.4080417912155,65.77222646614065,-87.27321204158625,1.1172526936030942,1.005992665926088,1380,1,donchian,1h,1.8,"{""entry_n"": 160, ""exit_n"": 80}",False,40419.15728176253,132.10876999971947,-92.44261596011017,1.1076944747425006,1.2682895940319228,42.10526315789473,114,0,4051915728.176253,DOGEUSDT
10,9,5423.4080417912155,65.77222646614065,-87.27321204158625,1.1172526936030942,1.005992665926088,1380,1,donchian,1h,1.8,"{""entry_n"": 160, ""exit_n"": 80}",False,1423.913067744147,43.12834917507678,-92.14019899186319,1.0745288896220953,0.8869048933846048,39.71631205673759,141,0,152391306.7744147,LINKUSDT
10,9,5423.4080417912155,65.77222646614065,-87.27321204158625,1.1172526936030942,1.005992665926088,1380,1,donchian,1h,1.8,"{""entry_n"": 160, ""exit_n"": 80}",False,-100.0,-100.0,-100.0,0.9069915313508663,0.1738495678839838,39.726027397260275,146,1,0.0,LTCUSDT
10,9,5423.4080417912155,65.77222646614065,-87.27321204158625,1.1172526936030942,1.005992665926088,1380,1,donchian,1h,1.8,"{""entry_n"": 160, ""exit_n"": 80}",False,14938.76159766532,129.70941900423142,-85.4231848870117,1.1270167801757929,1.2894578703602306,42.857142857142854,105,0,1503876159.766532,SOLUSDT
10,9,5423.4080417912155,65.77222646614065,-87.27321204158625,1.1172526936030942,1.005992665926088,1380,1,donchian,1h,1.8,"{""entry_n"": 160, ""exit_n"": 80}",False,6114.550786342656,101.04595180054132,-89.12323919616078,1.0887393265545209,1.1774800193535617,38.775510204081634,98,0,621455078.6342655,AVAXUSDT
10,8,4766.630729434562,65.73857603938994,-90.42788058721695,1.0911429308267344,1.0125888167797266,1380,1,donchian,1h,2.0,"{""entry_n"": 160, ""exit_n"": 80}",False,46837.379037231905,97.88815398077185,-70.73572447124772,1.409009258193917,1.3051557086045382,40.52287581699346,153,0,4693737903.72319,BTCUSDT
10,8,4766.630729434562,65.73857603938994,-90.42788058721695,1.0911429308267344,1.0125888167797266,1380,1,donchian,1h,2.0,"{""entry_n"": 160, ""exit_n"": 80}",False,2372.6556438806588,42.75101816151241,-81.50944816505408,1.1025503992958512,0.8489436696662718,37.64705882352941,170,0,247265564.3880659,ETHUSDT
10,8,4766.630729434562,65.73857603938994,-90.42788058721695,1.0911429308267344,1.0125888167797266,1380,1,donchian,1h,2.0,"{""entry_n"": 160, ""exit_n"": 80}",False,12725.348762169182,73.69990140220224,-87.58885840304647,1.1093608222146962,1.0518235613830884,37.19512195121951,164,0,1282534876.2169182,BNBUSDT
10,8,4766.630729434562,65.73857603938994,-90.42788058721695,1.0911429308267344,1.0125888167797266,1380,1,donchian,1h,2.0,"{""entry_n"": 160, ""exit_n"": 80}",False,-35.4691483330751,-5.140406795677976,-97.91437811204648,0.9840050041955579,0.5334937736893466,28.169014084507044,142,0,6453085.166692491,XRPUSDT
10,8,4766.630729434562,65.73857603938994,-90.42788058721695,1.0911429308267344,1.0125888167797266,1380,1,donchian,1h,2.0,"{""entry_n"": 160, ""exit_n"": 80}",False,4399.222643148273,57.77725067657764,-88.97827440547721,1.1067975647589563,0.9733540721763647,42.857142857142854,147,0,449922264.3148273,ADAUSDT
10,8,4766.630729434562,65.73857603938994,-90.42788058721695,1.0911429308267344,1.0125888167797266,1380,1,donchian,1h,2.0,"{""entry_n"": 160, ""exit_n"": 80}",False,42785.11003787417,133.9633649340823,-94.33613768182894,1.0827371651707403,1.276229708699964,42.10526315789473,114,0,4288511003.787417,DOGEUSDT
10,8,4766.630729434562,65.73857603938994,-90.42788058721695,1.0911429308267344,1.0125888167797266,1380,1,donchian,1h,2.0,"{""entry_n"": 160, ""exit_n"": 80}",False,1146.294787169316,39.38891703151519,-94.49085460991718,1.052455049016736,0.8930013018488003,39.71631205673759,141,0,124629478.7169316,LINKUSDT
10,8,4766.630729434562,65.73857603938994,-90.42788058721695,1.0911429308267344,1.0125888167797266,1380,1,donchian,1h,2.0,"{""entry_n"": 160, ""exit_n"": 80}",False,-100.0,-100.0,-100.0,0.9044671464560876,0.19530045661575976,39.726027397260275,146,1,0.0,LTCUSDT
10,8,4766.630729434562,65.73857603938994,-90.42788058721695,1.0911429308267344,1.0125888167797266,1380,1,donchian,1h,2.0,"{""entry_n"": 160, ""exit_n"": 80}",False,14114.788679621037,127.57218862343005,-88.64441326113393,1.0995486964827286,1.2857312839360626,42.857142857142854,105,0,1421478867.9621038,SOLUSDT
10,8,4766.630729434562,65.73857603938994,-90.42788058721695,1.0911429308267344,1.0125888167797266,1380,1,donchian,1h,2.0,"{""entry_n"": 160, ""exit_n"": 80}",False,5134.038815720853,95.29172204131349,-91.8774867689567,1.0670933588711728,1.1584951308391174,38.775510204081634,98,0,523403881.5720852,AVAXUSDT
10,9,1935.3694406942154,51.386741926169854,-64.8408633870215,1.3451156533762578,0.9918861550204134,1561,0,donchian,4h,1.0,"{""entry_n"": 40, ""exit_n"": 10}",True,3967.4371728397646,50.858517124162425,-36.25710207244517,1.7447517126499894,1.3577123097809842,43.50282485875706,177,0,406743717.28397644,BTCUSDT
10,9,1935.3694406942154,51.386741926169854,-64.8408633870215,1.3451156533762578,0.9918861550204134,1561,0,donchian,4h,1.0,"{""entry_n"": 40, ""exit_n"": 10}",True,4231.463088108059,51.91496672817728,-42.76392709824526,1.4272803193506571,1.1644804284622177,38.333333333333336,180,0,433146308.81080586,ETHUSDT
10,9,1935.3694406942154,51.386741926169854,-64.8408633870215,1.3451156533762578,0.9918861550204134,1561,0,donchian,4h,1.0,"{""entry_n"": 40, ""exit_n"": 10}",True,5590.905954813935,58.364365674632765,-62.90330725130347,1.5549498102457604,1.126791878342043,44.19889502762431,181,0,569090595.4813935,BNBUSDT
10,9,1935.3694406942154,51.386741926169854,-64.8408633870215,1.3451156533762578,0.9918861550204134,1561,0,donchian,4h,1.0,"{""entry_n"": 40, ""exit_n"": 10}",True,2039.648559844025,44.638162720569326,-55.55832228807153,1.4778134185097183,0.928926119032506,34.02777777777778,144,0,213964855.9844025,XRPUSDT
10,9,1935.3694406942154,51.386741926169854,-64.8408633870215,1.3451156533762578,0.9918861550204134,1561,0,donchian,4h,1.0,"{""entry_n"": 40, ""exit_n"": 10}",True,465.8421309390407,23.076720335123003,-69.5476766631167,1.2094585022594209,0.6512739636629576,41.17647058823529,170,0,56584213.09390407,ADAUSDT
10,9,1935.3694406942154,51.386741926169854,-64.8408633870215,1.3451156533762578,0.9918861550204134,1561,0,donchian,4h,1.0,"{""entry_n"": 40, ""exit_n"": 10}",True,4278.097409927894,69.8950280190627,-78.185398312539,1.3003711869634695,0.963461083606621,40.16393442622951,122,0,437809740.9927893,DOGEUSDT
10,9,1935.3694406942154,51.386741926169854,-64.8408633870215,1.3451156533762578,0.9918861550204134,1561,0,donchian,4h,1.0,"{""entry_n"": 40, ""exit_n"": 10}",True,278.08351249669704,19.1338491479617,-79.66139240968519,1.0882664198224687,0.5908569634718388,39.02439024390244,164,0,37808351.2496697,LINKUSDT
10,9,1935.3694406942154,51.386741926169854,-64.8408633870215,1.3451156533762578,0.9918861550204134,1561,0,donchian,4h,1.0,"{""entry_n"": 40, ""exit_n"": 10}",True,-14.593580122910033,-1.7989849052260642,-71.38868197961993,0.9764621695017629,0.20730464700981188,39.42857142857143,175,0,8540641.987708997,LTCUSDT
10,9,1935.3694406942154,51.386741926169854,-64.8408633870215,1.3451156533762578,0.9918861550204134,1561,0,donchian,4h,1.0,"{""entry_n"": 40, ""exit_n"": 10}",True,1568.7830244834888,59.51016561840654,-55.84585218974747,1.389860119789046,1.020311226434206,45.45454545454545,132,0,166878302.44834888,SOLUSDT
10,9,1935.3694406942154,51.386741926169854,-64.8408633870215,1.3451156533762578,0.9918861550204134,1561,0,donchian,4h,1.0,"{""entry_n"": 40, ""exit_n"": 10}",True,1831.0903215444062,64.98890456030662,-66.77841952273954,1.227920089933995,1.0823783666146543,38.793103448275865,116,0,193109032.1544406,AVAXUSDT
10,9,2273.5663082073106,58.47565447737112,-69.86747097337533,1.301638670197788,1.010716842349751,1561,0,donchian,4h,1.15,"{""entry_n"": 40, ""exit_n"": 10}",True,6155.265310965613,58.23806806446443,-40.28883634935959,1.6941354246220626,1.3620001414035796,43.50282485875706,177,0,625526531.0965613,BTCUSDT
10,9,2273.5663082073106,58.47565447737112,-69.86747097337533,1.301638670197788,1.010716842349751,1561,0,donchian,4h,1.15,"{""entry_n"": 40, ""exit_n"": 10}",True,6326.602129335383,58.71324089027781,-48.15568916753198,1.3849719928854838,1.1726484223221523,38.333333333333336,180,0,642660212.9335383,ETHUSDT
10,9,2273.5663082073106,58.47565447737112,-69.86747097337533,1.301638670197788,1.010716842349751,1561,0,donchian,4h,1.15,"{""entry_n"": 40, ""exit_n"": 10}",True,8059.610863484595,64.99032480362065,-67.63127006491865,1.4926838799658393,1.136152491322324,44.19889502762431,181,0,815961086.3484595,BNBUSDT
10,9,2273.5663082073106,58.47565447737112,-69.86747097337533,1.301638670197788,1.010716842349751,1561,0,donchian,4h,1.15,"{""entry_n"": 40, ""exit_n"": 10}",True,2377.370244500342,47.21478168941267,-60.33300095624992,1.425866887473069,0.9192883315449547,34.02777777777778,144,0,247737024.4500342,XRPUSDT
10,9,2273.5663082073106,58.47565447737112,-69.86747097337533,1.301638670197788,1.010716842349751,1561,0,donchian,4h,1.15,"{""entry_n"": 40, ""exit_n"": 10}",True,512.8979339184272,24.26026080141941,-75.60046368411797,1.1803255826021821,0.6591321010476989,41.17647058823529,170,0,61289793.39184272,ADAUSDT
10,9,2273.5663082073106,58.47565447737112,-69.86747097337533,1.301638670197788,1.010716842349751,1561,0,donchian,4h,1.15,"{""entry_n"": 40, ""exit_n"": 10}",True,5505.144419514177,75.88510428398185,-80.11487572882079,1.2536479632533375,0.9876787748853512,40.16393442622951,122,0,560514441.9514177,DOGEUSDT
10,9,2273.5663082073106,58.47565447737112,-69.86747097337533,1.301638670197788,1.010716842349751,1561,0,donchian,4h,1.15,"{""entry_n"": 40, ""exit_n"": 10}",True,276.04021476003396,19.04889257979918,-85.31812292241163,1.0662014378864895,0.5957047973274627,39.02439024390244,164,0,37604021.47600339,LINKUSDT
10,9,2273.5663082073106,58.47565447737112,-69.86747097337533,1.301638670197788,1.010716842349751,1561,0,donchian,4h,1.15,"{""entry_n"": 40, ""exit_n"": 10}",True,-24.215293584168307,-3.1404755748155933,-77.05069761550054,0.9653681311068931,0.2202587845340317,39.42857142857143,175,0,7578470.641583169,LTCUSDT
10,9,2273.5663082073106,58.47565447737112,-69.86747097337533,1.301638670197788,1.010716842349751,1561,0,donchian,4h,1.15,"{""entry_n"": 40, ""exit_n"": 10}",True,1995.1071591776767,65.64552742795628,-60.99951374662207,1.3496293771422387,1.033754909814151,45.45454545454545,132,0,209510715.91776767,SOLUSDT
10,9,2273.5663082073106,58.47565447737112,-69.86747097337533,1.301638670197788,1.010716842349751,1561,0,donchian,4h,1.15,"{""entry_n"": 40, ""exit_n"": 10}",True,2169.76237191428,69.55991836093254,-72.103671881832,1.187227300263286,1.076273289922312,38.793103448275865,116,0,226976237.19142798,AVAXUSDT
10,9,2452.188442769132,63.05841917057562,-72.8300039378623,1.2761552503730011,1.0211539165549754,1561,0,donchian,4h,1.25,"{""entry_n"": 40, ""exit_n"": 10}",True,8105.086567983519,63.07454808885253,-42.83999171020194,1.6640383702701433,1.3642990119633547,43.50282485875706,177,0,820508656.7983519,BTCUSDT
10,9,2452.188442769132,63.05841917057562,-72.8300039378623,1.2761552503730011,1.0211539165549754,1561,0,donchian,4h,1.25,"{""entry_n"": 40, ""exit_n"": 10}",True,8090.470766782741,63.042290252298706,-51.56767143605027,1.3598950214917565,1.177208862907252,38.333333333333336,180,0,819047076.6782742,ETHUSDT
10,9,2452.188442769132,63.05841917057562,-72.8300039378623,1.2761552503730011,1.0211539165549754,1561,0,donchian,4h,1.25,"{""entry_n"": 40, ""exit_n"": 10}",True,10048.675336238302,69.13576173437686,-70.45117999478414,1.4571581585782394,1.1413123602502766,44.19889502762431,181,0,1014867533.6238302,BNBUSDT
10,9,2452.188442769132,63.05841917057562,-72.8300039378623,1.2761552503730011,1.0211539165549754,1561,0,donchian,4h,1.25,"{""entry_n"": 40, ""exit_n"": 10}",True,2544.0981916657597,48.374567210171904,-63.263216070076545,1.3942095738238018,0.9122769923304728,34.02777777777778,144,0,264409819.16657597,XRPUSDT
10,9,2452.188442769132,63.05841917057562,-72.8300039378623,1.2761552503730011,1.0211539165549754,1561,0,donchian,4h,1.25,"{""entry_n"": 40, ""exit_n"": 10}",True,532.3308273111221,24.725814201448593,-79.09286805884112,1.1624764805126226,0.6638992365732785,41.17647058823529,170,0,63233082.731112204,ADAUSDT
10,9,2452.188442769132,63.05841917057562,-72.8300039378623,1.2761552503730011,1.0211539165549754,1561,0,donchian,4h,1.25,"{""entry_n"": 40, ""exit_n"": 10}",True,6301.458293598949,79.19258793780793,-81.2411643072038,1.2269263771911059,1.0007523869872645,40.16393442622951,122,0,640145829.359895,DOGEUSDT
10,9,2452.188442769132,63.05841917057562,-72.8300039378623,1.2761552503730011,1.0211539165549754,1561,0,donchian,4h,1.25,"{""entry_n"": 40, ""exit_n"": 10}",True,265.3690816604171,18.598582401109056,-88.32939779528638,1.053949461459047,0.5985393466122112,39.02439024390244,164,0,36536908.16604171,LINKUSDT
10,9,2452.188442769132,63.05841917057562,-72.8300039378623,1.2761552503730011,1.0211539165549754,1561,0,donchian,4h,1.25,"{""entry_n"": 40, ""exit_n"": 10}",True,-30.96246473819848,-4.174289643122653,-80.28781035896273,0.9584530490379679,0.228377237215024,39.42857142857143,175,0,6903753.526180152,LTCUSDT
10,9,2452.188442769132,63.05841917057562,-72.8300039378623,1.2761552503730011,1.0211539165549754,1561,0,donchian,4h,1.25,"{""entry_n"": 40, ""exit_n"": 10}",True,2280.111761862337,69.18768457834106,-64.17587476854565,1.3253841235548967,1.0415554461226866,45.45454545454545,132,0,238011176.1862337,SOLUSDT
10,9,2452.188442769132,63.05841917057562,-72.8300039378623,1.2761552503730011,1.0211539165549754,1561,0,donchian,4h,1.25,"{""entry_n"": 40, ""exit_n"": 10}",True,2360.278693872505,71.88700934146377,-75.20882788094046,1.1645904789486246,1.071605882466143,38.793103448275865,116,0,246027869.38725048,AVAXUSDT
10,9,2683.2832681214427,69.69419120090416,-76.76534635265722,1.2420727147137596,1.0341321282193825,1561,0,donchian,4h,1.4,"{""entry_n"": 40, ""exit_n"": 10}",True,11951.81394508161,70.18177517879562,-46.481883234678335,1.6233899177328157,1.3669989933825393,43.50282485875706,177,0,1205181394.508161,BTCUSDT
10,9,2683.2832681214427,69.69419120090416,-76.76534635265722,1.2420727147137596,1.0341321282193825,1561,0,donchian,4h,1.4,"{""entry_n"": 40, ""exit_n"": 10}",True,11343.534665240377,69.20660722301271,-56.406731977097294,1.3259171381900448,1.1828975383490574,38.333333333333336,180,0,1144353466.5240376,ETHUSDT
10,9,2683.2832681214427,69.69419120090416,-76.76534635265722,1.2420727147137596,1.0341321282193825,1561,0,donchian,4h,1.4,"{""entry_n"": 40, ""exit_n"": 10}",True,13551.38839629129,74.93759516627152,-74.25032517621108,1.410883822814419,1.147841184538759,44.19889502762431,181,0,1365138839.629129,BNBUSDT
10,9,2683.2832681214427,69.69419120090416,-76.76534635265722,1.2420727147137596,1.0341321282193825,1561,0,donchian,4h,1.4,"{""entry_n"": 40, ""exit_n"": 10}",True,2684.022297616836,49.299270253209414,-67.31986203658008,1.3504033969295868,0.9010783519494909,34.02777777777778,144,0,278402229.7616836,XRPUSDT
10,9,2683.2832681214427,69.69419120090416,-76.76534635265722,1.2420727147137596,1.0341321282193825,1561,0,donchian,4h,1.4,"{""entry_n"": 40, ""exit_n"": 10}",True,541.864519922761,24.94962462271011,-83.58390109554773,1.1378174050746979,0.6704298350295625,41.17647058823529,170,0,64186451.9922761,ADAUSDT
10,9,2683.2832681214427,69.69419120090416,-76.76534635265722,1.2420727147137596,1.0341321282193825,1561,0,donchian,4h,1.4,"{""entry_n"": 40, ""exit_n"": 10}",True,7370.5023925656,83.11602027856428,-82.74879886043259,1.1920120150801723,1.0165148707996818,40.16393442622951,122,0,747050239.25656,DOGEUSDT
10,9,2683.2832681214427,69.69419120090416,-76.76534635265722,1.2420727147137596,1.0341321282193825,1561,0,donchian,4h,1.4,"{""entry_n"": 40, ""exit_n"": 10}",True,237.34778104973805,17.359314049257456,-91.88040104656486,1.0387106661554895,0.6022953596158849,39.02439024390244,164,0,33734778.10497381,LINKUSDT
10,9,2683.2832681214427,69.69419120090416,-76.76534635265722,1.2420727147137596,1.0341321282193825,1561,0,donchian,4h,1.4,"{""entry_n"": 40, ""exit_n"": 10}",True,-41.181823995343734,-5.924712950906996,-84.42906003097241,0.9486875571438995,0.23983594667114064,39.42857142857143,175,0,5881817.600465626,LTCUSDT
10,9,2683.2832681214427,69.69419120090416,-76.76534635265722,1.2420727147137596,1.0341321282193825,1561,0,donchian,4h,1.4,"{""entry_n"": 40, ""exit_n"": 10}",True,2682.5442386260493,73.62959640700764,-68.57760682545138,1.2921334143473466,1.0517493856390832,45.45454545454545,132,0,278254423.8626049,SOLUSDT
10,9,2683.2832681214427,69.69419120090416,-76.76534635265722,1.2420727147137596,1.0341321282193825,1561,0,donchian,4h,1.4,"{""entry_n"": 40, ""exit_n"": 10}",True,2574.060334195992,74.32632619280717,-79.28036752910336,1.1359027708031144,1.064038479199818,38.793103448275865,116,0,267406033.41959918,AVAXUSDT
10,9,2907.8463996243227,76.22829840920193,-81.19352320585955,1.2027524839997354,1.0424497852097152,1561,0,donchian,4h,1.6,"{""entry_n"": 40, ""exit_n"": 10}",True,19224.54525316635,79.33543363989341,-51.02858293802983,1.575987606227862,1.3693626189734578,43.50282485875706,177,0,1932454525.3166351,BTCUSDT
10,9,2907.8463996243227,76.22829840920193,-81.19352320585955,1.2027524839997354,1.0424497852097152,1561,0,donchian,4h,1.6,"{""entry_n"": 40, ""exit_n"": 10}",True,16865.98733468968,76.76388444200899,-62.33531919605453,1.2858688962797173,1.1886361282675697,38.333333333333336,180,0,1696598733.468968,ETHUSDT
10,9,2907.8463996243227,76.22829840920193,-81.19352320585955,1.2027524839997354,1.0424497852097152,1561,0,donchian,4h,1.6,"{""entry_n"": 40, ""exit_n"": 10}",True,19115.699074131124,81.87506100670292,-78.62272170035897,1.359355501567371,1.154850789142736,44.19889502762431,181,0,1921569907.4131124,BNBUSDT
10,9,2907.8463996243227,76.22829840920193,-81.19352320585955,1.2027524839997354,1.0424497852097152,1561,0,donchian,4h,1.6,"{""entry_n"": 40, ""exit_n"": 10}",True,2647.6756838854203,49.06307052461629,-72.1633932869578,1.2976372850671538,0.8851661934112021,34.02777777777778,144,0,274767568.38854206,XRPUSDT
10,9,2907.8463996243227,76.22829840920193,-81.19352320585955,1.2027524839997354,1.0424497852097152,1561,0,donchian,4h,1.6,"{""entry_n"": 40, ""exit_n"": 10}",True,518.3055776741603,24.391101600601537,-88.33085873240039,1.1085377246902208,0.6781264837761058,41.17647058823529,170,0,61830557.76741603,ADAUSDT
10,9,2907.8463996243227,76.22829840920193,-81.19352320585955,1.2027524839997354,1.0424497852097152,1561,0,donchian,4h,1.6,"{""entry_n"": 40, ""exit_n"": 10}",True,8382.278854290262,86.4071608889386,-84.49997295758523,1.1530303294491542,1.0315532655090816,40.16393442622951,122,0,848227885.4290261,DOGEUSDT
10,9,2907.8463996243227,76.22829840920193,-81.19352320585955,1.2027524839997354,1.0424497852097152,1561,0,donchian,4h,1.6,"{""entry_n"": 40, ""exit_n"": 10}",True,183.77750224568507,14.717906786241098,-95.1659177531863,1.0233288596121375,0.6065362266335623,39.02439024390244,164,0,28377750.22456851,LINKUSDT
10,9,2907.8463996243227,76.22829840920193,-81.19352320585955,1.2027524839997354,1.0424497852097152,1561,0,donchian,4h,1.6,"{""entry_n"": 40, ""exit_n"": 10}",True,-54.26808639790717,-8.61008247300915,-88.7989196597551,0.9365436782258746,0.2538778204511553,39.42857142857143,175,0,4573191.360209283,LTCUSDT
10,9,2907.8463996243227,76.22829840920193,-81.19352320585955,1.2027524839997354,1.0424497852097152,1561,0,donchian,4h,1.6,"{""entry_n"": 40, ""exit_n"": 10}",True,3115.2886645369263,77.84358681375359,-74.10978083800313,1.2524746385503167,1.0629175803084172,45.45454545454545,132,0,321528866.4536926,SOLUSDT
10,9,2907.8463996243227,76.22829840920193,-81.19352320585955,1.2027524839997354,1.0424497852097152,1561,0,donchian,4h,1.6,"{""entry_n"": 40, ""exit_n"": 10}",True,2700.4041347117186,75.69271237639485,-83.76432471136013,1.105330496815069,1.0533463049103489,38.793103448275865,116,0,280040413.47117186,AVAXUSDT
10,9,2999.5068596287074,77.52773937723849,-84.17773501194971,1.1688780903811131,1.0417056458519567,1544,1,donchian,4h,1.8,"{""entry_n"": 40, ""exit_n"": 10}",False,29543.36853022437,88.05481405822584,-55.26421101862354,1.5346414980487626,1.370500313631476,43.50282485875706,177,0,2964336853.022437,BTCUSDT
10,9,2999.5068596287074,77.52773937723849,-84.17773501194971,1.1688780903811131,1.0417056458519567,1544,1,donchian,4h,1.8,"{""entry_n"": 40, ""exit_n"": 10}",False,23673.08289163669,83.50582140823212,-68.49853574104768,1.2503699607645784,1.1926140004700525,38.333333333333336,180,0,2377308289.163669,ETHUSDT
10,9,2999.5068596287074,77.52773937723849,-84.17773501194971,1.1688780903811131,1.0417056458519567,1544,1,donchian,4h,1.8,"{""entry_n"": 40, ""exit_n"": 10}",False,25453.38659460963,87.86891060625477,-82.3255236100036,1.3165630740838876,1.160444496461227,44.19889502762431,181,0,2555338659.4609632,BNBUSDT
10,9,2999.5068596287074,77.52773937723849,-84.17773501194971,1.1688780903811131,1.0417056458519567,1544,1,donchian,4h,1.8,"{""entry_n"": 40, ""exit_n"": 10}",False,2379.36615990151,47.229066436236636,-76.43557647942512,1.2500295091294364,0.8684156657411347,34.02777777777778,144,0,247936615.990151,XRPUSDT
10,9,2999.5068596287074,77.52773937723849,-84.17773501194971,1.1688780903811131,1.0417056458519567,1544,1,donchian,4h,1.8,"{""entry_n"": 40, ""exit_n"": 10}",False,459.1872561581731,22.902398969004032,-91.8822039064235,1.0830586875249273,0.6848319146602831,41.17647058823529,170,0,55918725.61581731,ADAUSDT
10,9,2999.5068596287074,77.52773937723849,-84.17773501194971,1.1688780903811131,1.0417056458519567,1544,1,donchian,4h,1.8,"{""entry_n"": 40, ""exit_n"": 10}",False,8743.884231762975,87.50173417324956,-86.02994641389581,1.1207442435044412,1.0410334247919895,40.16393442622951,122,0,884388423.1762974,DOGEUSDT
10,9,2999.5068596287074,77.52773937723849,-84.17773501194971,1.1688780903811131,1.0417056458519567,1544,1,donchian,4h,1.8,"{""entry_n"": 40, ""exit_n"": 10}",False,121.61214454108946,11.043936105953357,-97.23674236016832,1.0125080339240353,0.6100647537916236,39.02439024390244,164,0,22161214.454108946,LINKUSDT
10,9,2999.5068596287074,77.52773937723849,-84.17773501194971,1.1688780903811131,1.0417056458519567,1544,1,donchian,4h,1.8,"{""entry_n"": 40, ""exit_n"": 10}",False,-100.0,-100.0,-100.0,0.8895426156080832,0.2291600484634388,41.139240506329116,158,1,0.0,LTCUSDT
10,9,2999.5068596287074,77.52773937723849,-84.17773501194971,1.1688780903811131,1.0417056458519567,1544,1,donchian,4h,1.8,"{""entry_n"": 40, ""exit_n"": 10}",False,3360.3463581968085,80.02389333396711,-79.17747628238816,1.2170119372577848,1.0717408485965954,45.45454545454545,132,0,346034635.81968087,SOLUSDT
10,9,2999.5068596287074,77.52773937723849,-84.17773501194971,1.1688780903811131,1.0417056458519567,1544,1,donchian,4h,1.8,"{""entry_n"": 40, ""exit_n"": 10}",False,2638.6673610606067,75.03158542050987,-87.3490907876088,1.081409839795113,1.0423778669119241,38.793103448275865,116,0,273866736.1060607,AVAXUSDT
10,9,2892.6218501954454,76.31559979797973,-86.60881428718977,1.1393266134861686,1.0386947543738332,1544,1,donchian,4h,2.0,"{""entry_n"": 40, ""exit_n"": 10}",False,43477.87195399639,96.26926189656851,-59.22689674553101,1.4979794345743591,1.3705789890166256,43.50282485875706,177,0,4357787195.399639,BTCUSDT
10,9,2892.6218501954454,76.31559979797973,-86.60881428718977,1.1393266134861686,1.0386947543738332,1544,1,donchian,4h,2.0,"{""entry_n"": 40, ""exit_n"": 10}",False,31475.706219847332,89.37715339273005,-74.24237984389573,1.2184046213191233,1.1951388133983967,38.333333333333336,180,0,3157570621.984733,ETHUSDT
10,9,2892.6218501954454,76.31559979797973,-86.60881428718977,1.1393266134861686,1.0386947543738332,1544,1,donchian,4h,2.0,"{""entry_n"": 40, ""exit_n"": 10}",False,32115.09860996638,92.88556971381799,-85.46373991323024,1.2803450108552135,1.1649852807617176,44.19889502762431,181,0,3221509860.996638,BNBUSDT
10,9,2892.6218501954454,76.31559979797973,-86.60881428718977,1.1393266134861686,1.0386947543738332,1544,1,donchian,4h,2.0,"{""entry_n"": 40, ""exit_n"": 10}",False,1950.0315104439874,43.894469645175384,-80.20201558688949,1.2065316625682876,0.851028102258221,34.02777777777778,144,0,205003151.04439875,XRPUSDT
10,9,2892.6218501954454,76.31559979797973,-86.60881428718977,1.1393266134861686,1.0386947543738332,1544,1,donchian,4h,2.0,"{""entry_n"": 40, ""exit_n"": 10}",False,375.7900597128245,20.54718657154917,-94.47352734473952,1.0611697069408892,0.6906867246622596,41.17647058823529,170,0,47579005.971282445,ADAUSDT
10,9,2892.6218501954454,76.31559979797973,-86.60881428718977,1.1393266134861686,1.0386947543738332,1544,1,donchian,4h,2.0,"{""entry_n"": 40, ""exit_n"": 10}",False,8397.137407722763,86.45292073038875,-87.75388866114929,1.0937613933297552,1.0459817184066569,40.16393442622951,122,0,849713740.7722764,DOGEUSDT
10,9,2892.6218501954454,76.31559979797973,-86.60881428718977,1.1393266134861686,1.0386947543738332,1544,1,donchian,4h,2.0,"{""entry_n"": 40, ""exit_n"": 10}",False,60.807514698536316,6.45319753782001,-98.48553603104484,1.0052343741785006,0.6130079716487566,39.02439024390244,164,0,16080751.469853632,LINKUSDT
10,9,2892.6218501954454,76.31559979797973,-86.60881428718977,1.1393266134861686,1.0386947543738332,1544,1,donchian,4h,2.0,"{""entry_n"": 40, ""exit_n"": 10}",False,-100.0,-100.0,-100.0,0.8883038884747775,0.2565104681755487,41.139240506329116,158,1,0.0,LTCUSDT
10,9,2892.6218501954454,76.31559979797973,-86.60881428718977,1.1393266134861686,1.0386947543738332,1544,1,donchian,4h,2.0,"{""entry_n"": 40, ""exit_n"": 10}",False,3372.141594118849,80.12554872182449,-83.43171038254401,1.184891833642582,1.0785723207099773,45.45454545454545,132,0,347214159.4118849,SOLUSDT
10,9,2892.6218501954454,76.31559979797973,-86.60881428718977,1.1393266134861686,1.0386947543738332,1544,1,donchian,4h,2.0,"{""entry_n"": 40, ""exit_n"": 10}",False,2413.102106272042,72.50565087413499,-90.20073758766489,1.0625361127180049,1.0314077903410093,38.793103448275865,116,0,251310210.6272042,AVAXUSDT
10,9,2695.5622159080376,50.79544420683932,-62.497477883174625,1.3016816294047031,1.041151356363494,1480,0,donchian,4h,1.0,"{""entry_n"": 40, ""exit_n"": 12}",True,4624.056835011767,53.38453750779488,-36.25710207244517,1.8327646212440436,1.3775785523134922,43.786982248520715,169,0,472405683.5011767,BTCUSDT
10,9,2695.5622159080376,50.79544420683932,-62.497477883174625,1.3016816294047031,1.041151356363494,1480,0,donchian,4h,1.0,"{""entry_n"": 40, ""exit_n"": 12}",True,3366.56302473789,48.20635090588377,-40.52979246381073,1.420120520056886,1.0806587331772881,40.0,170,0,346656302.473789,ETHUSDT
10,9,2695.5622159080376,50.79544420683932,-62.497477883174625,1.3016816294047031,1.041151356363494,1480,0,donchian,4h,1.0,"{""entry_n"": 40, ""exit_n"": 12}",True,6379.204960365845,60.71867928617802,-55.96732064327852,1.5788513336609233,1.1156670342641797,43.859649122807014,171,0,647920496.0365845,BNBUSDT
10,9,2695.5622159080376,50.79544420683932,-62.497477883174625,1.3016816294047031,1.041151356363494,1480,0,donchian,4h,1.0,"{""entry_n"": 40, ""exit_n"": 12}",True,1122.373803768212,35.203828276248636,-69.09982020500087,1.321919501129975,0.8045469749743769,33.81294964028777,139,0,122237380.37682119,XRPUSDT
10,9,2695.5622159080376,50.79544420683932,-62.497477883174625,1.3016816294047031,1.041151356363494,1480,0,donchian,4h,1.0,"{""entry_n"": 40, ""exit_n"": 12}",True,889.5624360907163,31.600666830232615,-60.6780116052174,1.2344317265709643,0.7630713225026702,40.993788819875775,161,0,98956243.60907164,ADAUSDT
10,9,2695.5622159080376,50.79544420683932,-62.497477883174625,1.3016816294047031,1.041151356363494,1480,0,donchian,4h,1.0,"{""entry_n"": 40, ""exit_n"": 12}",True,6374.960073014792,79.47972548732594,-71.47735207403909,1.2420570549678587,1.0155322045966717,40.33613445378151,119,0,647496007.3014792,DOGEUSDT
10,9,2695.5622159080376,50.79544420683932,-62.497477883174625,1.3016816294047031,1.041151356363494,1480,0,donchian,4h,1.0,"{""entry_n"": 40, ""exit_n"": 12}",True,274.1048101391434,18.968051530878927,-78.70942399617252,1.0901838936689383,0.5893186945590414,38.311688311688314,154,0,37410481.01391434,LINKUSDT
10,9,2695.5622159080376,50.79544420683932,-62.497477883174625,1.3016816294047031,1.041151356363494,1480,0,donchian,4h,1.0,"{""entry_n"": 40, ""exit_n"": 12}",True,-41.76736104182378,-6.032965044841731,-78.61785311862124,0.928719542615439,0.12788817881878467,38.23529411764706,170,0,5823263.895817622,LTCUSDT
10,9,2695.5622159080376,50.79544420683932,-62.497477883174625,1.3016816294047031,1.041151356363494,1480,0,donchian,4h,1.0,"{""entry_n"": 40, ""exit_n"": 12}",True,2024.561407078185,66.0296051414268,-56.12798922130303,1.3325442713782776,1.0667705081303165,43.90243902439025,123,0,212456140.7078185,SOLUSDT
10,9,2695.5622159080376,50.79544420683932,-62.497477883174625,1.3016816294047031,1.041151356363494,1480,0,donchian,4h,1.0,"{""entry_n"": 40, ""exit_n"": 12}",True,3887.586131736274,86.5141760684976,-64.31694416113186,1.2814437576794313,1.2409195509650408,37.5,104,0,398758613.17362744,AVAXUSDT
10,9,3602.801398327003,57.729106585369834,-68.47769142601938,1.2541361276101108,1.0525222039890418,1480,0,donchian,4h,1.15,"{""entry_n"": 40, ""exit_n"": 12}",True,7318.887265877046,61.262102083037774,-40.28883634935959,1.7807489309106612,1.3829454580906275,43.786982248520715,169,0,741888726.5877047,BTCUSDT
10,9,3602.801398327003,57.729106585369834,-68.47769142601938,1.2541361276101108,1.0525222039890418,1480,0,donchian,4h,1.15,"{""entry_n"": 40, ""exit_n"": 12}",True,4854.157475897766,54.1961110877019,-45.241490697593456,1.380674581331601,1.0891874981017238,40.0,170,0,495415747.5897766,ETHUSDT
10,9,3602.801398327003,57.729106585369834,-68.47769142601938,1.2541361276101108,1.0525222039890418,1480,0,donchian,4h,1.15,"{""entry_n"": 40, ""exit_n"": 12}",True,9331.822293685529,67.73223291126126,-60.56838504290339,1.5109600239657768,1.129472754072363,43.859649122807014,171,0,943182229.3685529,BNBUSDT
10,9,3602.801398327003,57.729106585369834,-68.47769142601938,1.2541361276101108,1.0525222039890418,1480,0,donchian,4h,1.15,"{""entry_n"": 40, ""exit_n"": 12}",True,1238.079456427433,36.68513373385063,-74.51430059070931,1.275993488600934,0.7993545255527291,33.81294964028777,139,0,133807945.64274329,XRPUSDT
10,9,3602.801398327003,57.729106585369834,-68.47769142601938,1.2541361276101108,1.0525222039890418,1480,0,donchian,4h,1.15,"{""entry_n"": 40, ""exit_n"": 12}",True,1033.8617573877023,33.76439589214535,-67.43454538821723,1.2013357178136208,0.7707747487379556,40.993788819875775,161,0,113386175.73877023,ADAUSDT
10,9,3602.801398327003,57.729106585369834,-68.47769142601938,1.2541361276101108,1.0525222039890418,1480,0,donchian,4h,1.15,"{""entry_n"": 40, ""exit_n"": 12}",True,7892.961458108695,84.86028404891404,-76.24480289539326,1.1982477267516791,1.032356338742718,40.33613445378151,119,0,799296145.8108696,DOGEUSDT
10,9,3602.801398327003,57.729106585369834,-68.47769142601938,1.2541361276101108,1.0525222039890418,1480,0,donchian,4h,1.15,"{""entry_n"": 40, ""exit_n"": 12}",True,270.1312903649389,18.800934587048523,-84.57065611456233,1.067504360701384,0.5957581504773968,38.311688311688314,154,0,37013129.03649389,LINKUSDT
10,9,3602.801398327003,57.729106585369834,-68.47769142601938,1.2541361276101108,1.0525222039890418,1480,0,donchian,4h,1.15,"{""entry_n"": 40, ""exit_n"": 12}",True,-51.570714264300854,-8.005373981326935,-83.66811842139683,0.9204132029636736,0.13990226106814863,38.23529411764706,170,0,4842928.573569914,LTCUSDT
10,9,3602.801398327003,57.729106585369834,-68.47769142601938,1.2541361276101108,1.0525222039890418,1480,0,donchian,4h,1.15,"{""entry_n"": 40, ""exit_n"": 12}",True,2514.569225331793,71.8453049327754,-61.66907782237219,1.2880552664642522,1.0726880692353655,43.90243902439025,123,0,261456922.53317928,SOLUSDT
10,9,3602.801398327003,57.729106585369834,-68.47769142601938,1.2541361276101108,1.0525222039890418,1480,0,donchian,4h,1.15,"{""entry_n"": 40, ""exit_n"": 12}",True,4691.033571322213,92.39506786003102,-69.52083746382152,1.2322787666192874,1.2278274651009276,37.5,104,0,479103357.13222134,AVAXUSDT
10,9,3980.546596286236,62.19803071417498,-72.03427068695059,1.226610388171755,1.0582939993467435,1480,0,donchian,4h,1.25,"{""entry_n"": 40, ""exit_n"": 12}",True,9766.326745094295,66.44509016424539,-42.83999171020194,1.7497241940570278,1.3859659512016096,43.786982248520715,169,0,986632674.5094296,BTCUSDT
10,9,3980.546596286236,62.19803071417498,-72.03427068695059,1.226610388171755,1.0582939993467435,1480,0,donchian,4h,1.25,"{""entry_n"": 40, ""exit_n"": 12}",True,6053.723964253474,57.95097126410458,-48.22465106168645,1.3570677721696043,1.0939727845302851,40.0,170,0,615372396.4253474,ETHUSDT
10,9,3980.546596286236,62.19803071417498,-72.03427068695059,1.226610388171755,1.0582939993467435,1480,0,donchian,4h,1.25,"{""entry_n"": 40, ""exit_n"": 12}",True,11754.511915305971,72.15152010687112,-63.362953897068955,1.4723950808601374,1.1376282391608374,43.859649122807014,171,0,1185451191.5305972,BNBUSDT
10,9,3980.546596286236,62.19803071417498,-72.03427068695059,1.226610388171755,1.0582939993467435,1480,0,donchian,4h,1.25,"{""entry_n"": 40, ""exit_n"": 12}",True,1278.0920698847244,37.17122436569413,-77.70808446360358,1.2483077150489177,0.7951507100503874,33.81294964028777,139,0,137809206.98847243,XRPUSDT
10,9,3980.546596286236,62.19803071417498,-72.03427068695059,1.226610388171755,1.0582939993467435,1480,0,donchian,4h,1.25,"{""entry_n"": 40, ""exit_n"": 12}",True,1110.522569104054,34.816950062528406,-71.47070200453469,1.1814708124684343,0.7752667660282182,40.993788819875775,161,0,121052256.9104054,ADAUSDT
10,9,3980.546596286236,62.19803071417498,-72.03427068695059,1.226610388171755,1.0582939993467435,1480,0,donchian,4h,1.25,"{""entry_n"": 40, ""exit_n"": 12}",True,8784.673330253674,87.62277493090416,-78.99736800076899,1.1736420383872186,1.0408289775858688,40.33613445378151,119,0,888467333.0253675,DOGEUSDT
10,9,3980.546596286236,62.19803071417498,-72.03427068695059,1.226610388171755,1.0582939993467435,1480,0,donchian,4h,1.25,"{""entry_n"": 40, ""exit_n"": 12}",True,258.22413133917365,18.290646381936227,-87.709137622756,1.0548931108454074,0.5996429108903472,38.311688311688314,154,0,35822413.13391736,LINKUSDT
10,9,3980.546596286236,62.19803071417498,-72.03427068695059,1.226610388171755,1.0582939993467435,1480,0,donchian,4h,1.25,"{""entry_n"": 40, ""exit_n"": 12}",True,-57.791810613144044,-9.449486139291373,-86.43213970336798,0.9152282690348554,0.14741824857926938,38.23529411764706,170,0,4220818.938685596,LTCUSDT
10,9,3980.546596286236,62.19803071417498,-72.03427068695059,1.226610388171755,1.0582939993467435,1480,0,donchian,4h,1.25,"{""entry_n"": 40, ""exit_n"": 12}",True,2820.019466242584,75.02423062590309,-65.02965952141287,1.2621493492353102,1.0757590211076185,43.90243902439025,123,0,292001946.6242584,SOLUSDT
10,9,3980.546596286236,62.19803071417498,-72.03427068695059,1.226610388171755,1.0582939993467435,1480,0,donchian,4h,1.25,"{""entry_n"": 40, ""exit_n"": 12}",True,5141.073726329888,95.33861125658167,-72.5978393693665,1.2049130612945922,1.2185181444064597,37.5,104,0,524107372.63298875,AVAXUSDT
10,9,4422.750910542354,68.64763981951904,-76.75920620182174,1.1903342587745935,1.0646990977952362,1480,0,donchian,4h,1.4,"{""entry_n"": 40, ""exit_n"": 12}",True,14690.012047795279,74.09213786305638,-46.481883234678335,1.7076653585223873,1.3897519452050224,43.786982248520715,169,0,1479001204.779528,BTCUSDT
10,9,4422.750910542354,68.64763981951904,-76.75920620182174,1.1903342587745935,1.0646990977952362,1480,0,donchian,4h,1.4,"{""entry_n"": 40, ""exit_n"": 12}",True,8163.582208940026,63.20314177598172,-52.472670191715906,1.3248082147205944,1.0999798307523936,40.0,170,0,826358220.8940027,ETHUSDT
10,9,4422.750910542354,68.64763981951904,-76.75920620182174,1.1903342587745935,1.0646990977952362,1480,0,donchian,4h,1.4,"{""entry_n"": 40, ""exit_n"": 12}",True,16111.603459342703,78.39173531127844,-67.19541287478152,1.4223763769884457,1.148656059959326,43.859649122807014,171,0,1621160345.9342704,BNBUSDT
10,9,4422.750910542354,68.64763981951904,-76.75920620182174,1.1903342587745935,1.0646990977952362,1480,0,donchian,4h,1.4,"{""entry_n"": 40, ""exit_n"": 12}",True,1278.4211548248345,37.17517049145225,-81.92308241810825,1.2104869197048533,0.7879647573146036,33.81294964028777,139,0,137842115.48248345,XRPUSDT
10,9,4422.750910542354,68.64763981951904,-76.75920620182174,1.1903342587745935,1.0646990977952362,1480,0,donchian,4h,1.4,"{""entry_n"": 40, ""exit_n"": 12}",True,1187.379582332545,35.81486479314078,-76.82564332491003,1.1544980744481037,0.7811647121611528,40.993788819875775,161,0,128737958.23325449,ADAUSDT
10,9,4422.750910542354,68.64763981951904,-76.75920620182174,1.1903342587745935,1.0646990977952362,1480,0,donchian,4h,1.4,"{""entry_n"": 40, ""exit_n"": 12}",True,9824.51330242413,90.5578200319859,-82.58209130645359,1.1420398121679063,1.05011947531353,40.33613445378151,119,0,992451330.2424129,DOGEUSDT
10,9,4422.750910542354,68.64763981951904,-76.75920620182174,1.1903342587745935,1.0646990977952362,1480,0,donchian,4h,1.4,"{""entry_n"": 40, ""exit_n"": 12}",True,228.62798057406047,16.95541885315852,-91.42811206992707,1.039191481686693,0.6049582588320432,38.311688311688314,154,0,32862798.05740605,LINKUSDT
10,9,4422.750910542354,68.64763981951904,-76.75920620182174,1.1903342587745935,1.0646990977952362,1480,0,donchian,4h,1.4,"{""entry_n"": 40, ""exit_n"": 12}",True,-66.40122530235853,-11.79572477249594,-89.81724784701665,0.9078111148280069,0.15800913700886296,38.23529411764706,170,0,3359877.4697641474,LTCUSDT
10,9,4422.750910542354,68.64763981951904,-76.75920620182174,1.1903342587745935,1.0646990977952362,1480,0,donchian,4h,1.4,"{""entry_n"": 40, ""exit_n"": 12}",True,3212.0677202903203,78.72067357513902,-69.60746300288648,1.2277608018606985,1.0792787202769425,43.90243902439025,123,0,331206772.02903205,SOLUSDT
10,9,4422.750910542354,68.64763981951904,-76.75920620182174,1.1903342587745935,1.0646990977952362,1480,0,donchian,4h,1.4,"{""entry_n"": 40, ""exit_n"": 12}",True,5633.4341007943885,98.32745972335249,-76.69276907873343,1.1701815978443337,1.2040453779984985,37.5,104,0,573343410.0794388,AVAXUSDT
10,9,4715.536317435384,75.53833919583843,-82.07055643058695,1.149505068554244,1.069758813358316,1480,0,donchian,4h,1.6,"{""entry_n"": 40, ""exit_n"": 12}",True,24255.29136513998,83.99913935820538,-51.02858293802983,1.6583178672364627,1.393570649492111,43.786982248520715,169,0,2435529136.513998,BTCUSDT
10,9,4715.536317435384,75.53833919583843,-82.07055643058695,1.149505068554244,1.069758813358316,1480,0,donchian,4h,1.6,"{""entry_n"": 40, ""exit_n"": 12}",True,11495.45898847661,69.45440687066358,-57.73191386825173,1.2863788067319513,1.1061179971174595,40.0,170,0,1159545898.847661,ETHUSDT
10,9,4715.536317435384,75.53833919583843,-82.07055643058695,1.149505068554244,1.069758813358316,1480,0,donchian,4h,1.6,"{""entry_n"": 40, ""exit_n"": 12}",True,23274.839148854706,85.97419513728799,-71.71656579538042,1.3670112910984598,1.1616313303622563,43.859649122807014,171,0,2337483914.8854704,BNBUSDT
10,9,4715.536317435384,75.53833919583843,-82.07055643058695,1.149505068554244,1.069758813358316,1480,0,donchian,4h,1.6,"{""entry_n"": 40, ""exit_n"": 12}",True,1174.6837011568641,35.88814686788113,-86.56538610508446,1.1659568025594298,0.7770905406083672,33.81294964028777,139,0,127468370.11568642,XRPUSDT
10,9,4715.536317435384,75.53833919583843,-82.07055643058695,1.149505068554244,1.069758813358316,1480,0,donchian,4h,1.6,"{""entry_n"": 40, ""exit_n"": 12}",True,1208.4754702895311,36.07959196096824,-82.73634600825883,1.1230950265261137,0.7876720756626996,40.993788819875775,161,0,130847547.02895312,ADAUSDT
10,9,4715.536317435384,75.53833919583843,-82.07055643058695,1.149505068554244,1.069758813358316,1480,0,donchian,4h,1.6,"{""entry_n"": 40, ""exit_n"": 12}",True,10483.107579762045,92.28267151344629,-86.50469581173877,1.1076407305461116,1.0572228469976699,40.33613445378151,119,0,1058310757.9762046,DOGEUSDT
10,9,4715.536317435384,75.53833919583843,-82.07055643058695,1.149505068554244,1.069758813358316,1480,0,donchian,4h,1.6,"{""entry_n"": 40, ""exit_n"": 12}",True,173.80162970670744,14.178736531887814,-94.88793214392666,1.023334551559248,0.6112502193620314,38.311688311688314,154,0,27380162.970670745,LINKUSDT
10,9,4715.536317435384,75.53833919583843,-82.07055643058695,1.149505068554244,1.069758813358316,1480,0,donchian,4h,1.6,"{""entry_n"": 40, ""exit_n"": 12}",True,-76.2086808823687,-15.230683065987938,-93.17266093855872,0.8982311254082316,0.1709602868980851,38.23529411764706,170,0,2379131.91176313,LTCUSDT
10,9,4715.536317435384,75.53833919583843,-82.07055643058695,1.149505068554244,1.069758813358316,1480,0,donchian,4h,1.6,"{""entry_n"": 40, ""exit_n"": 12}",True,3549.7290288597883,81.62227152101329,-74.92118638857863,1.1885480035394433,1.082294779718962,43.90243902439025,123,0,364972902.8859788,SOLUSDT
10,9,4715.536317435384,75.53833919583843,-82.07055643058695,1.149505068554244,1.069758813358316,1480,0,donchian,4h,1.6,"{""entry_n"": 40, ""exit_n"": 12}",True,5881.343606010981,99.75236786247675,-81.40476685291507,1.1330533345490583,1.184290462415383,37.5,104,0,598134360.6010981,AVAXUSDT
10,9,4635.614460510864,78.50300252197107,-86.3593595683507,1.1155220849562915,1.0716007528353892,1463,1,donchian,4h,1.8,"{""entry_n"": 40, ""exit_n"": 12}",False,38247.51418135437,93.50439232942436,-55.26421101862354,1.6149379366240546,1.3961719076940133,43.786982248520715,169,0,3834751418.1354365,BTCUSDT
10,9,4635.614460510864,78.50300252197107,-86.3593595683507,1.1155220849562915,1.0716007528353892,1463,1,donchian,4h,1.8,"{""entry_n"": 40, ""exit_n"": 12}",False,15238.122216253649,74.79649875178833,-62.55134936935332,1.2519477670797305,1.1104821855854865,40.0,170,0,1533812221.6253648,ETHUSDT
10,9,4635.614460510864,78.50300252197107,-86.3593595683507,1.1155220849562915,1.0716007528353892,1463,1,donchian,4h,1.8,"{""entry_n"": 40, ""exit_n"": 12}",False,31835.418200634234,92.69434564684698,-75.65611647934797,1.3213500957743674,1.1731317973066062,43.859649122807014,171,0,3193541820.063423,BNBUSDT
10,9,4635.614460510864,78.50300252197107,-86.3593595683507,1.1155220849562915,1.0716007528353892,1463,1,donchian,4h,1.8,"{""entry_n"": 40, ""exit_n"": 12}",False,980.9906386003399,33.216304917481665,-90.22490075316159,1.1271855130217667,0.7650858305466016,33.81294964028777,139,0,108099063.860034,XRPUSDT
10,9,4635.614460510864,78.50300252197107,-86.3593595683507,1.1155220849562915,1.0716007528353892,1463,1,donchian,4h,1.8,"{""entry_n"": 40, ""exit_n"": 12}",False,1136.9773957942557,35.166579130421916,-87.38726187784161,1.0962095318447875,0.7928661007554263,40.993788819875775,161,0,123697739.57942556,ADAUSDT
10,9,4635.614460510864,78.50300252197107,-86.3593595683507,1.1155220849562915,1.0716007528353892,1463,1,donchian,4h,1.8,"{""entry_n"": 40, ""exit_n"": 12}",False,10224.813198032465,91.6175073756313,-89.62595329718164,1.080102881625167,1.0594417687685687,40.33613445378151,119,0,1032481319.8032466,DOGEUSDT
10,9,4635.614460510864,78.50300252197107,-86.3593595683507,1.1155220849562915,1.0716007528353892,1463,1,donchian,4h,1.8,"{""entry_n"": 40, ""exit_n"": 12}",False,111.54522143002157,10.36641566535308,-97.0860961135658,1.0121958762661647,0.6168014953645715,38.311688311688314,154,0,21154522.143002156,LINKUSDT
10,9,4635.614460510864,78.50300252197107,-86.3593595683507,1.1155220849562915,1.0716007528353892,1463,1,donchian,4h,1.8,"{""entry_n"": 40, ""exit_n"": 12}",False,-100.0,-100.0,-100.0,0.8692349272244929,0.17047452409491,40.52287581699346,153,1,0.0,LTCUSDT
10,9,4635.614460510864,78.50300252197107,-86.3593595683507,1.1155220849562915,1.0716007528353892,1463,1,donchian,4h,1.8,"{""entry_n"": 40, ""exit_n"": 12}",False,3621.44314069862,82.2095062921538,-79.4300758779926,1.155256395650876,1.0837597369022098,43.90243902439025,123,0,372144314.069862,SOLUSDT
10,9,4635.614460510864,78.50300252197107,-86.3593595683507,1.1155220849562915,1.0716007528353892,1463,1,donchian,4h,1.8,"{""entry_n"": 40, ""exit_n"": 12}",False,5649.785780323107,98.42300539053228,-85.3314572588598,1.1038586568908162,1.1644454969108933,37.5,104,0,574978578.0323107,AVAXUSDT
10,9,4219.024925115045,79.85879145805566,-89.7346954984597,1.0870882787538616,1.0708315656415912,1463,1,donchian,4h,2.0,"{""entry_n"": 40, ""exit_n"": 12}",False,57732.627271202466,102.53030100633227,-59.22689674553101,1.5761571547254976,1.3977229470103787,43.786982248520715,169,0,5783262727.120247,BTCUSDT
10,9,4219.024925115045,79.85879145805566,-89.7346954984597,1.0870882787538616,1.0708315656415912,1463,1,donchian,4h,2.0,"{""entry_n"": 40, ""exit_n"": 12}",False,19079.681135654424,79.18576364558727,-67.01914938883371,1.220648873563659,1.1133975222296735,40.0,170,0,1917968113.5654423,ETHUSDT
10,9,4219.024925115045,79.85879145805566,-89.7346954984597,1.0870882787538616,1.0708315656415912,1463,1,donchian,4h,2.0,"{""entry_n"": 40, ""exit_n"": 12}",False,41415.715235165444,98.53176282490057,-79.09325756759294,1.2829714538994625,1.1835256186696408,43.859649122807014,171,0,4151571523.516545,BNBUSDT
10,9,4219.024925115045,79.85879145805566,-89.7346954984597,1.0870882787538616,1.0708315656415912,1463,1,donchian,4h,2.0,"{""entry_n"": 40, ""exit_n"": 12}",False,742.0182356426469,29.266201322773068,-93.0476291062989,1.0935045799508316,0.7522081110876834,33.81294964028777,139,0,84201823.56426468,XRPUSDT
10,9,4219.024925115045,79.85879145805566,-89.7346954984597,1.0870882787538616,1.0708315656415912,1463,1,donchian,4h,2.0,"{""entry_n"": 40, ""exit_n"": 12}",False,990.190191124312,33.136438521430776,-90.96137709441905,1.073333670808052,0.7969498125129879,40.993788819875775,161,0,109019019.11243121,ADAUSDT
10,9,4219.024925115045,79.85879145805566,-89.7346954984597,1.0870882787538616,1.0708315656415912,1463,1,donchian,4h,2.0,"{""entry_n"": 40, ""exit_n"": 12}",False,9156.9165126229,88.7058615077561,-92.55871225692826,1.058052956359746,1.0577024552983054,40.33613445378151,119,0,925691651.2622899,DOGEUSDT
10,9,4219.024925115045,79.85879145805566,-89.7346954984597,1.0870882787538616,1.0708315656415912,1463,1,donchian,4h,2.0,"{""entry_n"": 40, ""exit_n"": 12}",False,51.705177797176646,5.639751441868057,-98.41808105412778,1.0047467777800063,0.6217441498331869,38.311688311688314,154,0,15170517.779717665,LINKUSDT
10,9,4219.024925115045,79.85879145805566,-89.7346954984597,1.0870882787538616,1.0708315656415912,1463,1,donchian,4h,2.0,"{""entry_n"": 40, ""exit_n"": 12}",False,-100.0,-100.0,-100.0,0.8652763343064169,0.19604418389115097,40.52287581699346,153,1,0.0,LTCUSDT
10,9,4219.024925115045,79.85879145805566,-89.7346954984597,1.0870882787538616,1.0708315656415912,1463,1,donchian,4h,2.0,"{""entry_n"": 40, ""exit_n"": 12}",False,3419.6172244863037,80.53181927052407,-83.2735311430036,1.1266582297146064,1.083960675984877,43.90243902439025,123,0,351961722.44863033,SOLUSDT
10,9,4219.024925115045,79.85879145805566,-89.7346954984597,1.0870882787538616,1.0708315656415912,1463,1,donchian,4h,2.0,"{""entry_n"": 40, ""exit_n"": 12}",False,5018.432625743786,94.55795350171331,-88.50801390250034,1.0806719775568916,1.1447851535509088,37.5,104,0,511843262.5743786,AVAXUSDT
10,9,2725.9424938310517,50.17559731384043,-73.9887428174144,1.1812887627068525,0.9683208609452394,1466,0,supertrend,4h,1.0,"{""mult"": 3.5, ""period"": 14}",True,1852.247091793259,39.05845919451676,-53.3526871531001,1.3906363684990657,0.9959822948439356,38.764044943820224,178,0,195224709.1793259,BTCUSDT
10,9,2725.9424938310517,50.17559731384043,-73.9887428174144,1.1812887627068525,0.9683208609452394,1466,0,supertrend,4h,1.0,"{""mult"": 3.5, ""period"": 14}",True,2145.5281455499367,41.234877950803764,-62.97732723543439,1.2920354251043413,0.9014397262098344,38.01169590643275,171,0,224552814.55499366,ETHUSDT
10,9,2725.9424938310517,50.17559731384043,-73.9887428174144,1.1812887627068525,0.9683208609452394,1466,0,supertrend,4h,1.0,"{""mult"": 3.5, ""period"": 14}",True,14836.195495535434,76.73668770270305,-73.20984063017532,1.4435720120961135,1.1898367097034186,44.31137724550898,167,0,1493619549.5535436,BNBUSDT
10,9,2725.9424938310517,50.17559731384043,-73.9887428174144,1.1812887627068525,0.9683208609452394,1466,0,supertrend,4h,1.0,"{""mult"": 3.5, ""period"": 14}",True,297.44416184975717,18.087042573820188,-88.34106185521554,1.1536167751314232,0.5772274117763365,31.756756756756754,148,0,39744416.18497571,XRPUSDT
10,9,2725.9424938310517,50.17559731384043,-73.9887428174144,1.1812887627068525,0.9683208609452394,1466,0,supertrend,4h,1.0,"{""mult"": 3.5, ""period"": 14}",True,653.7778310625661,27.37883563205279,-74.76764500465349,1.1396477812838623,0.6953928978180572,37.17948717948718,156,0,75377783.1062566,ADAUSDT
10,9,2725.9424938310517,50.17559731384043,-73.9887428174144,1.1812887627068525,0.9683208609452394,1466,0,supertrend,4h,1.0,"{""mult"": 3.5, ""period"": 14}",True,4241.074974639282,69.6928056764905,-76.71581436941723,1.195259053549107,0.9611758755603503,38.01652892561984,121,0,434107497.4639282,DOGEUSDT
10,9,2725.9424938310517,50.17559731384043,-73.9887428174144,1.1812887627068525,0.9683208609452394,1466,0,supertrend,4h,1.0,"{""mult"": 3.5, ""period"": 14}",True,3306.3568421121668,59.11631667687709,-71.12487467148566,1.1502994482049438,0.9754658463301284,39.86013986013986,143,0,340635684.2112166,LINKUSDT
10,9,2725.9424938310517,50.17559731384043,-73.9887428174144,1.1812887627068525,0.9683208609452394,1466,0,supertrend,4h,1.0,"{""mult"": 3.5, ""period"": 14}",True,-62.224391816791226,-10.598296564453392,-88.77260466566004,0.9181144448776501,0.12278465717991936,37.03703703703704,162,0,3777560.818320878,LTCUSDT
10,9,2725.9424938310517,50.17559731384043,-73.9887428174144,1.1812887627068525,0.9683208609452394,1466,0,supertrend,4h,1.0,"{""mult"": 3.5, ""period"": 14}",True,6696.171329828957,101.35434213480022,-67.93860215414846,1.3176853235433796,1.2405253447116675,41.5929203539823,113,0,679617132.9828957,SOLUSDT
10,9,2725.9424938310517,50.17559731384043,-73.9887428174144,1.1812887627068525,0.9683208609452394,1466,0,supertrend,4h,1.0,"{""mult"": 3.5, ""period"": 14}",True,4129.847000168874,88.38389855560771,-77.70173364224375,1.167318471864598,1.1768441346761358,36.44859813084112,107,0,422984700.01688737,AVAXUSDT
10,9,3190.7759745860226,52.95992130676996,-78.34182111969406,1.1432054751434095,0.982329890103943,1466,0,supertrend,4h,1.15,"{""mult"": 3.5, ""period"": 14}",True,2442.260717133749,43.19335513789409,-58.47349685348866,1.3518564580241035,0.9930151539208063,38.764044943820224,178,0,254226071.71337488,BTCUSDT
10,9,3190.7759745860226,52.95992130676996,-78.34182111969406,1.1432054751434095,0.982329890103943,1466,0,supertrend,4h,1.15,"{""mult"": 3.5, ""period"": 14}",True,2374.6615227425054,42.76579268180991,-70.97756243011803,1.2537078656308351,0.8929366649487788,38.01169590643275,171,0,247466152.27425054,ETHUSDT
10,9,3190.7759745860226,52.95992130676996,-78.34182111969406,1.1432054751434095,0.982329890103943,1466,0,supertrend,4h,1.15,"{""mult"": 3.5, ""period"": 14}",True,22102.681810146878,84.88900202145257,-77.2440834820808,1.3890742800556548,1.1997419376214093,44.31137724550898,167,0,2220268181.014688,BNBUSDT
10,9,3190.7759745860226,52.95992130676996,-78.34182111969406,1.1432054751434095,0.982329890103943,1466,0,supertrend,4h,1.15,"{""mult"": 3.5, ""period"": 14}",True,238.48294381055646,15.824352632386617,-91.95942442811538,1.111062621523682,0.5613731972213318,31.756756756756754,148,0,33848294.381055646,XRPUSDT
10,9,3190.7759745860226,52.95992130676996,-78.34182111969406,1.1432054751434095,0.982329890103943,1466,0,supertrend,4h,1.15,"{""mult"": 3.5, ""period"": 14}",True,595.2960984527365,26.152342856670273,-79.43955875730731,1.1073706211512586,0.6838852614089935,37.17948717948718,156,0,69529609.84527366,ADAUSDT
10,9,3190.7759745860226,52.95992130676996,-78.34182111969406,1.1432054751434095,0.982329890103943,1466,0,supertrend,4h,1.15,"{""mult"": 3.5, ""period"": 14}",True,5180.616207100553,74.42005871785973,-81.27879209434037,1.156117559582634,0.9834326503124147,38.01652892561984,121,0,528061620.7100553,DOGEUSDT
10,9,3190.7759745860226,52.95992130676996,-78.34182111969406,1.1432054751434095,0.982329890103943,1466,0,supertrend,4h,1.15,"{""mult"": 3.5, ""period"": 14}",True,3939.291232038296,62.72648747564582,-76.11637571405878,1.1178911278554422,0.9812271298954715,39.86013986013986,143,0,403929123.2038296,LINKUSDT
10,9,3190.7759745860226,52.95992130676996,-78.34182111969406,1.1432054751434095,0.982329890103943,1466,0,supertrend,4h,1.15,"{""mult"": 3.5, ""period"": 14}",True,-73.02797497691552,-13.997726240831188,-92.36004201189175,0.9089630127349149,0.1294218177569205,37.03703703703704,162,0,2697202.502308448,LTCUSDT
10,9,3190.7759745860226,52.95992130676996,-78.34182111969406,1.1432054751434095,0.982329890103943,1466,0,supertrend,4h,1.15,"{""mult"": 3.5, ""period"": 14}",True,8212.374749589133,108.19494918184192,-73.11063868370522,1.2655611449589126,1.237818807616258,41.5929203539823,113,0,831237474.9589132,SOLUSDT
10,9,3190.7759745860226,52.95992130676996,-78.34182111969406,1.1432054751434095,0.982329890103943,1466,0,supertrend,4h,1.15,"{""mult"": 3.5, ""period"": 14}",True,4258.210037921817,89.33876825861589,-82.52396680478049,1.1302933907041852,1.1514612052931703,36.44859813084112,107,0,435821003.7921817,AVAXUSDT
10,9,3520.693293735322,55.011747239769846,-80.85232746129303,1.122486774136676,0.9875690814330357,1466,0,supertrend,4h,1.25,"{""mult"": 3.5, ""period"": 14}",True,2866.289855555795,45.665413780855445,-61.59235164061838,1.3285546093676837,0.9906760596083085,38.764044943820224,178,0,296628985.5555795,BTCUSDT
10,9,3520.693293735322,55.011747239769846,-80.85232746129303,1.122486774136676,0.9875690814330357,1466,0,supertrend,4h,1.25,"{""mult"": 3.5, ""period"": 14}",True,2375.0932449642623,42.768556086808516,-76.10117148779258,1.2305085599350092,0.8864368974249924,38.01169590643275,171,0,247509324.49642622,ETHUSDT
10,9,3520.693293735322,55.011747239769846,-80.85232746129303,1.122486774136676,0.9875690814330357,1466,0,supertrend,4h,1.25,"{""mult"": 3.5, ""period"": 14}",True,27909.45253734359,89.84041796417812,-79.59501340930521,1.3579760490967487,1.2052738679195887,44.31137724550898,167,0,2800945253.734359,BNBUSDT
10,9,3520.693293735322,55.011747239769846,-80.85232746129303,1.122486774136676,0.9875690814330357,1466,0,supertrend,4h,1.25,"{""mult"": 3.5, ""period"": 14}",True,193.09793884601953,13.832646988945974,-93.78769308062509,1.0863357688840094,0.5508822041232547,31.756756756756754,148,0,29309793.884601954,XRPUSDT
10,9,3520.693293735322,55.011747239769846,-80.85232746129303,1.122486774136676,0.9875690814330357,1466,0,supertrend,4h,1.25,"{""mult"": 3.5, ""period"": 14}",True,532.3903202080394,24.727220023955088,-82.10964151328085,1.0891949496466877,0.676124963498585,37.17948717948718,156,0,63239032.020803936,ADAUSDT
10,9,3520.693293735322,55.011747239769846,-80.85232746129303,1.122486774136676,0.9875690814330357,1466,0,supertrend,4h,1.25,"{""mult"": 3.5, ""period"": 14}",True,5701.480103773249,76.73639455405774,-83.85030634638339,1.1345014726597404,0.9955102230874805,38.01652892561984,121,0,580148010.3773248,DOGEUSDT
10,9,3520.693293735322,55.011747239769846,-80.85232746129303,1.122486774136676,0.9875690814330357,1466,0,supertrend,4h,1.25,"{""mult"": 3.5, ""period"": 14}",True,4257.3114044067825,64.35808069868425,-78.97818452634246,1.0999453837153863,0.9844621032577628,39.86013986013986,143,0,435731140.44067824,LINKUSDT
10,9,3520.693293735322,55.011747239769846,-80.85232746129303,1.122486774136676,0.9875690814330357,1466,0,supertrend,4h,1.25,"{""mult"": 3.5, ""period"": 14}",True,-79.01396192204888,-16.445809592768857,-94.13664239525184,0.9026883443516422,0.1332904089639372,37.03703703703704,162,0,2098603.807795112,LTCUSDT
10,9,3520.693293735322,55.011747239769846,-80.85232746129303,1.122486774136676,0.9875690814330357,1466,0,supertrend,4h,1.25,"{""mult"": 3.5, ""period"": 14}",True,9042.966554931056,111.51047709014796,-76.19593117421017,1.2363534354902106,1.2357433940181675,41.5929203539823,113,0,914296655.4931055,SOLUSDT
10,9,3520.693293735322,55.011747239769846,-80.85232746129303,1.122486774136676,0.9875690814330357,1466,0,supertrend,4h,1.25,"{""mult"": 3.5, ""period"": 14}",True,4175.096731914849,88.72321730201122,-85.18961836212932,1.1104720756136117,1.1348978089803836,36.44859813084112,107,0,427509673.1914849,AVAXUSDT
10,9,3678.321335478752,57.30238189907354,-84.66776685467545,1.0967964971348665,0.9876674581336138,1466,0,supertrend,4h,1.4,"{""mult"": 3.5, ""period"": 14}",True,3523.544304851756,48.93647363536171,-65.86847176197614,1.2967801193302984,0.9867223114976522,38.764044943820224,178,0,362354430.4851756,BTCUSDT
10,9,3678.321335478752,57.30238189907354,-84.66776685467545,1.0967964971348665,0.9876674581336138,1466,0,supertrend,4h,1.4,"{""mult"": 3.5, ""period"": 14}",True,2086.460315646997,40.81774605868043,-83.47312330195493,1.1982630235256149,0.8755888463508332,38.01169590643275,171,0,218646031.5646997,ETHUSDT
10,9,3678.321335478752,57.30238189907354,-84.66776685467545,1.0967964971348665,0.9876674581336138,1466,0,supertrend,4h,1.4,"{""mult"": 3.5, ""period"": 14}",True,37860.57687810505,96.5202495713126,-82.6930192065559,1.3172998088882637,1.2123708694225022,44.31137724550898,167,0,3796057687.8105054,BNBUSDT
10,9,3678.321335478752,57.30238189907354,-84.66776685467545,1.0967964971348665,0.9876674581336138,1466,0,supertrend,4h,1.4,"{""mult"": 3.5, ""period"": 14}",True,124.05950374174095,10.207875814097832,-95.8489207361944,1.0540293494881963,0.5353417518893865,31.756756756756754,148,0,22405950.374174096,XRPUSDT
10,9,3678.321335478752,57.30238189907354,-84.66776685467545,1.0967964971348665,0.9876674581336138,1466,0,supertrend,4h,1.4,"{""mult"": 3.5, ""period"": 14}",True,417.49851277243965,21.76687922153915,-85.54081691451746,1.0659817593791752,0.664480650732869,37.17948717948718,156,0,51749851.277243964,ADAUSDT
10,9,3678.321335478752,57.30238189907354,-84.66776685467545,1.0967964971348665,0.9876674581336138,1466,0,supertrend,4h,1.4,"{""mult"": 3.5, ""period"": 14}",True,6246.060710989936,78.9742958515871,-87.11619968386837,1.1073274160807292,1.0102455859924515,38.01652892561984,121,0,634606071.0989935,DOGEUSDT
10,9,3678.321335478752,57.30238189907354,-84.66776685467545,1.0967964971348665,0.9876674581336138,1466,0,supertrend,4h,1.4,"{""mult"": 3.5, ""period"": 14}",True,4528.211729133839,65.66829016278537,-83.79471679483345,1.077423271014837,0.9886126047695754,39.86013986013986,143,0,462821172.91338396,LINKUSDT
10,9,3678.321335478752,57.30238189907354,-84.66776685467545,1.0967964971348665,0.9876674581336138,1466,0,supertrend,4h,1.4,"{""mult"": 3.5, ""period"": 14}",True,-86.1555217047799,-20.351295450749983,-96.16897049292771,0.8923492553437933,0.13834593647470994,37.03703703703704,162,0,1384447.8295220097,LTCUSDT
10,9,3678.321335478752,57.30238189907354,-84.66776685467545,1.0967964971348665,0.9876674581336138,1466,0,supertrend,4h,1.4,"{""mult"": 3.5, ""period"": 14}",True,9884.447202323112,114.62244711738263,-80.31986239739746,1.199007087992926,1.232352160298865,41.5929203539823,113,0,998444720.2323111,SOLUSDT
10,9,3678.321335478752,57.30238189907354,-84.66776685467545,1.0967964971348665,0.9876674581336138,1466,0,supertrend,4h,1.4,"{""mult"": 3.5, ""period"": 14}",True,3833.098366105748,86.08069075458349,-88.4999957366048,1.086265578189004,1.1108078491570046,36.44859813084112,107,0,393309836.6105748,AVAXUSDT
10,9,3736.9388777587833,58.91999163872951,-90.12544706857415,1.0702742860562724,0.9869638654779682,1466,0,supertrend,4h,1.6,"{""mult"": 3.5, ""period"": 14}",False,4375.289439566146,52.466592572658776,-71.14773933680156,1.259309349038631,0.980778830860035,38.764044943820224,178,0,447528943.9566146,BTCUSDT
10,9,3736.9388777587833,58.91999163872951,-90.12544706857415,1.0702742860562724,0.9869638654779682,1466,0,supertrend,4h,1.6,"{""mult"": 3.5, ""period"": 14}",False,1127.9843729776442,32.085931047471036,-92.72129866526765,1.155921614353716,0.8593137889160969,38.01169590643275,171,0,122798437.29776442,ETHUSDT
10,9,3736.9388777587833,58.91999163872951,-90.12544706857415,1.0702742860562724,0.9869638654779682,1466,0,supertrend,4h,1.6,"{""mult"": 3.5, ""period"": 14}",False,52589.18814018709,103.987931771238,-86.14999713096292,1.2715764696099017,1.2201646039311467,44.31137724550898,167,0,5268918814.018709,BNBUSDT
10,9,3736.9388777587833,58.91999163872951,-90.12544706857415,1.0702742860562724,0.9869638654779682,1466,0,supertrend,4h,1.6,"{""mult"": 3.5, ""period"": 14}",False,42.49548223147271,4.359101282052302,-97.65182184771001,1.0188187929216719,0.5150475132215898,31.756756756756754,148,0,14249548.22314727,XRPUSDT
10,9,3736.9388777587833,58.91999163872951,-90.12544706857415,1.0702742860562724,0.9869638654779682,1466,0,supertrend,4h,1.6,"{""mult"": 3.5, ""period"": 14}",False,257.13721317005826,16.474770656630923,-89.20763699206373,1.041015139979848,0.6491246732781053,37.17948717948718,156,0,35713721.31700583,ADAUSDT
10,9,3736.9388777587833,58.91999163872951,-90.12544706857415,1.0702742860562724,0.9869638654779682,1466,0,supertrend,4h,1.6,"{""mult"": 3.5, ""period"": 14}",False,6433.852851623632,79.70777714864138,-90.55825404556911,1.078767105157587,1.0247703778626833,38.01652892561984,121,0,653385285.1623633,DOGEUSDT
10,9,3736.9388777587833,58.91999163872951,-90.12544706857415,1.0702742860562724,0.9869638654779682,1466,0,supertrend,4h,1.6,"{""mult"": 3.5, ""period"": 14}",False,4465.995669776278,65.37339070480026,-89.69264009157918,1.0540085057539077,0.9931489000959015,39.86013986013986,143,0,456599566.9776278,LINKUSDT
10,9,3736.9388777587833,58.91999163872951,-90.12544706857415,1.0702742860562724,0.9869638654779682,1466,0,supertrend,4h,1.6,"{""mult"": 3.5, ""period"": 14}",False,-92.61925864597059,-25.913045032233494,-97.89612527704129,0.8752744098206342,0.1438418557754562,37.03703703703704,162,0,738074.1354029408,LTCUSDT
10,9,3736.9388777587833,58.91999163872951,-90.12544706857415,1.0702742860562724,0.9869638654779682,1466,0,supertrend,4h,1.6,"{""mult"": 3.5, ""period"": 14}",False,10091.7818898074,115.35547877846568,-84.95783252038542,1.158612282237414,1.2275151681070369,41.5929203539823,113,0,1019178188.9807401,SOLUSDT
10,9,3736.9388777587833,58.91999163872951,-90.12544706857415,1.0702742860562724,0.9869638654779682,1466,0,supertrend,4h,1.6,"{""mult"": 3.5, ""period"": 14}",False,3098.5883159514206,79.68769096501865,-91.86730929205854,1.061781466954958,1.0802455628518985,36.44859813084112,107,0,319858831.59514207,AVAXUSDT
10,7,3108.0566834797182,58.9641866358056,-93.45071046485256,1.0401559864299026,0.9855530808931958,1296,0,supertrend,4h,1.8,"{""mult"": 3.5, ""period"": 14}",False,5102.081908248818,55.03386926156555,-76.2461342723299,1.2263437914120885,0.9742413823450405,38.764044943820224,178,0,520208190.82488173,BTCUSDT
10,7,3108.0566834797182,58.9641866358056,-93.45071046485256,1.0401559864299026,0.9855530808931958,1296,0,supertrend,4h,1.8,"{""mult"": 3.5, ""period"": 14}",False,-100.0,-100.0,-100.0,0.0,-0.4171398733789255,0.0,1,0,0.0,ETHUSDT
10,7,3108.0566834797182,58.9641866358056,-93.45071046485256,1.0401559864299026,0.9855530808931958,1296,0,supertrend,4h,1.8,"{""mult"": 3.5, ""period"": 14}",False,67231.3262498792,109.75807794672625,-88.97284203594184,1.2331087916850392,1.2265904395682692,44.31137724550898,167,0,6733132624.987921,BNBUSDT
10,7,3108.0566834797182,58.9641866358056,-93.45071046485256,1.0401559864299026,0.9855530808931958,1296,0,supertrend,4h,1.8,"{""mult"": 3.5, ""period"": 14}",False,-18.419218627630272,-2.4229037034242173,-98.72369139608905,0.9913373641880516,0.49523083224297393,31.756756756756754,148,0,8158078.137236972,XRPUSDT
10,7,3108.0566834797182,58.9641866358056,-93.45071046485256,1.0401559864299026,0.9855530808931958,1296,0,supertrend,4h,1.8,"{""mult"": 3.5, ""period"": 14}",False,120.12755041301078,9.914191135599658,-92.02879610332859,1.0210927406384884,0.6341256162709275,37.17948717948718,156,0,22012755.04130108,ADAUSDT
10,7,3108.0566834797182,58.9641866358056,-93.45071046485256,1.0401559864299026,0.9855530808931958,1296,0,supertrend,4h,1.8,"{""mult"": 3.5, ""period"": 14}",False,6000.1832741704175,77.98519759688654,-93.17118302616922,1.056887916892361,1.0346847001681851,38.01652892561984,121,0,610018327.4170418,DOGEUSDT
10,7,3108.0566834797182,58.9641866358056,-93.45071046485256,1.0401559864299026,0.9855530808931958,1296,0,supertrend,4h,1.8,"{""mult"": 3.5, ""period"": 14}",False,3971.080580687724,62.89450401004566,-93.73023790353592,1.0365595635167464,0.9968647794413511,39.86013986013986,143,0,407108058.0687724,LINKUSDT
10,7,3108.0566834797182,58.9641866358056,-93.45071046485256,1.0401559864299026,0.9855530808931958,1296,0,supertrend,4h,1.8,"{""mult"": 3.5, ""period"": 14}",False,-96.39170293331293,-31.770000954565614,-98.88253369123115,0.8518211979827448,0.1480879437181329,37.03703703703704,162,0,360829.70666870667,LTCUSDT
10,7,3108.0566834797182,58.9641866358056,-93.45071046485256,1.0401559864299026,0.9855530808931958,1296,0,supertrend,4h,1.8,"{""mult"": 3.5, ""period"": 14}",False,9259.011574326942,112.33154493490436,-88.72139424360348,1.1263574811462693,1.2225416991819509,41.5929203539823,113,0,935901157.4326941,SOLUSDT
10,7,3108.0566834797182,58.9641866358056,-93.45071046485256,1.0401559864299026,0.9855530808931958,1296,0,supertrend,4h,1.8,"{""mult"": 3.5, ""period"": 14}",False,2245.032786271713,70.49803494243683,-94.3110584093488,1.0437524093430586,1.0514487263326557,36.44859813084112,107,0,234503278.6271713,AVAXUSDT
10,7,2325.6730596726716,57.534579591214694,-95.60778886326082,1.0270727127182053,0.9836355125696943,1276,1,supertrend,4h,2.0,"{""mult"": 3.5, ""period"": 14}",False,5606.855510789892,56.63519526339273,-80.61263978173035,1.1970217633631224,0.9672545914442345,38.764044943820224,178,0,570685551.0789891,BTCUSDT
10,7,2325.6730596726716,57.534579591214694,-95.60778886326082,1.0270727127182053,0.9836355125696943,1276,1,supertrend,4h,2.0,"{""mult"": 3.5, ""period"": 14}",False,-100.0,-100.0,-100.0,0.0,-0.42493268232531023,0.0,1,0,0.0,ETHUSDT
10,7,2325.6730596726716,57.534579591214694,-95.60778886326082,1.0270727127182053,0.9836355125696943,1276,1,supertrend,4h,2.0,"{""mult"": 3.5, ""period"": 14}",False,79485.45768794577,113.7858998789123,-91.27590808472353,1.2001364033752284,1.2320324141206922,44.31137724550898,167,0,7958545768.794577,BNBUSDT
10,7,2325.6730596726716,57.534579591214694,-95.60778886326082,1.0270727127182053,0.9836355125696943,1276,1,supertrend,4h,2.0,"{""mult"": 3.5, ""period"": 14}",False,-57.94212246801449,-9.90924775002705,-99.3363813583045,0.9701762727836273,0.47580625689235273,31.756756756756754,148,0,4205787.753198551,XRPUSDT
10,7,2325.6730596726716,57.534579591214694,-95.60778886326082,1.0270727127182053,0.9836355125696943,1276,1,supertrend,4h,2.0,"{""mult"": 3.5, ""period"": 14}",False,21.64279700276881,2.3749474529240144,-95.14984955226274,1.004507691570117,0.6196007288028393,37.17948717948718,156,0,12164279.700276881,ADAUSDT
10,7,2325.6730596726716,57.534579591214694,-95.60778886326082,1.0270727127182053,0.9836355125696943,1276,1,supertrend,4h,2.0,"{""mult"": 3.5, ""period"": 14}",False,5084.857101689082,73.97297661023812,-95.1379837495604,1.0401163097880755,1.0409830673163067,38.01652892561984,121,0,518485710.1689082,DOGEUSDT
10,7,2325.6730596726716,57.534579591214694,-95.60778886326082,1.0270727127182053,0.9836355125696943,1276,1,supertrend,4h,2.0,"{""mult"": 3.5, ""period"": 14}",False,3196.948366762529,58.43396391903666,-96.3542503964771,1.0238076270582637,1.000016433695154,39.86013986013986,143,0,329694836.6762529,LINKUSDT
10,7,2325.6730596726716,57.534579591214694,-95.60778886326082,1.0270727127182053,0.9836355125696943,1276,1,supertrend,4h,2.0,"{""mult"": 3.5, ""period"": 14}",False,-100.0,-100.0,-100.0,0.8156570656412562,0.2273455704954679,40.140845070422536,142,1,0.0,LTCUSDT
10,7,2325.6730596726716,57.534579591214694,-95.60778886326082,1.0270727127182053,0.9836355125696943,1276,1,supertrend,4h,2.0,"{""mult"": 3.5, ""period"": 14}",False,7649.226647264639,105.7860584834184,-91.72630953636713,1.1002840634815527,1.2176328525745497,41.5929203539823,113,0,774922664.7264639,SOLUSDT
10,7,2325.6730596726716,57.534579591214694,-95.60778886326082,1.0270727127182053,0.9836355125696943,1276,1,supertrend,4h,2.0,"{""mult"": 3.5, ""period"": 14}",False,1454.3977525828143,59.04382509519779,-96.06572817425891,1.030337798378147,1.0242781219634178,36.44859813084112,107,0,155439775.25828144,AVAXUSDT
10,9,2714.9434085652233,48.78112051146951,-66.60319177192162,1.2995762749298365,1.006057021850123,1333,0,donchian,4h,1.0,"{""entry_n"": 40, ""exit_n"": 16}",True,7111.550531949089,60.75570290535948,-34.62470763371399,1.9291839612221746,1.4239497439281321,41.61073825503356,149,0,721155053.194909,BTCUSDT
10,9,2714.9434085652233,48.78112051146951,-66.60319177192162,1.2995762749298365,1.006057021850123,1333,0,donchian,4h,1.0,"{""entry_n"": 40, ""exit_n"": 16}",True,3744.447413426062,49.9176517790407,-41.43788729875829,1.4733554004431255,1.0797149385935645,41.17647058823529,153,0,384444741.34260625,ETHUSDT
10,9,2714.9434085652233,48.78112051146951,-66.60319177192162,1.2995762749298365,1.006057021850123,1333,0,donchian,4h,1.0,"{""entry_n"": 40, ""exit_n"": 16}",True,2973.1595705282507,47.64458924389832,-67.68236890803634,1.4743641383062407,0.951472326782983,39.490445859872615,157,0,307315957.0528251,BNBUSDT
10,9,2714.9434085652233,48.78112051146951,-66.60319177192162,1.2995762749298365,1.006057021850123,1333,0,donchian,4h,1.0,"{""entry_n"": 40, ""exit_n"": 16}",True,917.0668403177154,32.24154651519049,-68.03587052734488,1.2936659021412875,0.7596176258230206,31.25,128,0,101706684.03177154,XRPUSDT
10,9,2714.9434085652233,48.78112051146951,-66.60319177192162,1.2995762749298365,1.006057021850123,1333,0,donchian,4h,1.0,"{""entry_n"": 40, ""exit_n"": 16}",True,958.2838179339802,32.66349960933583,-62.6066378393716,1.1996236205189996,0.7684025316706633,41.49659863945578,147,0,105828381.79339802,ADAUSDT
10,9,2714.9434085652233,48.78112051146951,-66.60319177192162,1.2995762749298365,1.006057021850123,1333,0,donchian,4h,1.0,"{""entry_n"": 40, ""exit_n"": 16}",True,8850.569317933987,87.81731419481582,-76.4161097835089,1.3054866477183855,1.060641716917263,44.03669724770643,109,0,895056931.7933987,DOGEUSDT
10,9,2714.9434085652233,48.78112051146951,-66.60319177192162,1.2995762749298365,1.006057021850123,1333,0,donchian,4h,1.0,"{""entry_n"": 40, ""exit_n"": 16}",True,300.00187215860626,20.020942609765456,-86.9106279334773,1.0805035305366921,0.6049032116996265,39.130434782608695,138,0,40000187.21586063,LINKUSDT
10,9,2714.9434085652233,48.78112051146951,-66.60319177192162,1.2995762749298365,1.006057021850123,1333,0,donchian,4h,1.0,"{""entry_n"": 40, ""exit_n"": 16}",True,-24.685108620994043,-3.2097669423271524,-77.13133678562667,0.9658142151908973,0.2029856904549002,36.12903225806451,155,0,7531489.137900596,LTCUSDT
10,9,2714.9434085652233,48.78112051146951,-66.60319177192162,1.2995762749298365,1.006057021850123,1333,0,donchian,4h,1.0,"{""entry_n"": 40, ""exit_n"": 16}",True,2456.727246602196,71.20872406436325,-62.64686914421538,1.33710206641517,1.0884151482487403,42.99065420560748,107,0,255672724.66021958,SOLUSDT
10,9,2714.9434085652233,48.78112051146951,-66.60319177192162,1.2995762749298365,1.006057021850123,1333,0,donchian,4h,1.0,"{""entry_n"": 40, ""exit_n"": 16}",True,7049.159267087339,105.86917324917518,-65.5240146358069,1.2772704330099036,1.3558545127203867,37.77777777777778,90,0,714915926.7087339,AVAXUSDT
10,9,3359.7976957753344,53.89850827418121,-71.5459013773098,1.2484966162424742,1.0208406200737934,1333,0,donchian,4h,1.15,"{""entry_n"": 40, ""exit_n"": 16}",True,11651.635638236638,69.70615164011404,-38.07134330562523,1.8646160164999042,1.437052451496666,41.61073825503356,149,0,1175163563.8236637,BTCUSDT
10,9,3359.7976957753344,53.89850827418121,-71.5459013773098,1.2484966162424742,1.0208406200737934,1333,0,donchian,4h,1.15,"{""entry_n"": 40, ""exit_n"": 16}",True,5369.34745180021,55.8981223778225,-45.566843405599755,1.4319910222405703,1.0867263167339087,41.17647058823529,153,0,546934745.180021,ETHUSDT
10,9,3359.7976957753344,53.89850827418121,-71.5459013773098,1.2484966162424742,1.0208406200737934,1333,0,donchian,4h,1.15,"{""entry_n"": 40, ""exit_n"": 16}",True,3844.935375044443,51.89889417053992,-72.15107609682231,1.4176207974036998,0.9602198531680055,39.490445859872615,157,0,394493537.5044443,BNBUSDT
10,9,3359.7976957753344,53.89850827418121,-71.5459013773098,1.2484966162424742,1.0208406200737934,1333,0,donchian,4h,1.15,"{""entry_n"": 40, ""exit_n"": 16}",True,912.8960676146812,32.17609146233522,-73.86666679571002,1.2420552414823844,0.7451728246058194,31.25,128,0,101289606.76146813,XRPUSDT
10,9,3359.7976957753344,53.89850827418121,-71.5459013773098,1.2484966162424742,1.0208406200737934,1333,0,donchian,4h,1.15,"{""entry_n"": 40, ""exit_n"": 16}",True,1077.0261244887654,34.36447877965865,-69.42789234567765,1.1662464184563965,0.7726853041747527,41.49659863945578,147,0,117702612.44887654,ADAUSDT
10,9,3359.7976957753344,53.89850827418121,-71.5459013773098,1.2484966162424742,1.0208406200737934,1333,0,donchian,4h,1.15,"{""entry_n"": 40, ""exit_n"": 16}",True,11468.685282608392,94.6989010010136,-80.97247681767311,1.2549379910025638,1.0814613869795813,44.03669724770643,109,0,1156868528.2608392,DOGEUSDT
10,9,3359.7976957753344,53.89850827418121,-71.5459013773098,1.2484966162424742,1.0208406200737934,1333,0,donchian,4h,1.15,"{""entry_n"": 40, ""exit_n"": 16}",True,285.19378153191013,19.426406289707643,-91.19604453482401,1.057621247954376,0.6089705457425623,39.130434782608695,138,0,38519378.153191015,LINKUSDT
10,9,3359.7976957753344,53.89850827418121,-71.5459013773098,1.2484966162424742,1.0208406200737934,1333,0,donchian,4h,1.15,"{""entry_n"": 40, ""exit_n"": 16}",True,-37.79194624795663,-5.316127082688649,-82.50507957024796,0.9523820057310675,0.20908557862304786,36.12903225806451,155,0,6220805.375204337,LTCUSDT
10,9,3359.7976957753344,53.89850827418121,-71.5459013773098,1.2484966162424742,1.0208406200737934,1333,0,donchian,4h,1.15,"{""entry_n"": 40, ""exit_n"": 16}",True,2874.6600165062264,75.5633603107144,-68.73310850686416,1.286882139431514,1.0841555385067168,42.99065420560748,107,0,297466001.6506226,SOLUSDT
10,9,3359.7976957753344,53.89850827418121,-71.5459013773098,1.2484966162424742,1.0208406200737934,1333,0,donchian,4h,1.15,"{""entry_n"": 40, ""exit_n"": 16}",True,8876.261240519289,113.94749836991136,-70.94072665779731,1.2249898832779431,1.3435995296531589,37.77777777777778,90,0,897626124.0519288,AVAXUSDT
10,9,3755.2975466511434,56.99526223811607,-74.45049903240255,1.2190141407391009,1.0225332141524683,1333,0,donchian,4h,1.25,"{""entry_n"": 40, ""exit_n"": 16}",True,15889.731375503778,75.60531564370274,-40.231790528929935,1.826004680215911,1.4444013202480712,41.61073825503356,149,0,1598973137.5503776,BTCUSDT
10,9,3755.2975466511434,56.99526223811607,-74.45049903240255,1.2190141407391009,1.0225332141524683,1333,0,donchian,4h,1.25,"{""entry_n"": 40, ""exit_n"": 16}",True,6658.4487265700345,59.60237969478759,-48.158343680191074,1.4069978498261255,1.0905454876112648,41.17647058823529,153,0,675844872.6570035,ETHUSDT
10,9,3755.2975466511434,56.99526223811607,-74.45049903240255,1.2190141407391009,1.0225332141524683,1333,0,donchian,4h,1.25,"{""entry_n"": 40, ""exit_n"": 16}",True,4450.910116175774,54.38814478144456,-74.76919987973744,1.385083318647628,0.9652457236172727,39.490445859872615,157,0,455091011.6175775,BNBUSDT
10,9,3755.2975466511434,56.99526223811607,-74.45049903240255,1.2190141407391009,1.0225332141524683,1333,0,donchian,4h,1.25,"{""entry_n"": 40, ""exit_n"": 16}",True,876.1189239021384,31.5884278079251,-77.30599290988643,1.2117450773530016,0.7352164468927062,31.25,128,0,97611892.39021385,XRPUSDT
10,9,3755.2975466511434,56.99526223811607,-74.45049903240255,1.2190141407391009,1.0225332141524683,1333,0,donchian,4h,1.25,"{""entry_n"": 40, ""exit_n"": 16}",True,1126.9604278672223,35.034975428790815,-73.4765337430942,1.146614387507464,0.7749356300820498,41.49659863945578,147,0,122696042.78672223,ADAUSDT
10,9,3755.2975466511434,56.99526223811607,-74.45049903240255,1.2190141407391009,1.0225332141524683,1333,0,donchian,4h,1.25,"{""entry_n"": 40, ""exit_n"": 16}",True,13171.652110571029,98.48504891130017,-83.54088370605055,1.2262832041251999,1.0926778772663324,44.03669724770643,109,0,1327165211.057103,DOGEUSDT
10,9,3755.2975466511434,56.99526223811607,-74.45049903240255,1.2190141407391009,1.0225332141524683,1333,0,donchian,4h,1.25,"{""entry_n"": 40, ""exit_n"": 16}",True,264.6101795862094,18.566124382118176,-93.34233805801377,1.0452238463844539,0.611147059601146,39.130434782608695,138,0,36461017.95862094,LINKUSDT
10,9,3755.2975466511434,56.99526223811607,-74.45049903240255,1.2190141407391009,1.0225332141524683,1333,0,donchian,4h,1.25,"{""entry_n"": 40, ""exit_n"": 16}",True,-46.332321097357664,-6.911605248047081,-85.4661335161378,0.9440285458038101,0.21267078373406817,36.12903225806451,155,0,5366767.890264234,LTCUSDT
10,9,3755.2975466511434,56.99526223811607,-74.45049903240255,1.2190141407391009,1.0225332141524683,1333,0,donchian,4h,1.25,"{""entry_n"": 40, ""exit_n"": 16}",True,3059.684977126512,77.3296545432925,-72.46349998108693,1.2577306888840352,1.0798207046876642,42.99065420560748,107,0,315968497.7126512,SOLUSDT
10,9,3755.2975466511434,56.99526223811607,-74.45049903240255,1.2190141407391009,1.0225332141524683,1333,0,donchian,4h,1.25,"{""entry_n"": 40, ""exit_n"": 16}",True,9992.459017364512,118.23061099864493,-74.13179818506767,1.1963617904644452,1.3348071647803699,37.77777777777778,90,0,1009245901.7364511,AVAXUSDT
10,9,4255.1333482110595,61.161534899493056,-78.58501330400688,1.180231841502188,1.0215481918448515,1333,0,donchian,4h,1.4,"{""entry_n"": 40, ""exit_n"": 16}",True,24653.74445513169,84.33074936197873,-43.2937770198942,1.7734734111161732,1.4536947909305802,41.61073825503356,149,0,2475374445.513169,BTCUSDT
10,9,4255.1333482110595,61.161534899493056,-78.58501330400688,1.180231841502188,1.0215481918448515,1333,0,donchian,4h,1.4,"{""entry_n"": 40, ""exit_n"": 16}",True,8877.841810534013,64.71132657005141,-51.83290496917166,1.3725480800428238,1.0951732343603402,41.17647058823529,153,0,897784181.0534014,ETHUSDT
10,9,4255.1333482110595,61.161534899493056,-78.58501330400688,1.180231841502188,1.0215481918448515,1333,0,donchian,4h,1.4,"{""entry_n"": 40, ""exit_n"": 16}",True,5357.501276988431,57.6117432289347,-78.237562294383,1.3425324884089878,0.9718691439451251,39.490445859872615,157,0,545750127.6988431,BNBUSDT
10,9,4255.1333482110595,61.161534899493056,-78.58501330400688,1.180231841502188,1.0215481918448515,1333,0,donchian,4h,1.4,"{""entry_n"": 40, ""exit_n"": 16}",True,779.8248736577095,29.952056779786474,-81.82967709959999,1.1713662951460588,0.7199767428504709,31.25,128,0,87982487.36577095,XRPUSDT
10,9,4255.1333482110595,61.161534899493056,-78.58501330400688,1.180231841502188,1.0215481918448515,1333,0,donchian,4h,1.4,"{""entry_n"": 40, ""exit_n"": 16}",True,1151.9415159125765,35.36144205493079,-78.81537695450827,1.1205085100228909,0.7775409975242927,41.49659863945578,147,0,125194151.59125766,ADAUSDT
10,9,4255.1333482110595,61.161534899493056,-78.58501330400688,1.180231841502188,1.0215481918448515,1333,0,donchian,4h,1.4,"{""entry_n"": 40, ""exit_n"": 16}",True,15467.118007551779,102.97584859790896,-86.8050616142006,1.1890973878583169,1.1061980336315471,44.03669724770643,109,0,1556711800.7551777,DOGEUSDT
10,9,4255.1333482110595,61.161534899493056,-78.58501330400688,1.180231841502188,1.0215481918448515,1333,0,donchian,4h,1.4,"{""entry_n"": 40, ""exit_n"": 16}",True,221.55116432341555,16.620725720397942,-95.72215220124447,1.0302613982606124,0.6137652482600224,39.130434782608695,138,0,32155116.432341553,LINKUSDT
10,9,4255.1333482110595,61.161534899493056,-78.58501330400688,1.180231841502188,1.0215481918448515,1333,0,donchian,4h,1.4,"{""entry_n"": 40, ""exit_n"": 16}",True,-58.27212454485553,-9.56866890462571,-89.1093237018063,0.9320364587013087,0.21741315115891907,36.12903225806451,155,0,4172787.545514447,LTCUSDT
10,9,4255.1333482110595,61.161534899493056,-78.58501330400688,1.180231841502188,1.0215481918448515,1333,0,donchian,4h,1.4,"{""entry_n"": 40, ""exit_n"": 16}",True,3152.7654194336883,78.18580939236995,-77.608930583095,1.2191871576297129,1.0712272397445777,42.99065420560748,107,0,325276541.94336885,SOLUSDT
10,9,4255.1333482110595,61.161534899493056,-78.58501330400688,1.180231841502188,1.0215481918448515,1333,0,donchian,4h,1.4,"{""entry_n"": 40, ""exit_n"": 16}",True,11379.603680681836,123.0357725777422,-78.35464965350548,1.160557858234023,1.3210783137940094,37.77777777777778,90,0,1147960368.0681837,AVAXUSDT
10,9,4683.31192192216,65.81152602390554,-84.33176406918597,1.1366610200625762,1.017655316024161,1333,0,donchian,4h,1.6,"{""entry_n"": 40, ""exit_n"": 16}",True,42331.768131004734,95.68968873706835,-47.08831340546826,1.7115385351063068,1.463421372270473,41.61073825503356,149,0,4243176813.1004734,BTCUSDT
10,9,4683.31192192216,65.81152602390554,-84.33176406918597,1.1366610200625762,1.017655316024161,1333,0,donchian,4h,1.6,"{""entry_n"": 40, ""exit_n"": 16}",True,12251.56110453427,70.64631997525281,-56.382331679368505,1.3310599590387626,1.0996048631087163,41.17647058823529,153,0,1235156110.453427,ETHUSDT
10,9,4683.31192192216,65.81152602390554,-84.33176406918597,1.1366610200625762,1.017655316024161,1333,0,donchian,4h,1.6,"{""entry_n"": 40, ""exit_n"": 16}",True,6471.2325631081385,60.97673207255829,-82.14019273018913,1.2949578769890755,0.9794072987789699,39.490445859872615,157,0,657123256.3108138,BNBUSDT
10,9,4683.31192192216,65.81152602390554,-84.33176406918597,1.1366610200625762,1.017655316024161,1333,0,donchian,4h,1.6,"{""entry_n"": 40, ""exit_n"": 16}",True,603.0268433290505,26.48680928762641,-86.76615054226451,1.1253944188920495,0.6993326571081642,31.25,128,0,70302684.33290505,XRPUSDT
10,9,4683.31192192216,65.81152602390554,-84.33176406918597,1.1366610200625762,1.017655316024161,1333,0,donchian,4h,1.6,"{""entry_n"": 40, ""exit_n"": 16}",True,1092.4919292232155,34.57478114108983,-84.96360176658652,1.0910691381807118,0.7798054037629967,41.49659863945578,147,0,119249192.92232156,ADAUSDT
10,9,4683.31192192216,65.81152602390554,-84.33176406918597,1.1366610200625762,1.017655316024161,1333,0,donchian,4h,1.6,"{""entry_n"": 40, ""exit_n"": 16}",True,17671.191937785552,106.78049646072476,-90.25150419956725,1.147927621233103,1.1191426600526657,44.03669724770643,109,0,1777119193.7785552,DOGEUSDT
10,9,4683.31192192216,65.81152602390554,-84.33176406918597,1.1366610200625762,1.017655316024161,1333,0,donchian,4h,1.6,"{""entry_n"": 40, ""exit_n"": 16}",True,151.32883027941787,12.898703246098764,-97.73179686846271,1.0159611455478126,0.6162878617467341,39.130434782608695,138,0,25132883.02794179,LINKUSDT
10,9,4683.31192192216,65.81152602390554,-84.33176406918597,1.1366610200625762,1.017655316024161,1333,0,donchian,4h,1.6,"{""entry_n"": 40, ""exit_n"": 16}",True,-71.79719903088004,-13.554972013523203,-92.73351393588291,0.9162468317387836,0.22270940890225543,36.12903225806451,155,0,2820280.096911996,LTCUSDT
10,9,4683.31192192216,65.81152602390554,-84.33176406918597,1.1366610200625762,1.017655316024161,1333,0,donchian,4h,1.6,"{""entry_n"": 40, ""exit_n"": 16}",True,2895.3912807361817,75.76575229115687,-83.6999263717854,1.1753950807088378,1.0559033332693522,42.99065420560748,107,0,299539128.0736182,SOLUSDT
10,9,4683.31192192216,65.81152602390554,-84.33176406918597,1.1366610200625762,1.017655316024161,1333,0,donchian,4h,1.6,"{""entry_n"": 40, ""exit_n"": 16}",True,12480.863445456911,126.51799739362879,-83.149633449165,1.1230224290741118,1.3022935278177958,37.77777777777778,90,0,1258086344.545691,AVAXUSDT
10,9,4801.574105629663,66.05932381159403,-89.53098072049093,1.1041596292484057,1.0107909981071153,1316,1,donchian,4h,1.8,"{""entry_n"": 40, ""exit_n"": 16}",False,69310.86004562926,106.67315428090048,-50.645714520363995,1.6568886042603352,1.4707077152075207,41.61073825503356,149,0,6941086004.562926,BTCUSDT
10,9,4801.574105629663,66.05932381159403,-89.53098072049093,1.1041596292484057,1.0107909981071153,1316,1,donchian,4h,1.8,"{""entry_n"": 40, ""exit_n"": 16}",False,15829.755899150496,75.53210724985557,-60.58237998662063,1.2934700070737066,1.1024154187881876,41.17647058823529,153,0,1592975589.9150496,ETHUSDT
10,9,4801.574105629663,66.05932381159403,-89.53098072049093,1.1041596292484057,1.0107909981071153,1316,1,donchian,4h,1.8,"{""entry_n"": 40, ""exit_n"": 16}",False,7354.364066784231,63.30243432151925,-85.3648578782914,1.2553474079262121,0.985864877278388,39.490445859872615,157,0,745436406.6784232,BNBUSDT
10,9,4801.574105629663,66.05932381159403,-89.53098072049093,1.1041596292484057,1.0107909981071153,1316,1,donchian,4h,1.8,"{""entry_n"": 40, ""exit_n"": 16}",False,411.3392350049537,21.727022687666665,-90.59542984188117,1.0867563785698982,0.6785278146697158,31.25,128,0,51133923.50049537,XRPUSDT
10,9,4801.574105629663,66.05932381159403,-89.53098072049093,1.1041596292484057,1.0107909981071153,1316,1,donchian,4h,1.8,"{""entry_n"": 40, ""exit_n"": 16}",False,945.6575054706589,32.472870719386584,-90.06814437224556,1.066900986016994,0.7809397808071324,41.49659863945578,147,0,104565750.54706588,ADAUSDT
10,9,4801.574105629663,66.05932381159403,-89.53098072049093,1.1041596292484057,1.0107909981071153,1316,1,donchian,4h,1.8,"{""entry_n"": 40, ""exit_n"": 16}",False,18530.121436666846,108.1538540341898,-92.87685448814574,1.1141673440362627,1.1274239108534556,44.03669724770643,109,0,1863012143.6666846,DOGEUSDT
10,9,4801.574105629663,66.05932381159403,-89.53098072049093,1.1041596292484057,1.0107909981071153,1316,1,donchian,4h,1.8,"{""entry_n"": 40, ""exit_n"": 16}",False,79.80022171726819,8.029224175156457,-98.8599979145128,1.0067322098558846,0.6179436672856001,39.130434782608695,138,0,17980022.17172682,LINKUSDT
10,9,4801.574105629663,66.05932381159403,-89.53098072049093,1.1041596292484057,1.0107909981071153,1316,1,donchian,4h,1.8,"{""entry_n"": 40, ""exit_n"": 16}",False,-100.0,-100.0,-100.0,0.8796138175135916,0.25566708451950976,39.130434782608695,138,1,0.0,LTCUSDT
10,9,4801.574105629663,66.05932381159403,-89.53098072049093,1.1041596292484057,1.0107909981071153,1316,1,donchian,4h,1.8,"{""entry_n"": 40, ""exit_n"": 16}",False,2248.784144475095,68.81621330166881,-88.99381706873629,1.1378815676514291,1.0357171189358427,42.99065420560748,107,0,234878414.44750953,SOLUSDT
10,9,4801.574105629663,66.05932381159403,-89.53098072049093,1.1041596292484057,1.0107909981071153,1316,1,donchian,4h,1.8,"{""entry_n"": 40, ""exit_n"": 16}",False,12584.596077305448,126.83278637202746,-87.06958696974418,1.0941519144605487,1.2834247549153668,37.77777777777778,90,0,1268459607.7305448,AVAXUSDT
10,8,4323.478751227623,46.891855073797956,-93.58510038075721,1.0629571695055784,0.8863446593852747,1223,2,donchian,4h,2.0,"{""entry_n"": 40, ""exit_n"": 16}",False,108585.705408574,117.21655619840531,-54.4572541523898,1.6079970133755763,1.4760490843752583,41.61073825503356,149,0,10868570540.857399,BTCUSDT
10,8,4323.478751227623,46.891855073797956,-93.58510038075721,1.0629571695055784,0.8863446593852747,1223,2,donchian,4h,2.0,"{""entry_n"": 40, ""exit_n"": 16}",False,19220.918715878106,79.33169898341374,-64.47463968214731,1.258945237065264,1.1039303496549906,41.17647058823529,153,0,1932091871.5878108,ETHUSDT
10,8,4323.478751227623,46.891855073797956,-93.58510038075721,1.0629571695055784,0.8863446593852747,1223,2,donchian,4h,2.0,"{""entry_n"": 40, ""exit_n"": 16}",False,7900.391154553649,64.62089254604815,-88.0355152774441,1.2218091861249745,0.991531818911574,39.490445859872615,157,0,800039115.455365,BNBUSDT
10,8,4323.478751227623,46.891855073797956,-93.58510038075721,1.0629571695055784,0.8863446593852747,1223,2,donchian,4h,2.0,"{""entry_n"": 40, ""exit_n"": 16}",False,239.2498826997031,15.855940131937164,-93.48721537402398,1.0541777496744618,0.6576885274462724,31.25,128,0,33924988.26997031,XRPUSDT
10,8,4323.478751227623,46.891855073797956,-93.58510038075721,1.0629571695055784,0.8863446593852747,1223,2,donchian,4h,2.0,"{""entry_n"": 40, ""exit_n"": 16}",False,746.566347901598,29.16281760154775,-93.68298538749046,1.0473240678324092,0.7811574998589754,41.49659863945578,147,0,84656634.7901598,ADAUSDT
10,8,4323.478751227623,46.891855073797956,-93.58510038075721,1.0629571695055784,0.8863446593852747,1223,2,donchian,4h,2.0,"{""entry_n"": 40, ""exit_n"": 16}",False,17921.57133118834,107.1866225448272,-94.86336955492136,1.0862979163751187,1.1319661539227106,44.03669724770643,109,0,1802157133.118834,DOGEUSDT
10,8,4323.478751227623,46.891855073797956,-93.58510038075721,1.0629571695055784,0.8863446593852747,1223,2,donchian,4h,2.0,"{""entry_n"": 40, ""exit_n"": 16}",False,17.760721114203683,2.1754801854837025,-99.45865949734315,1.001230264581124,0.618911325098007,39.130434782608695,138,0,11776072.111420369,LINKUSDT
10,8,4323.478751227623,46.891855073797956,-93.58510038075721,1.0629571695055784,0.8863446593852747,1223,2,donchian,4h,2.0,"{""entry_n"": 40, ""exit_n"": 16}",False,-100.0,-100.0,-100.0,0.8672922993005169,0.2754602698637586,39.130434782608695,138,1,0.0,LTCUSDT
10,8,4323.478751227623,46.891855073797956,-93.58510038075721,1.0629571695055784,0.8863446593852747,1223,2,donchian,4h,2.0,"{""entry_n"": 40, ""exit_n"": 16}",False,-100.0,-100.0,-100.0,0.9319916657281966,0.4433761142654343,50.0,14,1,0.0,SOLUSDT
10,8,4323.478751227623,46.891855073797956,-93.58510038075721,1.0629571695055784,0.8863446593852747,1223,2,donchian,4h,2.0,"{""entry_n"": 40, ""exit_n"": 16}",False,11742.537610749903,124.21293634152741,-90.17437682817103,1.071736589336695,1.264766211875081,37.77777777777778,90,0,1184253761.0749903,AVAXUSDT
10,9,2329.767116509819,48.45863751196926,-77.59511957274096,1.1538021229502349,0.9709720717419292,2306,0,supertrend,4h,1.0,"{""mult"": 2.6, ""period"": 7}",True,3609.295565506155,49.32350691402374,-43.791019577524104,1.327656155856353,1.1324309555340863,41.132075471698116,265,0,370929556.5506155,BTCUSDT
10,9,2329.767116509819,48.45863751196926,-77.59511957274096,1.1538021229502349,0.9709720717419292,2306,0,supertrend,4h,1.0,"{""mult"": 2.6, ""period"": 7}",True,3239.5493999565565,47.59376810991478,-65.58707205317369,1.3441794356173924,0.977393478170815,37.21804511278196,266,0,333954939.99565566,ETHUSDT
10,9,2329.767116509819,48.45863751196926,-77.59511957274096,1.1538021229502349,0.9709720717419292,2306,0,supertrend,4h,1.0,"{""mult"": 2.6, ""period"": 7}",True,11823.228537892432,72.26474439868622,-66.79439988115743,1.2887769693381335,1.1531445048304496,41.221374045801525,262,0,1192322853.7892432,BNBUSDT
10,9,2329.767116509819,48.45863751196926,-77.59511957274096,1.1538021229502349,0.9709720717419292,2306,0,supertrend,4h,1.0,"{""mult"": 2.6, ""period"": 7}",True,80.83483658364739,7.398440093703629,-83.46785147887523,1.0502981897023362,0.43957360161881454,32.61802575107296,233,0,18083483.65836474,XRPUSDT
10,9,2329.767116509819,48.45863751196926,-77.59511957274096,1.1538021229502349,0.9709720717419292,2306,0,supertrend,4h,1.0,"{""mult"": 2.6, ""period"": 7}",True,377.01918860958267,20.584452956523315,-81.09040764311422,1.089047310276414,0.6126869757692814,34.78260869565217,253,0,47701918.86095826,ADAUSDT
10,9,2329.767116509819,48.45863751196926,-77.59511957274096,1.1538021229502349,0.9709720717419292,2306,0,supertrend,4h,1.0,"{""mult"": 2.6, ""period"": 7}",True,8333.526420565817,86.25653257204723,-88.89587793828915,1.2477485169269757,1.0497837719845888,36.26373626373626,182,0,843352642.0565816,DOGEUSDT
10,9,2329.767116509819,48.45863751196926,-77.59511957274096,1.1538021229502349,0.9709720717419292,2306,0,supertrend,4h,1.0,"{""mult"": 2.6, ""period"": 7}",True,1145.2976626637155,39.37492611387634,-78.51266188931282,1.0988187107740397,0.8061604635592723,36.440677966101696,236,0,124529766.26637155,LINKUSDT
10,9,2329.767116509819,48.45863751196926,-77.59511957274096,1.1538021229502349,0.9709720717419292,2306,0,supertrend,4h,1.0,"{""mult"": 2.6, ""period"": 7}",True,-26.529214694958835,-3.485498453247615,-84.29106800368513,0.974570622715705,0.24427668130248556,35.77235772357724,246,0,7347078.530504116,LTCUSDT
10,9,2329.767116509819,48.45863751196926,-77.59511957274096,1.1538021229502349,0.9709720717419292,2306,0,supertrend,4h,1.0,"{""mult"": 2.6, ""period"": 7}",True,3808.4329676461452,83.69744647597011,-72.45533710446146,1.20878553512643,1.1315720607477189,38.79781420765027,183,0,390843296.7646145,SOLUSDT
10,9,2329.767116509819,48.45863751196926,-77.59511957274096,1.1538021229502349,0.9709720717419292,2306,0,supertrend,4h,1.0,"{""mult"": 2.6, ""period"": 7}",True,1419.9848330630819,58.44278806898162,-76.67757725616909,1.0953403658563416,0.9645506653130433,35.0,180,0,151998483.30630818,AVAXUSDT
10,9,2700.598187210343,53.07939959163626,-83.35911924918824,1.123632708195283,0.9652998322377524,2306,0,supertrend,4h,1.15,"{""mult"": 2.6, ""period"": 7}",True,5179.032844176115,55.28667686167934,-48.807494073137256,1.2915423200216647,1.1317251279103424,41.132075471698116,265,0,527903284.4176115,BTCUSDT
10,9,2700.598187210343,53.07939959163626,-83.35911924918824,1.123632708195283,0.9652998322377524,2306,0,supertrend,4h,1.15,"{""mult"": 2.6, ""period"": 7}",True,3970.744272806511,50.872122321593174,-72.74391014148733,1.3106956914946015,0.9758262857976752,37.21804511278196,266,0,407074427.2806511,ETHUSDT
10,9,2700.598187210343,53.07939959163626,-83.35911924918824,1.123632708195283,0.9652998322377524,2306,0,supertrend,4h,1.15,"{""mult"": 2.6, ""period"": 7}",True,17101.829787778064,79.59892119248508,-71.46218519158823,1.250274201958754,1.1607041656666401,41.221374045801525,262,0,1720182978.7778065,BNBUSDT
10,9,2700.598187210343,53.07939959163626,-83.35911924918824,1.123632708195283,0.9652998322377524,2306,0,supertrend,4h,1.15,"{""mult"": 2.6, ""period"": 7}",True,36.720190905601456,3.840184019108017,-87.88097102024474,1.0222629225730193,0.42491087802500105,32.61802575107296,233,0,13672019.090560146,XRPUSDT
10,9,2700.598187210343,53.07939959163626,-83.35911924918824,1.123632708195283,0.9652998322377524,2306,0,supertrend,4h,1.15,"{""mult"": 2.6, ""period"": 7}",True,333.9201431288645,19.22415500953736,-87.156144961633,1.0654172673459652,0.6099927668430757,34.78260869565217,253,0,43392014.31288645,ADAUSDT
10,9,2700.598187210343,53.07939959163626,-83.35911924918824,1.123632708195283,0.9652998322377524,2306,0,supertrend,4h,1.15,"{""mult"": 2.6, ""period"": 7}",True,9652.213393859454,90.09035238207612,-92.25696474957849,1.2033298048661887,1.0597429844531208,36.26373626373626,182,0,975221339.3859456,DOGEUSDT
10,9,2700.598187210343,53.07939959163626,-83.35911924918824,1.123632708195283,0.9652998322377524,2306,0,supertrend,4h,1.15,"{""mult"": 2.6, ""period"": 7}",True,1171.141321968112,39.75230830121524,-85.09231207663905,1.0746295358748037,0.8083051764898608,36.440677966101696,236,0,127114132.1968112,LINKUSDT
10,9,2700.598187210343,53.07939959163626,-83.35911924918824,1.123632708195283,0.9652998322377524,2306,0,supertrend,4h,1.15,"{""mult"": 2.6, ""period"": 7}",True,-41.022032675078826,-5.895336933628581,-88.67978954071289,0.9640220702252356,0.2555344956079314,35.77235772357724,246,0,5897796.732492117,LTCUSDT
10,9,2700.598187210343,53.07939959163626,-83.35911924918824,1.123632708195283,0.9652998322377524,2306,0,supertrend,4h,1.15,"{""mult"": 2.6, ""period"": 7}",True,4361.517130487028,87.77538830770683,-77.85631655833308,1.1726358805157624,1.1284288948110999,38.79781420765027,183,0,446151713.04870284,SOLUSDT
10,9,2700.598187210343,53.07939959163626,-83.35911924918824,1.123632708195283,0.9652998322377524,2306,0,supertrend,4h,1.15,"{""mult"": 2.6, ""period"": 7}",True,1430.4521016141748,58.626789892839426,-81.62592642173742,1.072483154114114,0.9547733786778295,35.0,180,0,153045210.16141748,AVAXUSDT
10,9,2842.3947692154948,54.96054765672022,-86.44610736411002,1.10675003175652,0.9611382863429834,2306,0,supertrend,4h,1.25,"{""mult"": 2.6, ""period"": 7}",True,6428.727173657176,58.99113628015955,-51.94942124696047,1.2702741805015154,1.1309275844288258,41.132075471698116,265,0,652872717.3657175,BTCUSDT
10,9,2842.3947692154948,54.96054765672022,-86.44610736411002,1.10675003175652,0.9611382863429834,2306,0,supertrend,4h,1.25,"{""mult"": 2.6, ""period"": 7}",True,4305.294850298837,52.20013853761971,-77.18628536908638,1.2902782085430853,0.974227864446982,37.21804511278196,266,0,440529485.02988374,ETHUSDT
10,9,2842.3947692154948,54.96054765672022,-86.44610736411002,1.10675003175652,0.9611382863429834,2306,0,supertrend,4h,1.25,"{""mult"": 2.6, ""period"": 7}",True,21161.976150693372,83.98071943341114,-74.21596812892226,1.228437250486038,1.1649668381605036,41.221374045801525,262,0,2126197615.0693371,BNBUSDT
10,9,2842.3947692154948,54.96054765672022,-86.44610736411002,1.10675003175652,0.9611382863429834,2306,0,supertrend,4h,1.25,"{""mult"": 2.6, ""period"": 7}",True,8.444433154710973,0.9815091265491738,-90.2317173503193,1.0051887538501116,0.414498751544858,32.61802575107296,233,0,10844443.315471098,XRPUSDT
10,9,2842.3947692154948,54.96054765672022,-86.44610736411002,1.10675003175652,0.9611382863429834,2306,0,supertrend,4h,1.25,"{""mult"": 2.6, ""period"": 7}",True,292.644346872586,17.80494084856672,-90.22822595755689,1.0520610170073352,0.6081648857022144,34.78260869565217,253,0,39264434.6872586,ADAUSDT
10,9,2842.3947692154948,54.96054765672022,-86.44610736411002,1.10675003175652,0.9611382863429834,2306,0,supertrend,4h,1.25,"{""mult"": 2.6, ""period"": 7}",True,10168.174790404519,91.4697411516171,-93.95371323779264,1.1767593946150838,1.063698370975053,36.26373626373626,182,0,1026817479.040452,DOGEUSDT
10,9,2842.3947692154948,54.96054765672022,-86.44610736411002,1.10675003175652,0.9611382863429834,2306,0,supertrend,4h,1.25,"{""mult"": 2.6, ""period"": 7}",True,1137.5469918565088,39.26042125456117,-88.51472536096686,1.061241138830082,0.809196547368263,36.440677966101696,236,0,123754699.18565089,LINKUSDT
10,9,2842.3947692154948,54.96054765672022,-86.44610736411002,1.10675003175652,0.9611382863429834,2306,0,supertrend,4h,1.25,"{""mult"": 2.6, ""period"": 7}",True,-50.26146136179893,-7.72253677468454,-90.97131587029739,0.9574734833801852,0.26246221337991293,35.77235772357724,246,0,4973853.863820107,LTCUSDT
10,9,2842.3947692154948,54.96054765672022,-86.44610736411002,1.10675003175652,0.9611382863429834,2306,0,supertrend,4h,1.25,"{""mult"": 2.6, ""period"": 7}",True,4558.889751313318,89.12870435392213,-80.95842541053852,1.1522589246829582,1.1255540360467422,38.79781420765027,183,0,465888975.13133186,SOLUSDT
10,9,2842.3947692154948,54.96054765672022,-86.44610736411002,1.10675003175652,0.9611382863429834,2306,0,supertrend,4h,1.25,"{""mult"": 2.6, ""period"": 7}",True,1379.494688132152,57.72095677582074,-84.37748936725316,1.0602077123031932,0.9480487082389849,35.0,180,0,147949468.81321523,AVAXUSDT
10,8,2824.0328046191635,53.78520733287884,-90.11914863189027,1.0856772590828379,0.9545138046069358,2306,0,supertrend,4h,1.4,"{""mult"": 2.6, ""period"": 7}",False,8590.14357782704,64.11713984647926,-56.37099188415514,1.2418257345666246,1.1293225160004656,41.132075471698116,265,0,869014357.7827041,BTCUSDT
10,8,2824.0328046191635,53.78520733287884,-90.11914863189027,1.0856772590828379,0.9545138046069358,2306,0,supertrend,4h,1.4,"{""mult"": 2.6, ""period"": 7}",False,4415.697301942995,52.61873424473698,-83.38203515536617,1.2618619356442424,0.9711382170305377,37.21804511278196,266,0,451569730.1942996,ETHUSDT
10,8,2824.0328046191635,53.78520733287884,-90.11914863189027,1.0856772590828379,0.9545138046069358,2306,0,supertrend,4h,1.4,"{""mult"": 2.6, ""period"": 7}",False,27820.986845192037,89.7721163301481,-77.90111240265928,1.2000641291521532,1.1704510585779677,41.221374045801525,262,0,2792098684.519204,BNBUSDT
10,8,2824.0328046191635,53.78520733287884,-90.11914863189027,1.0856772590828379,0.9545138046069358,2306,0,supertrend,4h,1.4,"{""mult"": 2.6, ""period"": 7}",False,-28.455494366849678,-3.954063160404553,-93.02416497108516,0.9814611839349495,0.397976818318719,32.61802575107296,233,0,7154450.563315032,XRPUSDT
10,8,2824.0328046191635,53.78520733287884,-90.11914863189027,1.0856772590828379,0.9545138046069358,2306,0,supertrend,4h,1.4,"{""mult"": 2.6, ""period"": 7}",False,220.68830288126438,14.982246206997507,-93.65811759462815,1.0352174689452014,0.6054190711824637,34.78260869565217,253,0,32068830.28812644,ADAUSDT
10,8,2824.0328046191635,53.78520733287884,-90.11914863189027,1.0856772590828379,0.9545138046069358,2306,0,supertrend,4h,1.4,"{""mult"": 2.6, ""period"": 7}",False,10315.094246035791,91.85161070969865,-95.87543136635875,1.1406865485993731,1.0664056039007577,36.26373626373626,182,0,1041509424.603579,DOGEUSDT
10,8,2824.0328046191635,53.78520733287884,-90.11914863189027,1.0856772590828379,0.9545138046069358,2306,0,supertrend,4h,1.4,"{""mult"": 2.6, ""period"": 7}",False,1021.9820251239831,37.474742210400436,-92.4253167542559,1.044614293168144,0.8098725637450876,36.440677966101696,236,0,112198202.51239832,LINKUSDT
10,8,2824.0328046191635,53.78520733287884,-90.11914863189027,1.0856772590828379,0.9545138046069358,2306,0,supertrend,4h,1.4,"{""mult"": 2.6, ""period"": 7}",False,-62.82741860584432,-10.76370427192348,-93.64455069295667,0.9480069178448789,0.27206303390806763,35.77235772357724,246,0,3717258.1394155677,LTCUSDT
10,8,2824.0328046191635,53.78520733287884,-90.11914863189027,1.0856772590828379,0.9545138046069358,2306,0,supertrend,4h,1.4,"{""mult"": 2.6, ""period"": 7}",False,4563.153273851756,89.1574060541782,-84.9488822194233,1.126129984095738,1.1203696736504183,38.79781420765027,183,0,466315327.38517565,SOLUSDT
10,8,2824.0328046191635,53.78520733287884,-90.11914863189027,1.0856772590828379,0.9545138046069358,2306,0,supertrend,4h,1.4,"{""mult"": 2.6, ""period"": 7}",False,1232.368307295332,54.9516804210207,-87.81298050952464,1.045224534069938,0.9378893921833339,35.0,180,0,133236830.72953318,AVAXUSDT
10,8,2246.4442009123677,48.96651767637468,-93.58917807364901,1.064003961093064,0.9452275011054818,2306,0,supertrend,4h,1.6,"{""mult"": 2.6, ""period"": 7}",False,11902.069368200744,70.10368974831013,-61.74895864895521,1.2091541141045965,1.126553631703276,41.132075471698116,265,0,1200206936.8200743,BTCUSDT
10,8,2246.4442009123677,48.96651767637468,-93.58917807364901,1.064003961093064,0.9452275011054818,2306,0,supertrend,4h,1.6,"{""mult"": 2.6, ""period"": 7}",False,3539.0663769006187,49.007130946907765,-90.82067104346577,1.2266272229176802,0.9659539103156621,37.21804511278196,266,0,363906637.69006187,ETHUSDT
10,8,2246.4442009123677,48.96651767637468,-93.58917807364901,1.064003961093064,0.9452275011054818,2306,0,supertrend,4h,1.6,"{""mult"": 2.6, ""period"": 7}",False,36987.9769577648,96.00106837842839,-82.29123294000716,1.1684966800843772,1.1764252738802348,41.221374045801525,262,0,3708797695.7764792,BNBUSDT
10,8,2246.4442009123677,48.96651767637468,-93.58917807364901,1.064003961093064,0.9452275011054818,2306,0,supertrend,4h,1.6,"{""mult"": 2.6, ""period"": 7}",False,-64.04246935687384,-11.594256523943114,-96.45628986938765,0.9522445933067926,0.3741593214546734,32.61802575107296,233,0,3595753.064312617,XRPUSDT
10,8,2246.4442009123677,48.96651767637468,-93.58917807364901,1.064003961093064,0.9452275011054818,2306,0,supertrend,4h,1.6,"{""mult"": 2.6, ""period"": 7}",False,123.00808202785736,10.085521950806386,-96.57612186761331,1.0179678024880654,0.6018099488810054,34.78260869565217,253,0,22300808.202785734,ADAUSDT
10,8,2246.4442009123677,48.96651767637468,-93.58917807364901,1.064003961093064,0.9452275011054818,2306,0,supertrend,4h,1.6,"{""mult"": 2.6, ""period"": 7}",False,9404.257633089106,89.40500266771205,-97.58061657272911,1.099029842428978,1.065234308735408,36.26373626373626,182,0,950425763.3089106,DOGEUSDT
10,8,2246.4442009123677,48.96651767637468,-93.58917807364901,1.064003961093064,0.9452275011054818,2306,0,supertrend,4h,1.6,"{""mult"": 2.6, ""period"": 7}",False,787.8820429466675,33.30424826828708,-95.84637658628044,1.0278673510741756,0.8097583963799688,36.440677966101696,236,0,88788204.29466675,LINKUSDT
10,8,2246.4442009123677,48.96651767637468,-93.58917807364901,1.064003961093064,0.9452275011054818,2306,0,supertrend,4h,1.6,"{""mult"": 2.6, ""period"": 7}",False,-76.4077336514247,-15.312604734652801,-96.10870344181133,0.9352141979599343,0.28352136539164585,35.77235772357724,246,0,2359226.6348575302,LTCUSDT
10,8,2246.4442009123677,48.96651767637468,-93.58917807364901,1.064003961093064,0.9452275011054818,2306,0,supertrend,4h,1.6,"{""mult"": 2.6, ""period"": 7}",False,4064.773404070464,85.64356971737226,-89.19435970619938,1.0978355580981438,1.1122692115090502,38.79781420765027,183,0,416477340.4070464,SOLUSDT
10,8,2246.4442009123677,48.96651767637468,-93.58917807364901,1.064003961093064,0.9452275011054818,2306,0,supertrend,4h,1.6,"{""mult"": 2.6, ""period"": 7}",False,953.822024924117,48.92590440584159,-91.33197956101759,1.0301723640879843,0.9245010918953014,35.0,180,0,105382202.4924117,AVAXUSDT
10,8,970.6845555051325,37.28937588159651,-97.53294306786366,1.0420643078883582,0.9356608661934289,2306,0,supertrend,4h,1.8,"{""mult"": 2.6, ""period"": 7}",False,15455.636512437635,75.06983155215512,-66.57277728283444,1.1812659769626765,1.1232126181371678,41.132075471698116,265,0,1555563651.2437637,BTCUSDT
10,8,970.6845555051325,37.28937588159651,-97.53294306786366,1.0420643078883582,0.9356608661934289,2306,0,supertrend,4h,1.8,"{""mult"": 2.6, ""period"": 7}",False,1289.0943494668181,33.90513297049682,-97.38683640764692,1.186266215301907,0.9597981233300261,37.21804511278196,266,0,138909434.9466818,ETHUSDT
10,8,970.6845555051325,37.28937588159651,-97.53294306786366,1.0420643078883582,0.9356608661934289,2306,0,supertrend,4h,1.8,"{""mult"": 2.6, ""period"": 7}",False,45157.3245708816,100.49015567414656,-85.8562589908799,1.1422774095765769,1.1812134388998474,41.221374045801525,262,0,4525732457.0881605,BNBUSDT
10,8,970.6845555051325,37.28937588159651,-97.53294306786366,1.0420643078883582,0.9356608661934289,2306,0,supertrend,4h,1.8,"{""mult"": 2.6, ""period"": 7}",False,-84.79434273049195,-20.302262091200074,-98.42109572370491,0.9243020320142363,0.34778778190420806,32.61802575107296,233,0,1520565.7269508056,XRPUSDT
10,8,970.6845555051325,37.28937588159651,-97.53294306786366,1.0420643078883582,0.9356608661934289,2306,0,supertrend,4h,1.8,"{""mult"": 2.6, ""period"": 7}",False,40.11253190011224,4.123445352795008,-98.23102484455244,1.0056539533918152,0.598313831782989,34.78260869565217,253,0,14011253.190011224,ADAUSDT
10,8,970.6845555051325,37.28937588159651,-97.53294306786366,1.0420643078883582,0.9356608661934289,2306,0,supertrend,4h,1.8,"{""mult"": 2.6, ""period"": 7}",False,7599.526630392498,83.89314196390086,-98.63441418827684,1.064842010550514,1.0598785885602324,36.26373626373626,182,0,769952663.0392498,DOGEUSDT
10,8,970.6845555051325,37.28937588159651,-97.53294306786366,1.0420643078883582,0.9356608661934289,2306,0,supertrend,4h,1.8,"{""mult"": 2.6, ""period"": 7}",False,527.4655256820192,27.34937994108959,-97.83674308716182,1.0161440414089657,0.8086971424218331,36.440677966101696,236,0,62746552.56820193,LINKUSDT
10,8,970.6845555051325,37.28937588159651,-97.53294306786366,1.0420643078883582,0.9356608661934289,2306,0,supertrend,4h,1.8,"{""mult"": 2.6, ""period"": 7}",False,-86.12479917539773,-20.330975144776875,-97.67904972808039,0.9208979847750391,0.29360044950932773,35.77235772357724,246,0,1387520.082460227,LTCUSDT
10,8,970.6845555051325,37.28937588159651,-97.53294306786366,1.0420643078883582,0.9356608661934289,2306,0,supertrend,4h,1.8,"{""mult"": 2.6, ""period"": 7}",False,3180.4594483197952,78.43659316139258,-92.4156414374598,1.0752472286659887,1.103240098798651,38.79781420765027,183,0,328045944.8319795,SOLUSDT
10,8,970.6845555051325,37.28937588159651,-97.53294306786366,1.0420643078883582,0.9356608661934289,2306,0,supertrend,4h,1.8,"{""mult"": 2.6, ""period"": 7}",False,652.2747615434467,40.673618792696196,-93.90458444453009,1.0192866052262026,0.9115236090568316,35.0,180,0,75227476.15434468,AVAXUSDT
10,6,342.062510097671,25.30254758428938,-99.02683886159224,1.0098838629828326,0.8529623843603363,2013,1,supertrend,4h,2.0,"{""mult"": 2.6, ""period"": 7}",False,18875.929590497064,78.97354268483829,-70.88312032671942,1.1571980936882107,1.119421719173179,41.132075471698116,265,0,1897592959.0497062,BTCUSDT
10,6,342.062510097671,25.30254758428938,-99.02683886159224,1.0098838629828326,0.8529623843603363,2013,1,supertrend,4h,2.0,"{""mult"": 2.6, ""period"": 7}",False,-100.0,-100.0,-100.0,0.0,-0.35913622281652524,0.0,1,0,0.0,ETHUSDT
10,6,342.062510097671,25.30254758428938,-99.02683886159224,1.0098838629828326,0.8529623843603363,2013,1,supertrend,4h,2.0,"{""mult"": 2.6, ""period"": 7}",False,50878.51570229726,103.22348758028794,-88.81451556756737,1.1201013564241704,1.1850659428158525,41.221374045801525,262,0,5097851570.229726,BNBUSDT
10,6,342.062510097671,25.30254758428938,-99.02683886159224,1.0098838629828326,0.8529623843603363,2013,1,supertrend,4h,2.0,"{""mult"": 2.6, ""period"": 7}",False,-94.88792828991144,-30.111034002359492,-99.41221353114763,0.8962464899032756,0.31757085911960864,32.61802575107296,233,0,511207.1710088558,XRPUSDT
10,6,342.062510097671,25.30254758428938,-99.02683886159224,1.0098838629828326,0.8529623843603363,2013,1,supertrend,4h,2.0,"{""mult"": 2.6, ""period"": 7}",False,-20.12108048960225,-2.6555974781384606,-99.12418575122511,0.9971413695557143,0.5949670318105708,34.78260869565217,253,0,7987891.951039775,ADAUSDT
10,6,342.062510097671,25.30254758428938,-99.02683886159224,1.0098838629828326,0.8529623843603363,2013,1,supertrend,4h,2.0,"{""mult"": 2.6, ""period"": 7}",False,5463.461328803121,75.70107816569333,-99.31059375670098,1.0387004549832684,1.0513389435850873,36.26373626373626,182,0,556346132.8803121,DOGEUSDT
10,6,342.062510097671,25.30254758428938,-99.02683886159224,1.0098838629828326,0.8529623843603363,2013,1,supertrend,4h,2.0,"{""mult"": 2.6, ""period"": 7}",False,297.4106966192997,19.918303440539464,-98.92949197195937,1.008323961532379,0.8068422296393539,36.440677966101696,236,0,39741069.66192997,LINKUSDT
10,6,342.062510097671,25.30254758428938,-99.02683886159224,1.0098838629828326,0.8529623843603363,2013,1,supertrend,4h,2.0,"{""mult"": 2.6, ""period"": 7}",False,-100.0,-100.0,-100.0,0.8958319702090889,0.3204596753404619,36.69724770642202,218,1,0.0,LTCUSDT
10,6,342.062510097671,25.30254758428938,-99.02683886159224,1.0098838629828326,0.8529623843603363,2013,1,supertrend,4h,2.0,"{""mult"": 2.6, ""period"": 7}",False,2184.893961764335,68.04563530622467,-94.81067051646916,1.0569501438543254,1.0935933328398473,38.79781420765027,183,0,228489396.1764335,SOLUSDT
10,6,342.062510097671,25.30254758428938,-99.02683886159224,1.0098838629828326,0.8529623843603363,2013,1,supertrend,4h,2.0,"{""mult"": 2.6, ""period"": 7}",False,386.7143235760423,30.686791728039296,-95.76400888612136,1.0114437644332865,0.8990825390813187,35.0,180,0,48671432.35760423,AVAXUSDT
