assets,profitable_assets,median_return_pct,median_cagr_pct,median_mdd_pct,median_profit_factor,median_sharpe,total_trades,total_liquidations,family,timeframe,leverage,params,total_return_pct,cagr_pct,mdd_pct,profit_factor,sharpe,win_rate_pct,trades,liquidations,final_equity_krw,symbol
10,9,405.3203841534688,23.935636942618956,-75.26465300338617,1.100518156451037,0.6638566678312958,4378,0,donchian,4h,1.0,"{""entry_n"": 10, ""exit_n"": 4}",757.2734551527655,26.922521020744462,-51.76286060186093,1.1814118419572865,0.8109922481239001,37.67258382642998,507,0,85727345.51527655,BTCUSDT
10,9,405.3203841534688,23.935636942618956,-75.26465300338617,1.100518156451037,0.6638566678312958,4378,0,donchian,4h,1.0,"{""entry_n"": 10, ""exit_n"": 4}",434.7419152945723,20.446642707929065,-62.35747999412453,1.1388240277460533,0.6327233853181449,36.73870333988212,509,0,53474191.529457234,ETHUSDT
10,9,405.3203841534688,23.935636942618956,-75.26465300338617,1.100518156451037,0.6638566678312958,4378,0,donchian,4h,1.0,"{""entry_n"": 10, ""exit_n"": 4}",3693.3115260547743,51.22318328356601,-59.3555477297737,1.1606586982693956,1.0138907089759954,38.91050583657588,514,0,379331152.60547745,BNBUSDT
10,9,405.3203841534688,23.935636942618956,-75.26465300338617,1.100518156451037,0.6638566678312958,4378,0,donchian,4h,1.0,"{""entry_n"": 10, ""exit_n"": 4}",309.0736711938316,18.49808652313547,-89.19769274309255,1.158524544813241,0.5781063543849301,32.55269320843091,427,0,40907367.119383164,XRPUSDT
10,9,405.3203841534688,23.935636942618956,-75.26465300338617,1.100518156451037,0.6638566678312958,4378,0,donchian,4h,1.0,"{""entry_n"": 10, ""exit_n"": 4}",375.8988530123653,20.5504885294173,-75.01834829039318,1.0995016316362145,0.6089670116252897,35.95505617977528,445,0,47589885.30123653,ADAUSDT
10,9,405.3203841534688,23.935636942618956,-75.26465300338617,1.100518156451037,0.6638566678312958,4378,0,donchian,4h,1.0,"{""entry_n"": 10, ""exit_n"": 4}",3238.219426275792,63.55508113098536,-91.1497160383414,1.1015346812658593,0.9204787601221138,32.608695652173914,368,0,333821942.6275792,DOGEUSDT
10,9,405.3203841534688,23.935636942618956,-75.26465300338617,1.100518156451037,0.6638566678312958,4378,0,donchian,4h,1.0,"{""entry_n"": 10, ""exit_n"": 4}",567.4791346107272,28.389986499408828,-78.61435726291319,1.0606337112916346,0.6964594202302764,37.89954337899543,438,0,66747913.46107273,LINKUSDT
10,9,405.3203841534688,23.935636942618956,-75.26465300338617,1.100518156451037,0.6638566678312958,4378,0,donchian,4h,1.0,"{""entry_n"": 10, ""exit_n"": 4}",-65.87197576818166,-11.636937306743356,-76.56695769475816,0.8897876408289114,0.036999410953738016,35.318275154004105,487,0,3412802.423181834,LTCUSDT
10,9,405.3203841534688,23.935636942618956,-75.26465300338617,1.100518156451037,0.6638566678312958,4378,0,donchian,4h,1.0,"{""entry_n"": 10, ""exit_n"": 4}",214.7152489652566,20.948752864493446,-75.51095771637918,1.0693233472980321,0.6200580777793726,37.640449438202246,356,0,31471524.89652566,SOLUSDT
10,9,405.3203841534688,23.935636942618956,-75.26465300338617,1.100518156451037,0.6638566678312958,4378,0,donchian,4h,1.0,"{""entry_n"": 10, ""exit_n"": 4}",330.87565700369714,28.021086090663317,-74.46688459202787,1.0716613798439032,0.6949899503444468,38.226299694189606,327,0,43087565.700369716,AVAXUSDT
10,9,733.0044825733944,31.446063050747465,-80.14451325730278,1.1543775638532767,0.7613594126994305,4078,0,donchian,4h,1.0,"{""entry_n"": 10, ""exit_n"": 5}",1655.5356757227685,37.4293146746074,-48.96462558817936,1.2588353806063688,0.9911593998275181,38.095238095238095,462,0,175553567.57227686,BTCUSDT
10,9,733.0044825733944,31.446063050747465,-80.14451325730278,1.1543775638532767,0.7613594126994305,4078,0,donchian,4h,1.0,"{""entry_n"": 10, ""exit_n"": 5}",783.2885090360567,27.34423911166497,-67.1488314176789,1.15244448233498,0.7330360548955951,35.54603854389722,467,0,88328850.90360567,ETHUSDT
10,9,733.0044825733944,31.446063050747465,-80.14451325730278,1.1543775638532767,0.7613594126994305,4078,0,donchian,4h,1.0,"{""entry_n"": 10, ""exit_n"": 5}",3033.5756437683967,47.971926210270844,-61.90956207469842,1.1563106453715735,0.9609860488464884,38.50931677018634,483,0,313357564.37683964,BNBUSDT
10,9,733.0044825733944,31.446063050747465,-80.14451325730278,1.1543775638532767,0.7613594126994305,4078,0,donchian,4h,1.0,"{""entry_n"": 10, ""exit_n"": 5}",408.22422353432285,21.637439272766667,-88.97412821940463,1.1698922924448836,0.6210371276497829,32.42574257425743,404,0,50822422.35343228,XRPUSDT
10,9,733.0044825733944,31.446063050747465,-80.14451325730278,1.1543775638532767,0.7613594126994305,4078,0,donchian,4h,1.0,"{""entry_n"": 10, ""exit_n"": 5}",1084.3613743678823,34.46452403926506,-81.4906325415212,1.1668261145371934,0.7896827705032659,37.32057416267943,418,0,118436137.43678823,ADAUSDT
10,9,733.0044825733944,31.446063050747465,-80.14451325730278,1.1543775638532767,0.7613594126994305,4078,0,donchian,4h,1.0,"{""entry_n"": 10, ""exit_n"": 5}",6031.591433782238,78.11343331044138,-87.63569730465792,1.1337538293743712,1.0086332484120741,31.594202898550726,345,0,613159143.3782238,DOGEUSDT
10,9,733.0044825733944,31.446063050747465,-80.14451325730278,1.1543775638532767,0.7613594126994305,4078,0,donchian,4h,1.0,"{""entry_n"": 10, ""exit_n"": 5}",568.9660875014771,28.427602062229873,-83.23589580061501,1.049131600233236,0.6966691380207665,37.86407766990291,412,0,66896608.75014771,LINKUSDT
10,9,733.0044825733944,31.446063050747465,-80.14451325730278,1.1543775638532767,0.7613594126994305,4078,0,donchian,4h,1.0,"{""entry_n"": 10, ""exit_n"": 5}",-79.93771743968202,-16.877533383101806,-85.47440226084852,0.8610831792755528,-0.04840407682494035,33.91684901531728,457,0,2006228.2560317977,LTCUSDT
10,9,733.0044825733944,31.446063050747465,-80.14451325730278,1.1543775638532767,0.7613594126994305,4078,0,donchian,4h,1.0,"{""entry_n"": 10, ""exit_n"": 5}",682.7204561107322,40.68366268591346,-71.73658219643737,1.1615751617995371,0.8283176142042344,39.02439024390244,328,0,78272045.61107323,SOLUSDT
10,9,733.0044825733944,31.446063050747465,-80.14451325730278,1.1543775638532767,0.7613594126994305,4078,0,donchian,4h,1.0,"{""entry_n"": 10, ""exit_n"": 5}",263.079012477496,24.367615886885652,-78.79839397308437,1.0804348351371917,0.656707750212454,38.741721854304636,302,0,36307901.247749604,AVAXUSDT
10,9,738.5671938612072,37.37655466783761,-82.95966713770768,1.1188847242811133,0.8310184436030372,3451,0,donchian,4h,1.0,"{""entry_n"": 10, ""exit_n"": 8}",1270.346621812171,33.70338948254643,-61.35454777148773,1.224800123751122,0.8821150902937692,37.150127226463106,393,0,137034662.1812171,BTCUSDT
10,9,738.5671938612072,37.37655466783761,-82.95966713770768,1.1188847242811133,0.8310184436030372,3451,0,donchian,4h,1.0,"{""entry_n"": 10, ""exit_n"": 8}",2119.136050080531,41.0497198531288,-69.3477294608083,1.2450285094506843,0.8993044783933403,37.00787401574803,381,0,221913605.0080531,ETHUSDT
10,9,738.5671938612072,37.37655466783761,-82.95966713770768,1.1188847242811133,0.8310184436030372,3451,0,donchian,4h,1.0,"{""entry_n"": 10, ""exit_n"": 8}",8755.169652917179,66.53282012006893,-62.897692494998736,1.2539696243957785,1.1272112403606063,40.7035175879397,398,0,885516965.2917179,BNBUSDT
10,9,738.5671938612072,37.37655466783761,-82.95966713770768,1.1188847242811133,0.8310184436030372,3451,0,donchian,4h,1.0,"{""entry_n"": 10, ""exit_n"": 8}",185.6839292489026,13.481804310174518,-89.86847824185217,1.1115169803185996,0.516279052696615,30.547550432276655,347,0,28568392.924890257,XRPUSDT
10,9,738.5671938612072,37.37655466783761,-82.95966713770768,1.1188847242811133,0.8310184436030372,3451,0,donchian,4h,1.0,"{""entry_n"": 10, ""exit_n"": 8}",740.9993611355677,29.060764004996464,-83.27588982053678,1.1177493840629595,0.7135909823314364,36.07954545454545,352,0,84099936.11355677,ADAUSDT
10,9,738.5671938612072,37.37655466783761,-82.95966713770768,1.1188847242811133,0.8310184436030372,3451,0,donchian,4h,1.0,"{""entry_n"": 10, ""exit_n"": 8}",5195.562286072818,74.48920932972516,-76.13789891345216,1.1356049116062576,0.9876251849200212,31.986531986531986,297,0,529556228.6072818,DOGEUSDT
10,9,738.5671938612072,37.37655466783761,-82.95966713770768,1.1188847242811133,0.8310184436030372,3451,0,donchian,4h,1.0,"{""entry_n"": 10, ""exit_n"": 8}",411.6663298665101,23.974652044370657,-87.2580172890734,1.042092349079614,0.6531210960022169,36.49425287356322,348,0,51166632.98665102,LINKUSDT
10,9,738.5671938612072,37.37655466783761,-82.95966713770768,1.1188847242811133,0.8310184436030372,3451,0,donchian,4h,1.0,"{""entry_n"": 10, ""exit_n"": 8}",-92.01033532941368,-25.234066461134486,-93.40485167986749,0.7680513611211628,-0.16854882662591822,32.99748110831234,397,0,798966.4670586315,LTCUSDT
10,9,738.5671938612072,37.37655466783761,-82.95966713770768,1.1188847242811133,0.8310184436030372,3451,0,donchian,4h,1.0,"{""entry_n"": 10, ""exit_n"": 8}",736.1350265868468,42.2328109093765,-84.86004484929435,1.1200200644992668,0.8359923064059198,38.43416370106761,281,0,83613502.65868469,SOLUSDT
10,9,738.5671938612072,37.37655466783761,-82.95966713770768,1.1188847242811133,0.8310184436030372,3451,0,donchian,4h,1.0,"{""entry_n"": 10, ""exit_n"": 8}",675.5585205911418,41.400674827915026,-82.64344445487859,1.0961869274513645,0.8260445808001547,35.797665369649806,257,0,77555852.05911417,AVAXUSDT
10,9,613.2575616705049,29.2096874226895,-74.9746287758727,1.1096819741544173,0.7527510793331149,4006,0,donchian,4h,1.0,"{""entry_n"": 12, ""exit_n"": 4}",1028.2521609400703,30.85029998563853,-42.48571762070604,1.2608255478166952,0.906552170732538,38.46153846153847,455,0,112825216.09400703,BTCUSDT
10,9,613.2575616705049,29.2096874226895,-74.9746287758727,1.1096819741544173,0.7527510793331149,4006,0,donchian,4h,1.0,"{""entry_n"": 12, ""exit_n"": 4}",276.313097210515,15.841136152041946,-63.934507014199006,1.1323562647388996,0.5581083266271017,35.44303797468354,474,0,37631309.72105151,ETHUSDT
10,9,613.2575616705049,29.2096874226895,-74.9746287758727,1.1096819741544173,0.7527510793331149,4006,0,donchian,4h,1.0,"{""entry_n"": 12, ""exit_n"": 4}",3428.3700263698065,49.98280683072232,-63.39650500832623,1.1853471896561636,1.0085251766214038,39.361702127659576,470,0,352837002.63698065,BNBUSDT
10,9,613.2575616705049,29.2096874226895,-74.9746287758727,1.1096819741544173,0.7527510793331149,4006,0,donchian,4h,1.0,"{""entry_n"": 12, ""exit_n"": 4}",654.5415822508072,27.56907485974047,-86.3431377800707,1.3066714769374204,0.7018896782195467,32.72727272727273,385,0,75454158.22508073,XRPUSDT
10,9,613.2575616705049,29.2096874226895,-74.9746287758727,1.1096819741544173,0.7527510793331149,4006,0,donchian,4h,1.0,"{""entry_n"": 12, ""exit_n"": 4}",320.66807609075437,18.78195321073557,-80.5096796343996,1.1100551805310377,0.5839114854243858,36.21103117505996,417,0,42066807.609075435,ADAUSDT
10,9,613.2575616705049,29.2096874226895,-74.9746287758727,1.1096819741544173,0.7527510793331149,4006,0,donchian,4h,1.0,"{""entry_n"": 12, ""exit_n"": 4}",3622.8743950491344,66.07585419530047,-86.8825890789601,1.1093087677777969,0.9378785891301825,33.23262839879154,331,0,372287439.50491345,DOGEUSDT
10,9,613.2575616705049,29.2096874226895,-74.9746287758727,1.1096819741544173,0.7527510793331149,4006,0,donchian,4h,1.0,"{""entry_n"": 12, ""exit_n"": 4}",1321.4011026565395,41.822997697630804,-75.79573894365251,1.1016051645374298,0.8495831619621496,39.5,400,0,142140110.26565394,LINKUSDT
10,9,613.2575616705049,29.2096874226895,-74.9746287758727,1.1096819741544173,0.7527510793331149,4006,0,donchian,4h,1.0,"{""entry_n"": 12, ""exit_n"": 4}",-82.70060572445367,-18.28286471473489,-85.72005139437833,0.7752658963014463,-0.13675252310758354,34.0,450,0,1729939.427554633,LTCUSDT
10,9,613.2575616705049,29.2096874226895,-74.9746287758727,1.1096819741544173,0.7527510793331149,4006,0,donchian,4h,1.0,"{""entry_n"": 12, ""exit_n"": 4}",174.87078501531693,18.262931352691012,-72.5344651701187,1.0879612177318518,0.5853328129825401,36.53250773993808,323,0,27487078.50153169,SOLUSDT
10,9,613.2575616705049,29.2096874226895,-74.9746287758727,1.1096819741544173,0.7527510793331149,4006,0,donchian,4h,1.0,"{""entry_n"": 12, ""exit_n"": 4}",571.9735410902024,38.01353327687173,-74.15351860809291,1.082207457690162,0.8036124804466831,38.53820598006645,301,0,67197354.10902025,AVAXUSDT
10,9,866.8094181350449,34.37109209224066,-77.29255549547436,1.164990954812175,0.7764476645005587,3740,0,donchian,4h,1.0,"{""entry_n"": 12, ""exit_n"": 5}",1941.9413175628513,39.75329885485088,-41.510475410138724,1.3582099004218249,1.0525406448087589,39.75903614457831,415,0,204194131.75628513,BTCUSDT
10,9,866.8094181350449,34.37109209224066,-77.29255549547436,1.164990954812175,0.7764476645005587,3740,0,donchian,4h,1.0,"{""entry_n"": 12, ""exit_n"": 5}",522.9441361294856,22.504451810141624,-67.55306302825889,1.1614896859269745,0.6638803717383165,34.174311926605505,436,0,62294413.61294857,ETHUSDT
10,9,866.8094181350449,34.37109209224066,-77.29255549547436,1.164990954812175,0.7764476645005587,3740,0,donchian,4h,1.0,"{""entry_n"": 12, ""exit_n"": 5}",3065.4434315631966,48.142340310563455,-66.9278658864352,1.183669184466378,0.9702666666491148,38.91402714932127,442,0,316544343.1563196,BNBUSDT
10,9,866.8094181350449,34.37109209224066,-77.29255549547436,1.164990954812175,0.7764476645005587,3740,0,donchian,4h,1.0,"{""entry_n"": 12, ""exit_n"": 5}",798.0143713337179,30.272843023000306,-85.33999402587575,1.2939876440814488,0.7334025709251698,32.69754768392371,367,0,89801437.1333718,XRPUSDT
10,9,866.8094181350449,34.37109209224066,-77.29255549547436,1.164990954812175,0.7764476645005587,3740,0,donchian,4h,1.0,"{""entry_n"": 12, ""exit_n"": 5}",961.3603463109831,32.709644816598924,-84.81113251672146,1.189963583745845,0.7723034390741123,37.851662404092075,391,0,106136034.63109832,ADAUSDT
10,9,866.8094181350449,34.37109209224066,-77.29255549547436,1.164990954812175,0.7764476645005587,3740,0,donchian,4h,1.0,"{""entry_n"": 12, ""exit_n"": 5}",6850.765346788618,81.27348731201698,-81.60601817243672,1.1384679470759795,1.0295490159055327,32.58064516129032,310,0,695076534.6788619,DOGEUSDT
10,9,866.8094181350449,34.37109209224066,-77.29255549547436,1.164990954812175,0.7764476645005587,3740,0,donchian,4h,1.0,"{""entry_n"": 12, ""exit_n"": 5}",935.6044649363719,36.0325393678824,-81.25761772874479,1.0674686927130363,0.780591889927005,39.37007874015748,381,0,103560446.49363719,LINKUSDT
10,9,866.8094181350449,34.37109209224066,-77.29255549547436,1.164990954812175,0.7764476645005587,3740,0,donchian,4h,1.0,"{""entry_n"": 12, ""exit_n"": 5}",-89.17245674425615,-22.572651795056764,-91.06230202315653,0.7612192142353174,-0.20319509231931174,33.649289099526065,422,0,1082754.3255743857,LTCUSDT
10,9,866.8094181350449,34.37109209224066,-77.29255549547436,1.164990954812175,0.7764476645005587,3740,0,donchian,4h,1.0,"{""entry_n"": 12, ""exit_n"": 5}",431.22232864460324,31.922456554477673,-72.50694257710234,1.1684922236973754,0.7419896467937429,38.46153846153847,299,0,53122232.86446033,SOLUSDT
10,9,866.8094181350449,34.37109209224066,-77.29255549547436,1.164990954812175,0.7764476645005587,3740,0,donchian,4h,1.0,"{""entry_n"": 12, ""exit_n"": 5}",607.5565125119257,39.223155942436726,-73.32749326220393,1.1110769446510242,0.8124272844385502,40.07220216606498,277,0,70755651.25119257,AVAXUSDT
10,9,834.9429906319643,37.74788055060097,-78.03330537449042,1.1476717943651318,0.826375768593052,3181,0,donchian,4h,1.0,"{""entry_n"": 12, ""exit_n"": 8}",1619.0016013225766,37.10899371779735,-56.9336468889597,1.3254754441185683,0.9548100721260577,39.77272727272727,352,0,171900160.13225764,BTCUSDT
10,9,834.9429906319643,37.74788055060097,-78.03330537449042,1.1476717943651318,0.826375768593052,3181,0,donchian,4h,1.0,"{""entry_n"": 12, ""exit_n"": 8}",1768.8882447312412,38.38676738340459,-67.63498634186892,1.2747317851512863,0.8738572229430143,36.79775280898877,356,0,186888824.47312412,ETHUSDT
10,9,834.9429906319643,37.74788055060097,-78.03330537449042,1.1476717943651318,0.826375768593052,3181,0,donchian,4h,1.0,"{""entry_n"": 12, ""exit_n"": 8}",12458.127485096353,73.28436497603914,-64.03485742578677,1.3327694847772458,1.2017463921477787,41.82825484764543,361,0,1255812748.5096352,BNBUSDT
10,9,834.9429906319643,37.74788055060097,-78.03330537449042,1.1476717943651318,0.826375768593052,3181,0,donchian,4h,1.0,"{""entry_n"": 12, ""exit_n"": 8}",266.17624611859736,16.926988318732718,-87.55113821649753,1.1498769449325106,0.5603653033156856,30.8411214953271,321,0,36617624.61185974,XRPUSDT
10,9,834.9429906319643,37.74788055060097,-78.03330537449042,1.1476717943651318,0.826375768593052,3181,0,donchian,4h,1.0,"{""entry_n"": 12, ""exit_n"": 8}",694.4731952662613,28.18378928861145,-83.85191284607319,1.145466643797753,0.70436087577669,35.8433734939759,332,0,79447319.52662612,ADAUSDT
10,9,834.9429906319643,37.74788055060097,-78.03330537449042,1.1476717943651318,0.826375768593052,3181,0,donchian,4h,1.0,"{""entry_n"": 12, ""exit_n"": 8}",5062.681562651962,73.86843148265811,-78.04072777332475,1.1338200089188135,0.9852323452861014,32.22222222222222,270,0,516268156.2651962,DOGEUSDT
10,9,834.9429906319643,37.74788055060097,-78.03330537449042,1.1476717943651318,0.826375768593052,3181,0,donchian,4h,1.0,"{""entry_n"": 12, ""exit_n"": 8}",948.7815849073469,36.259149325964614,-77.44482689556291,1.0745798609354027,0.7783473216332178,38.006230529595015,321,0,104878158.49073468,LINKUSDT
10,9,834.9429906319643,37.74788055060097,-78.03330537449042,1.1476717943651318,0.826375768593052,3181,0,donchian,4h,1.0,"{""entry_n"": 12, ""exit_n"": 8}",-95.45399498609989,-29.931794101695452,-96.24745716957527,0.6683407311278325,-0.30704449141526896,32.075471698113205,371,0,454600.50139001093,LTCUSDT
10,9,834.9429906319643,37.74788055060097,-78.03330537449042,1.1476717943651318,0.826375768593052,3181,0,donchian,4h,1.0,"{""entry_n"": 12, ""exit_n"": 8}",643.4924576003153,39.48876919156721,-81.30418792621282,1.15012302514293,0.8123903773549318,38.671875,256,0,74349245.76003154,SOLUSDT
10,9,834.9429906319643,37.74788055060097,-78.03330537449042,1.1476717943651318,0.826375768593052,3181,0,donchian,4h,1.0,"{""entry_n"": 12, ""exit_n"": 8}",721.1043963565818,42.771957911536404,-78.02588297565609,1.0986363779224575,0.840361159831172,36.51452282157676,241,0,82110439.63565817,AVAXUSDT
10,9,1039.438537121774,37.36834450228247,-82.05399211420513,1.141935409049303,0.8508468580317546,2944,0,donchian,4h,1.0,"{""entry_n"": 12, ""exit_n"": 10}",1963.686620850665,39.91766134826315,-60.12461903604146,1.3166257368998586,0.9842166304759651,39.02439024390244,328,0,206368662.0850665,BTCUSDT
10,9,1039.438537121774,37.36834450228247,-82.05399211420513,1.141935409049303,0.8508468580317546,2944,0,donchian,4h,1.0,"{""entry_n"": 12, ""exit_n"": 10}",1376.9088764821624,34.819027656301785,-74.78434259969605,1.2067846624554899,0.8176144410171998,34.53453453453454,333,0,147690887.64821625,ETHUSDT
10,9,1039.438537121774,37.36834450228247,-82.05399211420513,1.141935409049303,0.8508468580317546,2944,0,donchian,4h,1.0,"{""entry_n"": 12, ""exit_n"": 10}",23391.760097852268,86.0797794195324,-61.786391434817965,1.3919669478215901,1.2920975816447307,42.8125,320,0,2349176009.785227,BNBUSDT
10,9,1039.438537121774,37.36834450228247,-82.05399211420513,1.141935409049303,0.8508468580317546,2944,0,donchian,4h,1.0,"{""entry_n"": 12, ""exit_n"": 10}",446.69603709989394,22.711545284518465,-82.71721790669504,1.1856537124541877,0.6359145002562586,31.399317406143346,293,0,54669603.70998939,XRPUSDT
10,9,1039.438537121774,37.36834450228247,-82.05399211420513,1.141935409049303,0.8508468580317546,2944,0,donchian,4h,1.0,"{""entry_n"": 12, ""exit_n"": 10}",398.83092317426446,21.23209609942629,-82.40364580181718,1.097203166244946,0.619850329957882,35.55555555555556,315,0,49883092.31742645,ADAUSDT
10,9,1039.438537121774,37.36834450228247,-82.05399211420513,1.141935409049303,0.8508468580317546,2944,0,donchian,4h,1.0,"{""entry_n"": 12, ""exit_n"": 10}",2520.763977404255,58.09793910397998,-81.70433842659307,1.130410362327093,0.8908490317306917,31.88976377952756,254,0,262076397.7404255,DOGEUSDT
10,9,1039.438537121774,37.36834450228247,-82.05399211420513,1.141935409049303,0.8508468580317546,2944,0,donchian,4h,1.0,"{""entry_n"": 12, ""exit_n"": 10}",800.0085717877143,33.54251346966708,-84.40044013518504,1.0663797065274827,0.7512240601978226,39.73063973063973,297,0,90000857.17877144,LINKUSDT
10,9,1039.438537121774,37.36834450228247,-82.05399211420513,1.141935409049303,0.8508468580317546,2944,0,donchian,4h,1.0,"{""entry_n"": 12, ""exit_n"": 10}",-93.8803047350211,-27.493369824224324,-95.04827239100071,0.6883678929002522,-0.21480866165788173,34.21052631578947,342,0,611969.5264978894,LTCUSDT
10,9,1039.438537121774,37.36834450228247,-82.05399211420513,1.141935409049303,0.8508468580317546,2944,0,donchian,4h,1.0,"{""entry_n"": 12, ""exit_n"": 10}",968.1103132353691,48.12926625716183,-83.87271109174263,1.1534604557715133,0.8840792750463095,39.075630252100844,238,0,106811031.3235369,SOLUSDT
10,9,1039.438537121774,37.36834450228247,-82.05399211420513,1.141935409049303,0.8508468580317546,2944,0,donchian,4h,1.0,"{""entry_n"": 12, ""exit_n"": 10}",1110.7667610081792,52.463900514363516,-78.00715549343705,1.126579900900158,0.921690638638257,34.375,224,0,121076676.10081792,AVAXUSDT
10,9,521.912628492057,27.259965224141602,-74.75792710748415,1.1045131786653664,0.7394089605479792,3469,0,donchian,4h,1.0,"{""entry_n"": 16, ""exit_n"": 4}",826.278421522411,28.017516362939475,-44.306947509429094,1.2614411085773445,0.8723316160918169,39.141414141414145,396,0,92627842.1522411,BTCUSDT
10,9,521.912628492057,27.259965224141602,-74.75792710748415,1.1045131786653664,0.7394089605479792,3469,0,donchian,4h,1.0,"{""entry_n"": 16, ""exit_n"": 4}",121.5731455537175,9.229134518142557,-65.77244149920126,1.0849190985938841,0.4388947679311518,34.04255319148936,423,0,22157314.55537175,ETHUSDT
10,9,521.912628492057,27.259965224141602,-74.75792710748415,1.1045131786653664,0.7394089605479792,3469,0,donchian,4h,1.0,"{""entry_n"": 16, ""exit_n"": 4}",4112.649215261164,53.03766476321881,-61.854196696040646,1.1790401285870613,1.0615635078414851,39.66346153846153,416,0,421264921.5261164,BNBUSDT
10,9,521.912628492057,27.259965224141602,-74.75792710748415,1.1045131786653664,0.7394089605479792,3469,0,donchian,4h,1.0,"{""entry_n"": 16, ""exit_n"": 4}",1637.2050104438945,41.05233361252232,-77.92439217145746,1.438030567456234,0.882976663948982,34.66257668711656,326,0,173720501.04438946,XRPUSDT
10,9,521.912628492057,27.259965224141602,-74.75792710748415,1.1045131786653664,0.7394089605479792,3469,0,donchian,4h,1.0,"{""entry_n"": 16, ""exit_n"": 4}",359.9428205641472,20.058960760951084,-70.98066607156785,1.112240695398993,0.6085374100907579,36.87150837988827,358,0,45994282.05641472,ADAUSDT
10,9,521.912628492057,27.259965224141602,-74.75792710748415,1.1045131786653664,0.7394089605479792,3469,0,donchian,4h,1.0,"{""entry_n"": 16, ""exit_n"": 4}",7208.314773712638,82.55320191456485,-83.69130950350296,1.1749973302797767,1.0413146254638301,34.20074349442379,269,0,730831477.3712639,DOGEUSDT
10,9,521.912628492057,27.259965224141602,-74.75792710748415,1.1045131786653664,0.7394089605479792,3469,0,donchian,4h,1.0,"{""entry_n"": 16, ""exit_n"": 4}",496.4520881110982,26.50241408534373,-76.6056223530217,1.0762016874950073,0.6769510251537009,36.26062322946176,353,0,59645208.81110982,LINKUSDT
10,9,521.912628492057,27.259965224141602,-74.75792710748415,1.1045131786653664,0.7394089605479792,3469,0,donchian,4h,1.0,"{""entry_n"": 16, ""exit_n"": 4}",-74.9272292283382,-14.71736150894396,-84.57583708689961,0.7682313127133499,-0.08347117293966609,35.07853403141361,382,0,2507277.07716618,LTCUSDT
10,9,521.912628492057,27.259965224141602,-74.75792710748415,1.1045131786653664,0.7394089605479792,3469,0,donchian,4h,1.0,"{""entry_n"": 16, ""exit_n"": 4}",78.0717101414363,10.045453710112184,-76.3506203243123,1.0502225423871727,0.47222052076829024,36.84210526315789,285,0,17807171.01414363,SOLUSDT
10,9,521.912628492057,27.259965224141602,-74.75792710748415,1.1045131786653664,0.7394089605479792,3469,0,donchian,4h,1.0,"{""entry_n"": 16, ""exit_n"": 4}",547.3731688730159,37.14575176814239,-73.165233890656,1.0967856619317395,0.8018668959422576,35.63218390804598,261,0,64737316.88730158,AVAXUSDT
10,9,674.986709916682,29.685466995246223,-75.06302541137379,1.1399179822680758,0.7818747596074663,3248,0,donchian,4h,1.0,"{""entry_n"": 16, ""exit_n"": 5}",1156.6733691787383,32.42483501513691,-48.161644887692,1.3326491680394048,0.9454253678720902,41.0958904109589,365,0,125667336.91787384,BTCUSDT
10,9,674.986709916682,29.685466995246223,-75.06302541137379,1.1399179822680758,0.7818747596074663,3248,0,donchian,4h,1.0,"{""entry_n"": 16, ""exit_n"": 5}",230.3144795435442,14.177380862519783,-68.05093308933859,1.1101630171708285,0.5291345938735014,33.589743589743584,390,0,33031447.95435442,ETHUSDT
10,9,674.986709916682,29.685466995246223,-75.06302541137379,1.1399179822680758,0.7818747596074663,3248,0,donchian,4h,1.0,"{""entry_n"": 16, ""exit_n"": 5}",3221.4781975888613,48.9554110399967,-68.76271970972536,1.1709000188725904,0.9926775816686496,39.54081632653062,392,0,332147819.75888616,BNBUSDT
10,9,674.986709916682,29.685466995246223,-75.06302541137379,1.1399179822680758,0.7818747596074663,3248,0,donchian,4h,1.0,"{""entry_n"": 16, ""exit_n"": 5}",2203.7712934665055,45.93182413720363,-73.46529487809794,1.4343029626491393,0.9325517905673639,34.40514469453376,311,0,230377129.34665057,XRPUSDT
10,9,674.986709916682,29.685466995246223,-75.06302541137379,1.1399179822680758,0.7818747596074663,3248,0,donchian,4h,1.0,"{""entry_n"": 16, ""exit_n"": 5}",632.6680513298496,26.946098975355536,-81.08164669905055,1.149795291276435,0.7081084630541344,36.57817109144543,339,0,73266805.13298497,ADAUSDT
10,9,674.986709916682,29.685466995246223,-75.06302541137379,1.1399179822680758,0.7818747596074663,3248,0,donchian,4h,1.0,"{""entry_n"": 16, ""exit_n"": 5}",14351.181201843743,100.86940668589284,-76.66075594464965,1.2086999377907357,1.141491042328722,33.99209486166008,253,0,1445118120.1843743,DOGEUSDT
10,9,674.986709916682,29.685466995246223,-75.06302541137379,1.1399179822680758,0.7818747596074663,3248,0,donchian,4h,1.0,"{""entry_n"": 16, ""exit_n"": 5}",500.8912683550747,26.62595858940684,-80.97565438970915,1.06337792516783,0.6765916624871186,36.904761904761905,336,0,60089126.83550747,LINKUSDT
10,9,674.986709916682,29.685466995246223,-75.06302541137379,1.1399179822680758,0.7818747596074663,3248,0,donchian,4h,1.0,"{""entry_n"": 16, ""exit_n"": 5}",-79.64993280494626,-16.74118110165378,-82.94449056627874,0.7593215030916212,-0.09952005158374,35.754189944134076,358,0,2035006.7195053746,LTCUSDT
10,9,674.986709916682,29.685466995246223,-75.06302541137379,1.1399179822680758,0.7818747596074663,3248,0,donchian,4h,1.0,"{""entry_n"": 16, ""exit_n"": 5}",231.16489296639236,21.975341009970673,-77.77061666735518,1.122196260790879,0.6300855550989413,37.35849056603773,265,0,33116489.296639238,SOLUSDT
10,9,674.986709916682,29.685466995246223,-75.06302541137379,1.1399179822680758,0.7818747596074663,3248,0,donchian,4h,1.0,"{""entry_n"": 16, ""exit_n"": 5}",717.3053685035145,42.660027544972976,-63.66948582605101,1.1300406732597166,0.8556410561607982,38.49372384937239,239,0,81730536.85035144,AVAXUSDT
10,9,691.5632505224432,32.44515861391663,-75.0565616538451,1.15740087806594,0.7634689784544169,2803,0,donchian,4h,1.0,"{""entry_n"": 16, ""exit_n"": 8}",1141.0304353398387,32.24090776812112,-66.00199659665773,1.3610339531514797,0.8941075510792265,41.157556270096464,311,0,124103043.53398389,BTCUSDT
10,9,691.5632505224432,32.44515861391663,-75.0565616538451,1.15740087806594,0.7634689784544169,2803,0,donchian,4h,1.0,"{""entry_n"": 16, ""exit_n"": 8}",655.8295345493007,25.16119152005607,-69.20613891979875,1.184784624085408,0.6983090795712261,33.94495412844037,327,0,75582953.45493007,ETHUSDT
10,9,691.5632505224432,32.44515861391663,-75.0565616538451,1.15740087806594,0.7634689784544169,2803,0,donchian,4h,1.0,"{""entry_n"": 16, ""exit_n"": 8}",9540.894687189351,68.15107784531314,-64.84430038631778,1.295940069150875,1.1703837163386135,42.201834862385326,327,0,964089468.718935,BNBUSDT
10,9,691.5632505224432,32.44515861391663,-75.0565616538451,1.15740087806594,0.7634689784544169,2803,0,donchian,4h,1.0,"{""entry_n"": 16, ""exit_n"": 8}",1049.609577033728,34.2077794635534,-76.71534269285031,1.284310388380004,0.7793522999530343,33.21167883211679,274,0,114960957.7033728,XRPUSDT
10,9,691.5632505224432,32.44515861391663,-75.0565616538451,1.15740087806594,0.7634689784544169,2803,0,donchian,4h,1.0,"{""entry_n"": 16, ""exit_n"": 8}",400.9346122594765,21.29323427761094,-82.55427386248677,1.098529139577052,0.6203766942002669,34.82758620689655,290,0,50093461.225947656,ADAUSDT
10,9,691.5632505224432,32.44515861391663,-75.0565616538451,1.15740087806594,0.7634689784544169,2803,0,donchian,4h,1.0,"{""entry_n"": 16, ""exit_n"": 8}",10280.064454240019,91.76098460469746,-73.39778061483987,1.1806132775064297,1.0866218430053365,33.33333333333333,225,0,1038006445.4240019,DOGEUSDT
10,9,691.5632505224432,32.44515861391663,-75.0565616538451,1.15740087806594,0.7634689784544169,2803,0,donchian,4h,1.0,"{""entry_n"": 16, ""exit_n"": 8}",353.1346889485583,22.007771423962907,-85.8367884059541,1.0494090774006053,0.624945735722917,35.19163763066202,287,0,45313468.894855835,LINKUSDT
10,9,691.5632505224432,32.44515861391663,-75.0565616538451,1.15740087806594,0.7634689784544169,2803,0,donchian,4h,1.0,"{""entry_n"": 16, ""exit_n"": 8}",-92.85539513083424,-26.189759258279388,-94.01206518984442,0.616756258316034,-0.2610948098599134,32.91925465838509,322,0,714460.4869165762,LTCUSDT
10,9,691.5632505224432,32.44515861391663,-75.0565616538451,1.15740087806594,0.7634689784544169,2803,0,donchian,4h,1.0,"{""entry_n"": 16, ""exit_n"": 8}",449.1140974990425,32.64940945971215,-83.9960308006271,1.13418847862545,0.7475856569557994,36.681222707423586,229,0,54911409.74990425,SOLUSDT
10,9,691.5632505224432,32.44515861391663,-75.0565616538451,1.15740087806594,0.7634689784544169,2803,0,donchian,4h,1.0,"{""entry_n"": 16, ""exit_n"": 8}",727.2969664955857,42.95349002242084,-72.48527364529089,1.0912985532544868,0.8474719231748583,35.54502369668246,211,0,82729696.64955857,AVAXUSDT
10,9,839.1326095328884,39.02176832941713,-77.05912543359875,1.1392247609647732,0.8433028922954473,2608,0,donchian,4h,1.0,"{""entry_n"": 16, ""exit_n"": 10}",1748.9035357523655,38.221781057308114,-65.12863009489006,1.3495325688406257,0.9827484986627282,39.6551724137931,290,0,184890353.57523656,BTCUSDT
10,9,839.1326095328884,39.02176832941713,-77.05912543359875,1.1392247609647732,0.8433028922954473,2608,0,donchian,4h,1.0,"{""entry_n"": 16, ""exit_n"": 10}",426.5187530515686,20.239703736385927,-76.21618773528445,1.121786400801054,0.621588303012048,32.25806451612903,310,0,52651875.30515686,ETHUSDT
10,9,839.1326095328884,39.02176832941713,-77.05912543359875,1.1392247609647732,0.8433028922954473,2608,0,donchian,4h,1.0,"{""entry_n"": 16, ""exit_n"": 10}",15448.499323860542,77.54626174644088,-59.735285096267845,1.3464085098149274,1.2348512383023829,43.986254295532646,291,0,1554849932.3860543,BNBUSDT
10,9,839.1326095328884,39.02176832941713,-77.05912543359875,1.1392247609647732,0.8433028922954473,2608,0,donchian,4h,1.0,"{""entry_n"": 16, ""exit_n"": 10}",1515.3452170561952,39.82175560152614,-72.43927029193028,1.3157927109980068,0.8386444357051335,32.53968253968254,252,0,161534521.7056195,XRPUSDT
10,9,839.1326095328884,39.02176832941713,-77.05912543359875,1.1392247609647732,0.8433028922954473,2608,0,donchian,4h,1.0,"{""entry_n"": 16, ""exit_n"": 10}",237.13269768004798,15.673176741736562,-81.37092086454473,1.0694354060996687,0.5456202559819031,34.65703971119133,277,0,33713269.7680048,ADAUSDT
10,9,839.1326095328884,39.02176832941713,-77.05912543359875,1.1392247609647732,0.8433028922954473,2608,0,donchian,4h,1.0,"{""entry_n"": 16, ""exit_n"": 10}",7134.361898733133,82.29300092045551,-73.39778061483989,1.173394323825121,1.0332959181070662,33.490566037735846,212,0,723436189.8733132,DOGEUSDT
10,9,839.1326095328884,39.02176832941713,-77.05912543359875,1.1392247609647732,0.8433028922954473,2608,0,donchian,4h,1.0,"{""entry_n"": 16, ""exit_n"": 10}",308.7075644319717,20.361607049281517,-87.77257984933271,1.0466624145979455,0.6096126188540318,37.453183520599254,267,0,40870756.443197176,LINKUSDT
10,9,839.1326095328884,39.02176832941713,-77.05912543359875,1.1392247609647732,0.8433028922954473,2608,0,donchian,4h,1.0,"{""entry_n"": 16, ""exit_n"": 10}",-90.1904899150675,-23.447481163906815,-91.82551068032701,0.6575836864434885,-0.16142261826337856,35.57046979865772,298,0,980951.0084932501,LTCUSDT
10,9,839.1326095328884,39.02176832941713,-77.05912543359875,1.1392247609647732,0.8433028922954473,2608,0,donchian,4h,1.0,"{""entry_n"": 16, ""exit_n"": 10}",785.45308585205,43.591503490369064,-86.64657542002494,1.1566631211284923,0.8479613488857612,37.558685446009385,213,0,88545308.58520499,SOLUSDT
10,9,839.1326095328884,39.02176832941713,-77.05912543359875,1.1392247609647732,0.8433028922954473,2608,0,donchian,4h,1.0,"{""entry_n"": 16, ""exit_n"": 10}",892.812133213727,47.43140662931358,-77.90206313191307,1.1043595636574712,0.8852307599599102,34.84848484848485,198,0,99281213.32137269,AVAXUSDT
10,9,870.7922691177429,33.004859986569116,-80.49297681566065,1.1239681916755022,0.797330015418052,2436,0,donchian,4h,1.0,"{""entry_n"": 16, ""exit_n"": 12}",1985.1523157637284,40.07840713380604,-64.6983825509904,1.3544521330458554,0.9936322219074087,40.80882352941176,272,0,208515231.57637283,BTCUSDT
10,9,870.7922691177429,33.004859986569116,-80.49297681566065,1.1239681916755022,0.797330015418052,2436,0,donchian,4h,1.0,"{""entry_n"": 16, ""exit_n"": 12}",320.4774886698304,17.276322096074658,-74.58852295811104,1.1028075302587392,0.5772255761079722,32.87671232876712,292,0,42047748.86698304,ETHUSDT
10,9,870.7922691177429,33.004859986569116,-80.49297681566065,1.1239681916755022,0.797330015418052,2436,0,donchian,4h,1.0,"{""entry_n"": 16, ""exit_n"": 12}",14813.110516250987,76.70559364631278,-60.91298977467194,1.3126963446342095,1.1952846356386848,43.223443223443226,273,0,1491311051.6250987,BNBUSDT
10,9,870.7922691177429,33.004859986569116,-80.49297681566065,1.1239681916755022,0.797330015418052,2436,0,donchian,4h,1.0,"{""entry_n"": 16, ""exit_n"": 12}",577.80765781572,25.931312839332186,-80.13585803357994,1.1632164348092873,0.6753735136200614,31.092436974789916,238,0,67780765.781572,XRPUSDT
10,9,870.7922691177429,33.004859986569116,-80.49297681566065,1.1239681916755022,0.797330015418052,2436,0,donchian,4h,1.0,"{""entry_n"": 16, ""exit_n"": 12}",277.94811888336545,17.267777192300258,-81.87303802285653,1.0644420175137224,0.5695460494559224,32.30769230769231,260,0,37794811.88833655,ADAUSDT
10,9,870.7922691177429,33.004859986569116,-80.49297681566065,1.1239681916755022,0.797330015418052,2436,0,donchian,4h,1.0,"{""entry_n"": 16, ""exit_n"": 12}",7188.870470564271,82.48500784962691,-77.60448761422137,1.1449810592925473,1.0293163178451918,32.67326732673268,202,0,728887047.0564271,DOGEUSDT
10,9,870.7922691177429,33.004859986569116,-80.49297681566065,1.1239681916755022,0.797330015418052,2436,0,donchian,4h,1.0,"{""entry_n"": 16, ""exit_n"": 12}",367.17704175951366,22.498934145243087,-87.66501347128806,1.0535220598980048,0.6365556094229962,36.99186991869919,246,0,46717704.17595137,LINKUSDT
10,9,870.7922691177429,33.004859986569116,-80.49297681566065,1.1239681916755022,0.797330015418052,2436,0,donchian,4h,1.0,"{""entry_n"": 16, ""exit_n"": 12}",-88.8971346162701,-22.34859072181987,-90.7857910365006,0.7048234963828393,-0.11332898602631175,35.97122302158273,278,0,1110286.5383729914,LTCUSDT
10,9,870.7922691177429,33.004859986569116,-80.49297681566065,1.1239681916755022,0.797330015418052,2436,0,donchian,4h,1.0,"{""entry_n"": 16, ""exit_n"": 12}",1163.7768804197658,52.3211167308314,-84.49268774475725,1.1443160349717676,0.9192865172160427,38.46153846153847,195,0,126377688.04197659,SOLUSDT
10,9,870.7922691177429,33.004859986569116,-80.49297681566065,1.1239681916755022,0.797330015418052,2436,0,donchian,4h,1.0,"{""entry_n"": 16, ""exit_n"": 12}",1656.5765311628088,62.36705278615948,-80.85009559774139,1.1036203483792366,1.0034052297420621,33.33333333333333,180,0,175657653.11628088,AVAXUSDT
10,9,288.9777708570866,21.717542350792797,-73.96810305933467,1.1107291246294753,0.6590958311229775,3098,0,donchian,4h,1.0,"{""entry_n"": 20, ""exit_n"": 4}",667.0729541013379,25.366428295981457,-44.93137507097826,1.2725794783785471,0.8370200435702921,40.45584045584046,351,0,76707295.4101338,BTCUSDT
10,9,288.9777708570866,21.717542350792797,-73.96810305933467,1.1107291246294753,0.6590958311229775,3098,0,donchian,4h,1.0,"{""entry_n"": 20, ""exit_n"": 4}",149.55278385432788,10.679972218763002,-62.26005161419656,1.1187601284356472,0.4656397565601486,35.09234828496042,379,0,24955278.385432787,ETHUSDT
10,9,288.9777708570866,21.717542350792797,-73.96810305933467,1.1107291246294753,0.6590958311229775,3098,0,donchian,4h,1.0,"{""entry_n"": 20, ""exit_n"": 4}",3775.579350258932,51.59271874415392,-55.458881667436714,1.1916625833837617,1.0635597755396289,40.43126684636118,371,0,387557935.0258932,BNBUSDT
10,9,288.9777708570866,21.717542350792797,-73.96810305933467,1.1107291246294753,0.6590958311229775,3098,0,donchian,4h,1.0,"{""entry_n"": 20, ""exit_n"": 4}",2555.003417017787,48.4481631560808,-74.63586470755719,1.582287200020253,0.9871425211845027,37.05035971223021,278,0,265500341.7017787,XRPUSDT
10,9,288.9777708570866,21.717542350792797,-73.96810305933467,1.1107291246294753,0.6590958311229775,3098,0,donchian,4h,1.0,"{""entry_n"": 20, ""exit_n"": 4}",142.84424616319984,11.215115904418195,-76.51027046491706,1.0837837445696599,0.4619487564274921,36.03603603603604,333,0,24284424.616319984,ADAUSDT
10,9,288.9777708570866,21.717542350792797,-73.96810305933467,1.1107291246294753,0.6590958311229775,3098,0,donchian,4h,1.0,"{""entry_n"": 20, ""exit_n"": 4}",7406.684281984097,83.24014265052517,-84.01055720343149,1.2017630271196418,1.0472310564621325,34.177215189873415,237,0,750668428.1984097,DOGEUSDT
10,9,288.9777708570866,21.717542350792797,-73.96810305933467,1.1107291246294753,0.6590958311229775,3098,0,donchian,4h,1.0,"{""entry_n"": 20, ""exit_n"": 4}",130.60955269518874,11.627223912172502,-82.65194065510782,1.0467251438626624,0.474839051690259,35.77981651376147,327,0,23060955.269518875,LINKUSDT
10,9,288.9777708570866,21.717542350792797,-73.96810305933467,1.1107291246294753,0.6590958311229775,3098,0,donchian,4h,1.0,"{""entry_n"": 20, ""exit_n"": 4}",-66.24003636372879,-11.747131231719433,-80.76980195181832,0.8006388233535088,-0.03719841245773869,36.03603603603604,333,0,3375996.363627121,LTCUSDT
10,9,288.9777708570866,21.717542350792797,-73.96810305933467,1.1107291246294753,0.6590958311229775,3098,0,donchian,4h,1.0,"{""entry_n"": 20, ""exit_n"": 4}",172.1601333994647,18.068656405604134,-71.77624019923499,1.102698120823303,0.5769057482218534,39.682539682539684,252,0,27216013.33994647,SOLUSDT
10,9,288.9777708570866,21.717542350792797,-73.96810305933467,1.1107291246294753,0.6590958311229775,3098,0,donchian,4h,1.0,"{""entry_n"": 20, ""exit_n"": 4}",405.7954083147086,31.53948150110757,-73.30034141111214,1.0865940316613119,0.7412859140241016,35.86497890295359,237,0,50579540.83147086,AVAXUSDT
10,9,554.6177354146655,28.039225188216875,-69.02106677377328,1.154568361119268,0.784108659596574,2907,0,donchian,4h,1.0,"{""entry_n"": 20, ""exit_n"": 5}",754.4195392919978,26.87556735616552,-47.951891636440905,1.3010570309117455,0.8529219255744935,41.41104294478527,326,0,85441953.92919978,BTCUSDT
10,9,554.6177354146655,28.039225188216875,-69.02106677377328,1.154568361119268,0.784108659596574,2907,0,donchian,4h,1.0,"{""entry_n"": 20, ""exit_n"": 5}",204.47621643679855,13.150104656753815,-65.57774020558284,1.11780571748904,0.5118372643609272,33.810888252149,349,0,30447621.643679854,ETHUSDT
10,9,554.6177354146655,28.039225188216875,-69.02106677377328,1.154568361119268,0.784108659596574,2907,0,donchian,4h,1.0,"{""entry_n"": 20, ""exit_n"": 5}",2922.1591604476976,47.363796967617986,-66.40933779152122,1.1747860616384906,0.9883722320745139,39.88603988603989,351,0,302215916.04476976,BNBUSDT
10,9,554.6177354146655,28.039225188216875,-69.02106677377328,1.154568361119268,0.784108659596574,2907,0,donchian,4h,1.0,"{""entry_n"": 20, ""exit_n"": 5}",3277.9742359169036,52.81860692825606,-68.09252391171404,1.5407785313555873,1.0263612755939535,36.60377358490566,265,0,337797423.59169036,XRPUSDT
10,9,554.6177354146655,28.039225188216875,-69.02106677377328,1.154568361119268,0.784108659596574,2907,0,donchian,4h,1.0,"{""entry_n"": 20, ""exit_n"": 5}",225.9038169103785,15.204693968000328,-81.96296523300684,1.114904732733061,0.5303542794290751,35.646687697160885,317,0,32590381.69103785,ADAUSDT
10,9,554.6177354146655,28.039225188216875,-69.02106677377328,1.154568361119268,0.784108659596574,2907,0,donchian,4h,1.0,"{""entry_n"": 20, ""exit_n"": 5}",13890.776383382587,99.95936519629387,-70.23424325926904,1.2270159019148272,1.139369220515446,34.08071748878923,223,0,1399077638.3382587,DOGEUSDT
10,9,554.6177354146655,28.039225188216875,-69.02106677377328,1.154568361119268,0.784108659596574,2907,0,donchian,4h,1.0,"{""entry_n"": 20, ""exit_n"": 5}",90.60991274309744,8.862697242143103,-88.35782501783841,1.0260702655497735,0.43786888276502883,35.78274760383386,313,0,19060991.274309743,LINKUSDT
10,9,554.6177354146655,28.039225188216875,-69.02106677377328,1.154568361119268,0.784108659596574,2907,0,donchian,4h,1.0,"{""entry_n"": 20, ""exit_n"": 5}",-67.858037426892,-12.244521492598215,-75.35878819988741,0.810613287696273,-0.022467491202765595,36.42172523961661,313,0,3214196.257310799,LTCUSDT
10,9,554.6177354146655,28.039225188216875,-69.02106677377328,1.154568361119268,0.784108659596574,2907,0,donchian,4h,1.0,"{""entry_n"": 20, ""exit_n"": 5}",368.537376854991,29.20288302026823,-69.94960963583253,1.1736498427688022,0.7152953936186547,40.0,235,0,46853737.6854991,SOLUSDT
10,9,554.6177354146655,28.039225188216875,-69.02106677377328,1.154568361119268,0.784108659596574,2907,0,donchian,4h,1.0,"{""entry_n"": 20, ""exit_n"": 5}",740.69809397434,43.342504271198855,-61.54894330286902,1.135486879469734,0.869918015280372,39.06976744186046,215,0,84069809.39743401,AVAXUSDT
10,9,847.2263355328896,35.36137998784715,-71.88199705459837,1.2095614375287267,0.8493855839929954,2515,0,donchian,4h,1.0,"{""entry_n"": 20, ""exit_n"": 8}",703.731059324702,26.01750006874115,-66.47437388219906,1.3427156722452007,0.7940296927222019,41.281138790035584,281,0,80373105.93247019,BTCUSDT
10,9,847.2263355328896,35.36137998784715,-71.88199705459837,1.2095614375287267,0.8493855839929954,2515,0,donchian,4h,1.0,"{""entry_n"": 20, ""exit_n"": 8}",658.9941656392355,25.21923152612786,-66.03911034284562,1.2042696797478418,0.7055066349499277,33.9041095890411,292,0,75899416.56392355,ETHUSDT
10,9,847.2263355328896,35.36137998784715,-71.88199705459837,1.2095614375287267,0.8493855839929954,2515,0,donchian,4h,1.0,"{""entry_n"": 20, ""exit_n"": 8}",6525.390667715489,61.12710251745879,-58.59085216752522,1.2777683476698234,1.1154219628334774,42.19269102990033,301,0,662539066.7715489,BNBUSDT
10,9,847.2263355328896,35.36137998784715,-71.88199705459837,1.2095614375287267,0.8493855839929954,2515,0,donchian,4h,1.0,"{""entry_n"": 20, ""exit_n"": 8}",2047.900870565924,44.70525990695315,-66.03248332101326,1.392295146561441,0.910888259676505,34.87394957983193,238,0,214790087.0565924,XRPUSDT
10,9,847.2263355328896,35.36137998784715,-71.88199705459837,1.2095614375287267,0.8493855839929954,2515,0,donchian,4h,1.0,"{""entry_n"": 20, ""exit_n"": 8}",279.5828239003671,17.32842736318114,-80.73943482257992,1.103729953426421,0.5651931394035848,34.074074074074076,270,0,37958282.39003671,ADAUSDT
10,9,847.2263355328896,35.36137998784715,-71.88199705459837,1.2095614375287267,0.8493855839929954,2515,0,donchian,4h,1.0,"{""entry_n"": 20, ""exit_n"": 8}",15338.477676201335,102.73977578020816,-73.39778061483989,1.2148531953096116,1.1471657678902827,34.35897435897436,195,0,1543847767.6201336,DOGEUSDT
10,9,847.2263355328896,35.36137998784715,-71.88199705459837,1.2095614375287267,0.8493855839929954,2515,0,donchian,4h,1.0,"{""entry_n"": 20, ""exit_n"": 8}",63.821442141212344,6.713737423038979,-91.30004886507066,1.0172553682682703,0.4249604159650067,32.33082706766917,266,0,16382144.214121236,LINKUSDT
10,9,847.2263355328896,35.36137998784715,-71.88199705459837,1.2095614375287267,0.8493855839929954,2515,0,donchian,4h,1.0,"{""entry_n"": 20, ""exit_n"": 8}",-88.77930459117526,-22.254198351883346,-90.59587004977368,0.6550620387302412,-0.20054861578036043,33.56890459363957,283,0,1122069.5408824743,LTCUSDT
10,9,847.2263355328896,35.36137998784715,-71.88199705459837,1.2095614375287267,0.8493855839929954,2515,0,donchian,4h,1.0,"{""entry_n"": 20, ""exit_n"": 8}",990.7216117410771,48.64494355570965,-74.60125619528178,1.226705422462358,0.9047414752637888,38.80597014925373,201,0,109072161.17410772,SOLUSDT
10,9,847.2263355328896,35.36137998784715,-71.88199705459837,1.2095614375287267,0.8493855839929954,2515,0,donchian,4h,1.0,"{""entry_n"": 20, ""exit_n"": 8}",1038.025411651199,50.87464446268848,-70.36621349435686,1.1146734282391335,0.929018762112297,36.702127659574465,188,0,113802541.1651199,AVAXUSDT
10,9,1392.471358694845,41.598380688014004,-74.49083579790053,1.173017184969805,0.9389108645349573,2340,0,donchian,4h,1.0,"{""entry_n"": 20, ""exit_n"": 10}",1255.0306359993046,33.53674536690647,-64.99643009835054,1.3581895408049631,0.9231200640135494,39.84674329501915,261,0,135503063.59993047,BTCUSDT
10,9,1392.471358694845,41.598380688014004,-74.49083579790053,1.173017184969805,0.9389108645349573,2340,0,donchian,4h,1.0,"{""entry_n"": 20, ""exit_n"": 10}",615.5445646054616,24.40283296292236,-66.81054924447338,1.164528314592155,0.6870837066187655,32.12996389891697,277,0,71554456.46054615,ETHUSDT
10,9,1392.471358694845,41.598380688014004,-74.49083579790053,1.173017184969805,0.9389108645349573,2340,0,donchian,4h,1.0,"{""entry_n"": 20, ""exit_n"": 10}",11185.481007564664,71.19090352957778,-55.53109384504079,1.3552297057405525,1.195852172644334,43.984962406015036,266,0,1128548100.7564664,BNBUSDT
10,9,1392.471358694845,41.598380688014004,-74.49083579790053,1.173017184969805,0.9389108645349573,2340,0,donchian,4h,1.0,"{""entry_n"": 20, ""exit_n"": 10}",2740.350414294603,49.660016009121534,-61.696315830106464,1.4094935022734931,0.9547016650563653,33.63636363636363,220,0,284035041.4294603,XRPUSDT
10,9,1392.471358694845,41.598380688014004,-74.49083579790053,1.173017184969805,0.9389108645349573,2340,0,donchian,4h,1.0,"{""entry_n"": 20, ""exit_n"": 10}",207.5617701392984,14.407963125001544,-80.24959964847935,1.0802462892384392,0.5258521141475708,34.63035019455253,257,0,30756177.01392984,ADAUSDT
10,9,1392.471358694845,41.598380688014004,-74.49083579790053,1.173017184969805,0.9389108645349573,2340,0,donchian,4h,1.0,"{""entry_n"": 20, ""exit_n"": 10}",9839.101317921966,90.59707767790877,-73.39778061483987,1.1815060553474548,1.0801688194124848,34.054054054054056,185,0,993910131.7921966,DOGEUSDT
10,9,1392.471358694845,41.598380688014004,-74.49083579790053,1.173017184969805,0.9389108645349573,2340,0,donchian,4h,1.0,"{""entry_n"": 20, ""exit_n"": 10}",88.43545984721631,8.698395829890249,-90.9975803778677,1.0239654892281487,0.46125537440482334,34.146341463414636,246,0,18843545.98472163,LINKUSDT
10,9,1392.471358694845,41.598380688014004,-74.49083579790053,1.173017184969805,0.9389108645349573,2340,0,donchian,4h,1.0,"{""entry_n"": 20, ""exit_n"": 10}",-84.49670407015643,-19.30724012880749,-87.00659769568288,0.7094051907574274,-0.10003058615415063,35.984848484848484,264,0,1550329.5929843576,LTCUSDT
10,9,1392.471358694845,41.598380688014004,-74.49083579790053,1.173017184969805,0.9389108645349573,2340,0,donchian,4h,1.0,"{""entry_n"": 20, ""exit_n"": 10}",1596.650026104055,59.949003426764214,-77.49046106697683,1.2524666602797463,0.9927610961312654,39.361702127659576,188,0,169665002.6104055,SOLUSDT
10,9,1392.471358694845,41.598380688014004,-74.49083579790053,1.173017184969805,0.9389108645349573,2340,0,donchian,4h,1.0,"{""entry_n"": 20, ""exit_n"": 10}",1529.9120813903855,60.32491656729411,-75.58389098096117,1.1366966675063859,1.005622916089789,35.79545454545455,176,0,162991208.13903856,AVAXUSDT
10,9,1451.5596281917785,37.18759917467559,-75.59385633861555,1.1440243978776965,0.8883600412290237,2190,0,donchian,4h,1.0,"{""entry_n"": 20, ""exit_n"": 12}",1611.509301941222,37.042556235888725,-60.20942561741065,1.3732976340013106,0.9643830833529236,41.224489795918366,245,0,171150930.1941222,BTCUSDT
10,9,1451.5596281917785,37.18759917467559,-75.59385633861555,1.1440243978776965,0.8883600412290237,2190,0,donchian,4h,1.0,"{""entry_n"": 20, ""exit_n"": 12}",533.2039042996474,22.72670467331219,-68.59254059032432,1.147987855594838,0.6581277748330455,32.56704980842912,261,0,63320390.42996475,ETHUSDT
10,9,1451.5596281917785,37.18759917467559,-75.59385633861555,1.1440243978776965,0.8883600412290237,2190,0,donchian,4h,1.0,"{""entry_n"": 20, ""exit_n"": 12}",9389.029736097445,67.84765066341653,-56.3491250118349,1.306835334280685,1.131480792358232,42.857142857142854,252,0,948902973.6097445,BNBUSDT
10,9,1451.5596281917785,37.18759917467559,-75.59385633861555,1.1440243978776965,0.8883600412290237,2190,0,donchian,4h,1.0,"{""entry_n"": 20, ""exit_n"": 12}",1291.609954442335,37.332642113462455,-74.1793802926519,1.2469982028900946,0.8123369991051238,33.81642512077295,207,0,139160995.4442335,XRPUSDT
10,9,1451.5596281917785,37.18759917467559,-75.59385633861555,1.1440243978776965,0.8883600412290237,2190,0,donchian,4h,1.0,"{""entry_n"": 20, ""exit_n"": 12}",279.9266067789556,17.341152992344377,-80.82774759390865,1.0779351660431262,0.568713007393713,32.780082987551864,241,0,37992660.67789556,ADAUSDT
10,9,1451.5596281917785,37.18759917467559,-75.59385633861555,1.1440243978776965,0.8883600412290237,2190,0,donchian,4h,1.0,"{""entry_n"": 20, ""exit_n"": 12}",8663.8060708889,87.26270123926845,-73.85268084449596,1.1308778843592,1.0554078215907194,33.146067415730336,178,0,876380607.08889,DOGEUSDT
10,9,1451.5596281917785,37.18759917467559,-75.59385633861555,1.1440243978776965,0.8883600412290237,2190,0,donchian,4h,1.0,"{""entry_n"": 20, ""exit_n"": 12}",127.5421316469726,11.43062343529806,-91.72932252160881,1.0307391938423123,0.5035837995532321,33.92070484581498,227,0,22754213.164697263,LINKUSDT
10,9,1451.5596281917785,37.18759917467559,-75.59385633861555,1.1440243978776965,0.8883600412290237,2190,0,donchian,4h,1.0,"{""entry_n"": 20, ""exit_n"": 12}",-81.81887398866975,-17.814030707976215,-87.23524410907217,0.7690264480584483,-0.04444292374350404,37.80487804878049,246,0,1818112.601133025,LTCUSDT
10,9,1451.5596281917785,37.18759917467559,-75.59385633861555,1.1440243978776965,0.8883600412290237,2190,0,donchian,4h,1.0,"{""entry_n"": 20, ""exit_n"": 12}",1914.0783701459982,64.56519042108407,-77.04303107235474,1.2202593368882497,1.0218056250955283,40.804597701149426,174,0,201407837.0145998,SOLUSDT
10,9,1451.5596281917785,37.18759917467559,-75.59385633861555,1.1440243978776965,0.8883600412290237,2190,0,donchian,4h,1.0,"{""entry_n"": 20, ""exit_n"": 12}",3032.2389390024537,79.0518249243146,-77.0083323845792,1.1400609401605548,1.137769189317886,33.33333333333333,159,0,313223893.90024537,AVAXUSDT
10,9,1667.4443575809657,43.0549143481191,-74.86485226744949,1.1707314154165616,0.8889195955699095,1933,0,donchian,4h,1.0,"{""entry_n"": 20, ""exit_n"": 16}",3028.48128536189,46.528408771235405,-63.179579890429906,1.4907550993995113,1.0750888790271922,40.56603773584906,212,0,312848128.536189,BTCUSDT
10,9,1667.4443575809657,43.0549143481191,-74.86485226744949,1.1707314154165616,0.8889195955699095,1933,0,donchian,4h,1.0,"{""entry_n"": 20, ""exit_n"": 16}",1842.4448806587004,38.98081241594511,-58.454717334463766,1.1889535860880869,0.8670216834337737,34.93449781659388,229,0,194244488.06587005,ETHUSDT
10,9,1667.4443575809657,43.0549143481191,-74.86485226744949,1.1707314154165616,0.8889195955699095,1933,0,donchian,4h,1.0,"{""entry_n"": 20, ""exit_n"": 16}",5577.863628587394,58.323038461830755,-64.01441237460655,1.2898357311288196,1.024143005032832,41.70403587443946,223,0,567786362.8587394,BNBUSDT
10,9,1667.4443575809657,43.0549143481191,-74.86485226744949,1.1707314154165616,0.8889195955699095,1933,0,donchian,4h,1.0,"{""entry_n"": 20, ""exit_n"": 16}",1492.443834503231,39.58141992500279,-63.13482089342155,1.2676362933345504,0.8287662371275275,32.78688524590164,183,0,159244383.4503231,XRPUSDT
10,9,1667.4443575809657,43.0549143481191,-74.86485226744949,1.1707314154165616,0.8889195955699095,1933,0,donchian,4h,1.0,"{""entry_n"": 20, ""exit_n"": 16}",592.8087508272271,26.09819040422765,-78.59886724091352,1.1074738559736443,0.6800826709468696,34.112149532710276,214,0,69280875.08272271,ADAUSDT
10,9,1667.4443575809657,43.0549143481191,-74.86485226744949,1.1707314154165616,0.8889195955699095,1933,0,donchian,4h,1.0,"{""entry_n"": 20, ""exit_n"": 16}",13245.603254916765,98.63978603063457,-71.13083729398548,1.1864608715056026,1.1121534727508906,36.30573248407643,157,0,1334560325.4916766,DOGEUSDT
10,9,1667.4443575809657,43.0549143481191,-74.86485226744949,1.1707314154165616,0.8889195955699095,1933,0,donchian,4h,1.0,"{""entry_n"": 20, ""exit_n"": 16}",134.70433315459886,11.886161883374902,-91.5428609060959,1.0302815679835298,0.5207998485891007,37.185929648241206,199,0,23470433.315459885,LINKUSDT
10,9,1667.4443575809657,43.0549143481191,-74.86485226744949,1.1707314154165616,0.8889195955699095,1933,0,donchian,4h,1.0,"{""entry_n"": 20, ""exit_n"": 16}",-71.94039462838305,-13.60559553002405,-87.76202218351024,0.8587430885541723,0.06806371601288093,34.862385321100916,218,0,2805960.5371616953,LTCUSDT
10,9,1667.4443575809657,43.0549143481191,-74.86485226744949,1.1707314154165616,0.8889195955699095,1933,0,donchian,4h,1.0,"{""entry_n"": 20, ""exit_n"": 16}",1133.25764509184,51.704649121146076,-79.4124175669275,1.1550019593275203,0.9108175077060453,37.17948717948718,156,0,123325764.50918399,SOLUSDT
10,9,1667.4443575809657,43.0549143481191,-74.86485226744949,1.1707314154165616,0.8889195955699095,1933,0,donchian,4h,1.0,"{""entry_n"": 20, ""exit_n"": 16}",3377.430863182056,82.24574824865421,-83.30693874653035,1.1019677125648244,1.1458119497408532,31.690140845070424,142,0,347743086.3182056,AVAXUSDT
10,9,193.56261367403843,19.003181766077702,-70.64189245767558,1.1355511726749876,0.5845969856378481,2774,0,donchian,4h,1.0,"{""entry_n"": 24, ""exit_n"": 4}",694.7757081055216,25.860922677178078,-45.3986831804863,1.2582885804455135,0.87273498784077,40.18691588785047,321,0,79477570.81055216,BTCUSDT
10,9,193.56261367403843,19.003181766077702,-70.64189245767558,1.1355511726749876,0.5845969856378481,2774,0,donchian,4h,1.0,"{""entry_n"": 24, ""exit_n"": 4}",170.0037445629163,11.651530937598253,-58.15282755029105,1.132529482415468,0.48557060569784777,36.01190476190476,336,0,27000374.45629163,ETHUSDT
10,9,193.56261367403843,19.003181766077702,-70.64189245767558,1.1355511726749876,0.5845969856378481,2774,0,donchian,4h,1.0,"{""entry_n"": 24, ""exit_n"": 4}",3554.298813584942,50.58230134335125,-56.125858182848475,1.1894861383496884,1.0627776033013014,40.23668639053255,338,0,365429881.3584942,BNBUSDT
10,9,193.56261367403843,19.003181766077702,-70.64189245767558,1.1355511726749876,0.5845969856378481,2774,0,donchian,4h,1.0,"{""entry_n"": 24, ""exit_n"": 4}",1929.7994220468688,43.72262322783471,-72.71350464260911,1.4695983091389737,0.9388486146996219,38.07531380753138,239,0,202979942.20468688,XRPUSDT
10,9,193.56261367403843,19.003181766077702,-70.64189245767558,1.1355511726749876,0.5845969856378481,2774,0,donchian,4h,1.0,"{""entry_n"": 24, ""exit_n"": 4}",204.57253257023245,14.274174027509812,-66.95219059838851,1.1294834598659542,0.5153588750923427,37.58620689655172,290,0,30457253.257023245,ADAUSDT
10,9,193.56261367403843,19.003181766077702,-70.64189245767558,1.1355511726749876,0.5845969856378481,2774,0,donchian,4h,1.0,"{""entry_n"": 24, ""exit_n"": 4}",8605.039320257549,87.08608515583892,-84.578622812188,1.2735873898083412,1.0726371183896861,36.05769230769231,208,0,870503932.0257549,DOGEUSDT
10,9,193.56261367403843,19.003181766077702,-70.64189245767558,1.1355511726749876,0.5845969856378481,2774,0,donchian,4h,1.0,"{""entry_n"": 24, ""exit_n"": 4}",132.89532617966682,11.772254989690145,-82.00446588059918,1.0529225692167696,0.47445742074719865,36.177474402730375,293,0,23289532.61796668,LINKUSDT
10,9,193.56261367403843,19.003181766077702,-70.64189245767558,1.1355511726749876,0.5845969856378481,2774,0,donchian,4h,1.0,"{""entry_n"": 24, ""exit_n"": 4}",-57.21893612551865,-9.308895281555218,-75.17814831187756,0.8472286682136398,0.004909631540602847,38.435374149659864,294,0,4278106.387448136,LTCUSDT
10,9,193.56261367403843,19.003181766077702,-70.64189245767558,1.1355511726749876,0.5845969856378481,2774,0,donchian,4h,1.0,"{""entry_n"": 24, ""exit_n"": 4}",182.51940317626264,18.802626325855364,-68.57028027274205,1.1385728629345075,0.5854099966352877,39.565217391304344,230,0,28251940.317626264,SOLUSDT
10,9,193.56261367403843,19.003181766077702,-70.64189245767558,1.1355511726749876,0.5845969856378481,2774,0,donchian,4h,1.0,"{""entry_n"": 24, ""exit_n"": 4}",182.5526947778444,19.20373720630004,-73.16258729578044,1.0602762192369153,0.5837839746404084,34.22222222222222,225,0,28255269.477784444,AVAXUSDT
10,9,403.52443034584263,25.789360941865034,-68.95579219878789,1.1799626422412697,0.7067577320829594,2599,0,donchian,4h,1.0,"{""entry_n"": 24, ""exit_n"": 5}",668.3754348085032,25.390030565441734,-42.887244326574304,1.2636446629590783,0.843324407213258,41.66666666666667,300,0,76837543.48085032,BTCUSDT
10,9,403.52443034584263,25.789360941865034,-68.95579219878789,1.1799626422412697,0.7067577320829594,2599,0,donchian,4h,1.0,"{""entry_n"": 24, ""exit_n"": 5}",276.7454477974361,15.855896387582892,-64.02165099176564,1.1424491162517243,0.5640841606756812,35.275080906148865,309,0,37674544.77974361,ETHUSDT
10,9,403.52443034584263,25.789360941865034,-68.95579219878789,1.1799626422412697,0.7067577320829594,2599,0,donchian,4h,1.0,"{""entry_n"": 24, ""exit_n"": 5}",2976.175417368349,47.66106390422424,-64.5010332793388,1.1694223543302118,1.0028662809927407,39.375,320,0,307617541.7368349,BNBUSDT
10,9,403.52443034584263,25.789360941865034,-68.95579219878789,1.1799626422412697,0.7067577320829594,2599,0,donchian,4h,1.0,"{""entry_n"": 24, ""exit_n"": 5}",2938.370562181223,50.88017034407175,-65.06240774888423,1.4644240612201953,1.0160295681013045,37.00440528634361,227,0,303837056.2181223,XRPUSDT
10,9,403.52443034584263,25.789360941865034,-68.95579219878789,1.1799626422412697,0.7067577320829594,2599,0,donchian,4h,1.0,"{""entry_n"": 24, ""exit_n"": 5}",414.5501913768437,21.683557599039748,-73.62657021195326,1.2105017812688401,0.6378912012822042,37.45454545454546,275,0,51455019.137684375,ADAUSDT
10,9,403.52443034584263,25.789360941865034,-68.95579219878789,1.1799626422412697,0.7067577320829594,2599,0,donchian,4h,1.0,"{""entry_n"": 24, ""exit_n"": 5}",14632.849181279396,101.41393719603062,-74.40045784558428,1.3056134124187608,1.150698420981092,36.41025641025641,195,0,1473284918.1279397,DOGEUSDT
10,9,403.52443034584263,25.789360941865034,-68.95579219878789,1.1799626422412697,0.7067577320829594,2599,0,donchian,4h,1.0,"{""entry_n"": 24, ""exit_n"": 5}",104.26825594654537,9.859005277309185,-86.38710351657942,1.031080141979144,0.4489068465356495,37.27598566308244,279,0,20426825.594654538,LINKUSDT
10,9,403.52443034584263,25.789360941865034,-68.95579219878789,1.1799626422412697,0.7067577320829594,2599,0,donchian,4h,1.0,"{""entry_n"": 24, ""exit_n"": 5}",-57.380437781103176,-9.348360436149761,-72.75715924513851,0.8535430887462744,0.026611200580294276,38.18181818181819,275,0,4261956.221889682,LTCUSDT
10,9,403.52443034584263,25.789360941865034,-68.95579219878789,1.1799626422412697,0.7067577320829594,2599,0,donchian,4h,1.0,"{""entry_n"": 24, ""exit_n"": 5}",306.3937381972176,26.18869131828834,-67.33915978546592,1.1905029301523276,0.6810339455148862,40.74074074074074,216,0,40639373.81972176,SOLUSDT
10,9,403.52443034584263,25.789360941865034,-68.95579219878789,1.1799626422412697,0.7067577320829594,2599,0,donchian,4h,1.0,"{""entry_n"": 24, ""exit_n"": 5}",392.49866931484155,30.948171722818163,-70.57242461210987,1.113336759354688,0.7324815186510328,38.42364532019704,203,0,49249866.931484155,AVAXUSDT
10,9,716.5737399545997,33.185504806306085,-67.37815680755523,1.2097231263988841,0.8198062923744719,2265,0,donchian,4h,1.0,"{""entry_n"": 24, ""exit_n"": 8}",705.3508766892429,26.045655543963985,-56.517945888172925,1.3018328269561756,0.8158497953569677,42.084942084942085,259,0,80535087.6689243,BTCUSDT
10,9,716.5737399545997,33.185504806306085,-67.37815680755523,1.2097231263988841,0.8198062923744719,2265,0,donchian,4h,1.0,"{""entry_n"": 24, ""exit_n"": 8}",727.7966032199563,26.430709383983174,-62.48981356058578,1.198426176652015,0.7312690551714024,35.11450381679389,262,0,82779660.32199563,ETHUSDT
10,9,716.5737399545997,33.185504806306085,-67.37815680755523,1.2097231263988841,0.8198062923744719,2265,0,donchian,4h,1.0,"{""entry_n"": 24, ""exit_n"": 8}",4134.321780274772,53.127021827706585,-58.75948597652414,1.2412631052274883,1.0420447293582145,42.086330935251794,278,0,423432178.0274772,BNBUSDT
10,9,716.5737399545997,33.185504806306085,-67.37815680755523,1.2097231263988841,0.8198062923744719,2265,0,donchian,4h,1.0,"{""entry_n"": 24, ""exit_n"": 8}",1818.0031802394967,42.74496861393522,-57.430920261841045,1.3499673225194568,0.8968420855433067,34.46601941747573,206,0,191800318.02394968,XRPUSDT
10,9,716.5737399545997,33.185504806306085,-67.37815680755523,1.2097231263988841,0.8198062923744719,2265,0,donchian,4h,1.0,"{""entry_n"": 24, ""exit_n"": 8}",520.1051469666814,24.434419806179775,-67.90100894129962,1.1946920441168305,0.6664964202429797,36.206896551724135,232,0,62010514.69666815,ADAUSDT
10,9,716.5737399545997,33.185504806306085,-67.37815680755523,1.2097231263988841,0.8198062923744719,2265,0,donchian,4h,1.0,"{""entry_n"": 24, ""exit_n"": 8}",10968.078447349839,93.49473874281759,-73.39778061483987,1.2320218403839578,1.1006145991512395,36.7816091954023,174,0,1106807844.734984,DOGEUSDT
10,9,716.5737399545997,33.185504806306085,-67.37815680755523,1.2097231263988841,0.8198062923744719,2265,0,donchian,4h,1.0,"{""entry_n"": 24, ""exit_n"": 8}",89.35977195930596,8.768436876986897,-89.08098886800825,1.0245177706503426,0.44753931633805744,35.0,240,0,18935977.195930596,LINKUSDT
10,9,716.5737399545997,33.185504806306085,-67.37815680755523,1.2097231263988841,0.8198062923744719,2265,0,donchian,4h,1.0,"{""entry_n"": 24, ""exit_n"": 8}",-80.15121769338258,-16.979812625223456,-83.36462034087653,0.7450659897029179,-0.10236982581726728,35.0597609561753,251,0,1984878.2306617417,LTCUSDT
10,9,716.5737399545997,33.185504806306085,-67.37815680755523,1.2097231263988841,0.8198062923744719,2265,0,donchian,4h,1.0,"{""entry_n"": 24, ""exit_n"": 8}",816.7898149582296,44.42236002525326,-70.87166020668941,1.221020076145753,0.8701999754185301,39.247311827956985,186,0,91678981.49582295,SOLUSDT
10,9,716.5737399545997,33.185504806306085,-67.37815680755523,1.2097231263988841,0.8198062923744719,2265,0,donchian,4h,1.0,"{""entry_n"": 24, ""exit_n"": 8}",629.3817541275772,39.940300228629,-66.85530467381082,1.103635707747673,0.8237627893919761,35.59322033898305,177,0,72938175.41275772,AVAXUSDT
10,9,1081.2296850515636,38.00769242027127,-71.63087294498953,1.1770734776454157,0.9097716561994645,2118,0,donchian,4h,1.0,"{""entry_n"": 24, ""exit_n"": 10}",1145.447663096423,32.293052747110586,-53.205300521233276,1.2948246338384595,0.9241699153062832,39.50617283950617,243,0,124544766.3096423,BTCUSDT
10,9,1081.2296850515636,38.00769242027127,-71.63087294498953,1.1770734776454157,0.9097716561994645,2118,0,donchian,4h,1.0,"{""entry_n"": 24, ""exit_n"": 10}",572.4916917683732,23.5491982475901,-66.63744779295304,1.15778388276537,0.6789343995189624,32.800000000000004,250,0,67249169.17683733,ETHUSDT
10,9,1081.2296850515636,38.00769242027127,-71.63087294498953,1.1770734776454157,0.9097716561994645,2118,0,donchian,4h,1.0,"{""entry_n"": 24, ""exit_n"": 10}",5696.156149061786,58.694833997345405,-64.1286857396867,1.2840161208679362,1.084190832566927,42.168674698795186,249,0,579615614.9061786,BNBUSDT
10,9,1081.2296850515636,38.00769242027127,-71.63087294498953,1.1770734776454157,0.9097716561994645,2118,0,donchian,4h,1.0,"{""entry_n"": 24, ""exit_n"": 10}",1929.7652953250708,43.722332093431945,-57.52480429216706,1.3300312382666577,0.8987102949956152,33.160621761658035,193,0,202976529.53250706,XRPUSDT
10,9,1081.2296850515636,38.00769242027127,-71.63087294498953,1.1770734776454157,0.9097716561994645,2118,0,donchian,4h,1.0,"{""entry_n"": 24, ""exit_n"": 10}",388.9411826509906,20.941599684211543,-71.03937927092363,1.1540189773479301,0.616235984589353,36.486486486486484,222,0,48894118.265099056,ADAUSDT
10,9,1081.2296850515636,38.00769242027127,-71.63087294498953,1.1770734776454157,0.9097716561994645,2118,0,donchian,4h,1.0,"{""entry_n"": 24, ""exit_n"": 10}",6972.03369591258,81.71373739501635,-73.39778061483987,1.1963630725254615,1.0322259919378545,36.74698795180723,166,0,707203369.591258,DOGEUSDT
10,9,1081.2296850515636,38.00769242027127,-71.63087294498953,1.1770734776454157,0.9097716561994645,2118,0,donchian,4h,1.0,"{""entry_n"": 24, ""exit_n"": 10}",164.08268645674195,13.636789910857416,-89.02812016907396,1.0408446854723465,0.5216709601090445,36.486486486486484,222,0,26408268.645674195,LINKUSDT
10,9,1081.2296850515636,38.00769242027127,-71.63087294498953,1.1770734776454157,0.9097716561994645,2118,0,donchian,4h,1.0,"{""entry_n"": 24, ""exit_n"": 10}",-72.67666235453048,-13.869552925062024,-86.31119385366506,0.793979030652017,-0.00467421766005645,37.60683760683761,234,0,2732333.7645469517,LTCUSDT
10,9,1081.2296850515636,38.00769242027127,-71.63087294498953,1.1770734776454157,0.9097716561994645,2118,0,donchian,4h,1.0,"{""entry_n"": 24, ""exit_n"": 10}",1414.1385613579664,56.95746356897003,-73.51804484680041,1.2460425489809341,0.9746921994903306,40.229885057471265,174,0,151413856.13579664,SOLUSDT
10,9,1081.2296850515636,38.00769242027127,-71.63087294498953,1.1770734776454157,0.9097716561994645,2118,0,donchian,4h,1.0,"{""entry_n"": 24, ""exit_n"": 10}",1017.0117070067045,50.39983641770651,-72.22236661905544,1.1343068042102695,0.9208330174033139,36.36363636363637,165,0,111701170.70067045,AVAXUSDT
10,9,1054.9429511670141,32.47699989053808,-72.22336605798031,1.150320262526898,0.8364400163953284,2003,0,donchian,4h,1.0,"{""entry_n"": 24, ""exit_n"": 12}",1221.206468866301,33.16270975733646,-57.51877911597872,1.3076659596319704,0.9211378655361036,40.692640692640694,231,0,132120646.8866301,BTCUSDT
10,9,1054.9429511670141,32.47699989053808,-72.22336605798031,1.150320262526898,0.8364400163953284,2003,0,donchian,4h,1.0,"{""entry_n"": 24, ""exit_n"": 12}",433.8105309352984,20.423346707960597,-68.54796685971114,1.134808894954301,0.6264919028089817,32.48945147679325,237,0,53381053.093529835,ETHUSDT
10,9,1054.9429511670141,32.47699989053808,-72.22336605798031,1.150320262526898,0.8364400163953284,2003,0,donchian,4h,1.0,"{""entry_n"": 24, ""exit_n"": 12}",5727.362134096117,58.79179348324279,-59.127598690941994,1.2451622355443457,1.0574705241576376,41.10169491525424,236,0,582736213.4096117,BNBUSDT
10,9,1054.9429511670141,32.47699989053808,-72.22336605798031,1.150320262526898,0.8364400163953284,2003,0,donchian,4h,1.0,"{""entry_n"": 24, ""exit_n"": 12}",888.6794334677274,31.791290023739705,-75.27880257224474,1.2070955523916385,0.7517421672545532,33.513513513513516,185,0,98867943.34677275,XRPUSDT
10,9,1054.9429511670141,32.47699989053808,-72.22336605798031,1.150320262526898,0.8364400163953284,2003,0,donchian,4h,1.0,"{""entry_n"": 24, ""exit_n"": 12}",572.262112473432,25.644201093581586,-70.95150329849838,1.1481753104349692,0.6774680504004752,35.23809523809524,210,0,67226211.2473432,ADAUSDT
10,9,1054.9429511670141,32.47699989053808,-72.22336605798031,1.150320262526898,0.8364400163953284,2003,0,donchian,4h,1.0,"{""entry_n"": 24, ""exit_n"": 12}",6554.096477356748,80.16796367691003,-77.7351367910112,1.140893688509859,1.0175160532068177,34.5679012345679,162,0,665409647.7356749,DOGEUSDT
10,9,1054.9429511670141,32.47699989053808,-72.22336605798031,1.150320262526898,0.8364400163953284,2003,0,donchian,4h,1.0,"{""entry_n"": 24, ""exit_n"": 12}",180.1010889690108,14.521149892651453,-89.36861069296191,1.0403675144008107,0.5376076003708655,35.748792270531396,207,0,28010108.89690108,LINKUSDT
10,9,1054.9429511670141,32.47699989053808,-72.22336605798031,1.150320262526898,0.8364400163953284,2003,0,donchian,4h,1.0,"{""entry_n"": 24, ""exit_n"": 12}",-78.88379552070226,-16.386333148036947,-86.52058033729814,0.7778539058687236,-0.03735091870647701,37.219730941704036,223,0,2111620.4479297735,LTCUSDT
10,9,1054.9429511670141,32.47699989053808,-72.22336605798031,1.150320262526898,0.8364400163953284,2003,0,donchian,4h,1.0,"{""entry_n"": 24, ""exit_n"": 12}",1439.073230566505,57.38334290894163,-72.99166965730868,1.1747107478503676,0.9707309726834372,39.87730061349693,163,0,153907323.0566505,SOLUSDT
10,9,1054.9429511670141,32.47699989053808,-72.22336605798031,1.150320262526898,0.8364400163953284,2003,0,donchian,4h,1.0,"{""entry_n"": 24, ""exit_n"": 12}",2109.875007304688,68.7948779152013,-71.45506245865194,1.1524652146188268,1.0660439182809773,34.899328859060404,149,0,220987500.7304688,AVAXUSDT
10,9,1384.513589461014,39.95223452227784,-75.81090860250347,1.1543046679704223,0.883252839984351,1781,0,donchian,4h,1.0,"{""entry_n"": 24, ""exit_n"": 16}",2335.584805840098,42.51387414767927,-56.71246809564134,1.407233429395197,1.036921102313104,40.0,200,0,243558480.5840098,BTCUSDT
10,9,1384.513589461014,39.95223452227784,-75.81090860250347,1.1543046679704223,0.883252839984351,1781,0,donchian,4h,1.0,"{""entry_n"": 24, ""exit_n"": 16}",1651.0831387527262,37.390594896876415,-61.51947619192348,1.16722040905808,0.8553761553903917,34.92822966507177,209,0,175108313.87527263,ETHUSDT
10,9,1384.513589461014,39.95223452227784,-75.81090860250347,1.1543046679704223,0.883252839984351,1781,0,donchian,4h,1.0,"{""entry_n"": 24, ""exit_n"": 16}",3696.6712493146547,51.23841316518709,-63.58998115932862,1.2253280810109868,0.963612218475408,39.523809523809526,210,0,379667124.93146545,BNBUSDT
10,9,1384.513589461014,39.95223452227784,-75.81090860250347,1.1543046679704223,0.883252839984351,1781,0,donchian,4h,1.0,"{""entry_n"": 24, ""exit_n"": 16}",791.1193349079005,30.1519219753541,-68.59085461208541,1.2019458200952122,0.7261336943168197,30.952380952380953,168,0,89111933.49079005,XRPUSDT
10,9,1384.513589461014,39.95223452227784,-75.81090860250347,1.1543046679704223,0.883252839984351,1781,0,donchian,4h,1.0,"{""entry_n"": 24, ""exit_n"": 16}",737.1604417049377,28.990042252386083,-73.90128226451762,1.1479901590151484,0.7161705022071277,35.78947368421053,190,0,83716044.17049378,ADAUSDT
10,9,1384.513589461014,39.95223452227784,-75.81090860250347,1.1543046679704223,0.883252839984351,1781,0,donchian,4h,1.0,"{""entry_n"": 24, ""exit_n"": 16}",7364.232711548246,83.0944595489969,-79.21257451568438,1.1606191769256962,1.0330433157717271,37.24137931034483,145,0,746423271.1548246,DOGEUSDT
10,9,1384.513589461014,39.95223452227784,-75.81090860250347,1.1543046679704223,0.883252839984351,1781,0,donchian,4h,1.0,"{""entry_n"": 24, ""exit_n"": 16}",195.29474889413777,15.3202842527977,-90.84474191876548,1.0355811754851636,0.5555257388837233,37.704918032786885,183,0,29529474.889413778,LINKUSDT
10,9,1384.513589461014,39.95223452227784,-75.81090860250347,1.1543046679704223,0.883252839984351,1781,0,donchian,4h,1.0,"{""entry_n"": 24, ""exit_n"": 16}",-68.40290452283591,-12.417013814835665,-87.40430493621088,0.8681037523969056,0.07231649282196534,34.84848484848485,198,0,3159709.547716409,LTCUSDT
10,9,1384.513589461014,39.95223452227784,-75.81090860250347,1.1543046679704223,0.883252839984351,1781,0,donchian,4h,1.0,"{""entry_n"": 24, ""exit_n"": 16}",1117.9440401693016,51.39051679081679,-78.38978123156807,1.1370737038890668,0.9111295245783103,37.24137931034483,145,0,121794404.01693016,SOLUSDT
10,9,1384.513589461014,39.95223452227784,-75.81090860250347,1.1543046679704223,0.883252839984351,1781,0,donchian,4h,1.0,"{""entry_n"": 24, ""exit_n"": 16}",2510.25684879653,73.61580403226151,-77.72053494048934,1.1181681161829038,1.0903628159104912,33.83458646616541,133,0,261025684.879653,AVAXUSDT
10,9,639.4263924586792,33.81563864377412,-77.77534049612433,1.154490476243361,0.7540242859467579,1632,0,donchian,4h,1.0,"{""entry_n"": 24, ""exit_n"": 20}",2086.5986993753813,40.81873496250312,-59.84847803968686,1.4141982266484228,0.9851866541854055,38.20224719101123,178,0,218659869.93753812,BTCUSDT
10,9,639.4263924586792,33.81563864377412,-77.77534049612433,1.154490476243361,0.7540242859467579,1632,0,donchian,4h,1.0,"{""entry_n"": 24, ""exit_n"": 20}",514.5126182204626,22.31935391666715,-70.935594070122,1.1135887712025836,0.6403284742791938,34.0,200,0,61451261.82204627,ETHUSDT
10,9,639.4263924586792,33.81563864377412,-77.77534049612433,1.154490476243361,0.7540242859467579,1632,0,donchian,4h,1.0,"{""entry_n"": 24, ""exit_n"": 20}",3050.3289898255534,48.06170579389351,-67.01172773889562,1.1984776510607358,0.9225186794517145,38.62433862433862,189,0,315032898.9825553,BNBUSDT
10,9,639.4263924586792,33.81563864377412,-77.77534049612433,1.154490476243361,0.7540242859467579,1632,0,donchian,4h,1.0,"{""entry_n"": 24, ""exit_n"": 20}",618.1955935409762,26.81254232504513,-75.39289318396226,1.2071495443776517,0.6854163154231036,27.741935483870968,155,0,71819559.35409762,XRPUSDT
10,9,639.4263924586792,33.81563864377412,-77.77534049612433,1.154490476243361,0.7540242859467579,1632,0,donchian,4h,1.0,"{""entry_n"": 24, ""exit_n"": 20}",565.0774380013761,25.482566655910045,-80.1577878082864,1.1375106752648163,0.6727514955887532,33.52272727272727,176,0,66507743.80013761,ADAUSDT
10,9,639.4263924586792,33.81563864377412,-77.77534049612433,1.154490476243361,0.7540242859467579,1632,0,donchian,4h,1.0,"{""entry_n"": 24, ""exit_n"": 20}",5869.287391267467,77.44457648807146,-85.12464218938304,1.1714702772219057,1.00226100279616,37.404580152671755,131,0,596928739.1267467,DOGEUSDT
10,9,639.4263924586792,33.81563864377412,-77.77534049612433,1.154490476243361,0.7540242859467579,1632,0,donchian,4h,1.0,"{""entry_n"": 24, ""exit_n"": 20}",454.9403505630412,25.30677334803977,-90.45121553135876,1.0466291346717898,0.6693672414554447,36.96969696969697,165,0,55494035.05630412,LINKUSDT
10,9,639.4263924586792,33.81563864377412,-77.77534049612433,1.154490476243361,0.7540242859467579,1632,0,donchian,4h,1.0,"{""entry_n"": 24, ""exit_n"": 20}",-82.07710567961988,-17.94921580692015,-86.9810095754428,0.7949167930618067,-0.006642777211688575,35.51912568306011,183,0,1792289.4320380124,LTCUSDT
10,9,639.4263924586792,33.81563864377412,-77.77534049612433,1.154490476243361,0.7540242859467579,1632,0,donchian,4h,1.0,"{""entry_n"": 24, ""exit_n"": 20}",2224.9801406657034,68.53118108059186,-71.46995285938559,1.210428713234002,1.032619513541942,39.84375,128,0,232498014.06657034,SOLUSDT
10,9,639.4263924586792,33.81563864377412,-77.77534049612433,1.154490476243361,0.7540242859467579,1632,0,donchian,4h,1.0,"{""entry_n"": 24, ""exit_n"": 20}",660.6571913763822,40.93749438383616,-81.88567186931932,1.0718679646543132,0.8226322564704122,33.85826771653544,127,0,76065719.13763823,AVAXUSDT
10,9,815.1288606673606,31.63155754235214,-64.29096047199953,1.2575280280539523,0.8538892771110613,2419,0,donchian,4h,1.0,"{""entry_n"": 30, ""exit_n"": 4}",1110.8137035999177,31.879710787853767,-33.392890385485686,1.4401108594065486,1.048671604120521,40.57971014492754,276,0,121081370.35999179,BTCUSDT
10,9,815.1288606673606,31.63155754235214,-64.29096047199953,1.2575280280539523,0.8538892771110613,2419,0,donchian,4h,1.0,"{""entry_n"": 30, ""exit_n"": 4}",1070.361282171801,31.383404296850514,-55.298804401674495,1.288358870513185,0.8875355687832466,37.5,288,0,117036128.21718009,ETHUSDT
10,9,815.1288606673606,31.63155754235214,-64.29096047199953,1.2575280280539523,0.8538892771110613,2419,0,donchian,4h,1.0,"{""entry_n"": 30, ""exit_n"": 4}",2539.573601289478,45.11222012586706,-50.706693040029464,1.2266971855947197,1.0082361155838353,42.42424242424242,297,0,263957360.12894782,BNBUSDT
10,9,815.1288606673606,31.63155754235214,-64.29096047199953,1.2575280280539523,0.8538892771110613,2419,0,donchian,4h,1.0,"{""entry_n"": 30, ""exit_n"": 4}",1794.0951690669901,42.529406982066334,-74.40783963513469,1.5416334739518154,0.9349876983842057,38.46153846153847,208,0,189409516.90669903,XRPUSDT
10,9,815.1288606673606,31.63155754235214,-64.29096047199953,1.2575280280539523,0.8538892771110613,2419,0,donchian,4h,1.0,"{""entry_n"": 30, ""exit_n"": 4}",177.66637827340205,13.014943053496886,-70.29357020502242,1.1242339924337506,0.49310584828321047,39.31297709923664,262,0,27766637.827340204,ADAUSDT
10,9,815.1288606673606,31.63155754235214,-64.29096047199953,1.2575280280539523,0.8538892771110613,2419,0,donchian,4h,1.0,"{""entry_n"": 30, ""exit_n"": 4}",12142.487539120397,96.2508269955818,-78.21245149315132,1.3800678404472355,1.1286627996346499,36.11111111111111,180,0,1224248753.9120398,DOGEUSDT
10,9,815.1288606673606,31.63155754235214,-64.29096047199953,1.2575280280539523,0.8538892771110613,2419,0,donchian,4h,1.0,"{""entry_n"": 30, ""exit_n"": 4}",96.54751229187295,9.303191446888137,-81.67789396437712,1.056290043463721,0.42883940648545527,37.06563706563706,259,0,19654751.229187295,LINKUSDT
10,9,815.1288606673606,31.63155754235214,-64.29096047199953,1.2575280280539523,0.8538892771110613,2419,0,donchian,4h,1.0,"{""entry_n"": 30, ""exit_n"": 4}",-46.38420078375,-6.921965327586809,-58.6495340036564,0.8908247323950497,0.04372147271797443,37.79527559055118,254,0,5361579.9216249995,LTCUSDT
10,9,815.1288606673606,31.63155754235214,-64.29096047199953,1.2575280280539523,0.8538892771110613,2419,0,donchian,4h,1.0,"{""entry_n"": 30, ""exit_n"": 4}",559.8964391629203,36.75582122305663,-51.76675690553723,1.297227126641652,0.820242985438876,43.56435643564357,202,0,65989643.91629203,SOLUSDT
10,9,815.1288606673606,31.63155754235214,-64.29096047199953,1.2575280280539523,0.8538892771110613,2419,0,donchian,4h,1.0,"{""entry_n"": 30, ""exit_n"": 4}",272.9271349566766,24.931789802852823,-69.93238694034265,1.092904844070404,0.662505151719369,34.196891191709845,193,0,37292713.49566766,AVAXUSDT
10,9,1051.86474596068,37.134000826612535,-62.86479248115437,1.251524804395824,0.9479460685185853,2263,0,donchian,4h,1.0,"{""entry_n"": 30, ""exit_n"": 5}",1192.3277533516743,32.83656301410951,-32.86263145513284,1.4649474484361666,1.049467295717579,41.63424124513619,257,0,129232775.33516744,BTCUSDT
10,9,1051.86474596068,37.134000826612535,-62.86479248115437,1.251524804395824,0.9479460685185853,2263,0,donchian,4h,1.0,"{""entry_n"": 30, ""exit_n"": 5}",1683.6498800625477,37.67180214199486,-61.846122804600526,1.291575026322795,0.9794281600566712,38.54961832061068,262,0,178364988.0062548,ETHUSDT
10,9,1051.86474596068,37.134000826612535,-62.86479248115437,1.251524804395824,0.9479460685185853,2263,0,donchian,4h,1.0,"{""entry_n"": 30, ""exit_n"": 5}",2349.0401817249194,43.88075263615529,-57.77041956933026,1.2049122559783532,0.9695407534160316,40.213523131672595,281,0,244904018.17249194,BNBUSDT
10,9,1051.86474596068,37.134000826612535,-62.86479248115437,1.251524804395824,0.9479460685185853,2263,0,donchian,4h,1.0,"{""entry_n"": 30, ""exit_n"": 5}",2330.92863327858,46.879508074130904,-69.80673151173495,1.5120991828950516,0.9800543208636694,35.5,200,0,243092863.327858,XRPUSDT
10,9,1051.86474596068,37.134000826612535,-62.86479248115437,1.251524804395824,0.9479460685185853,2263,0,donchian,4h,1.0,"{""entry_n"": 30, ""exit_n"": 5}",362.52708452773936,20.139577923846865,-76.62045062121891,1.2114745824688533,0.6162414420709651,39.91935483870967,248,0,46252708.452773936,ADAUSDT
10,9,1051.86474596068,37.134000826612535,-62.86479248115437,1.251524804395824,0.9479460685185853,2263,0,donchian,4h,1.0,"{""entry_n"": 30, ""exit_n"": 5}",22133.095835169603,113.379649999988,-65.59063029802064,1.4088666282557047,1.217610340532713,37.12574850299401,167,0,2223309583.51696,DOGEUSDT
10,9,1051.86474596068,37.134000826612535,-62.86479248115437,1.251524804395824,0.9479460685185853,2263,0,donchian,4h,1.0,"{""entry_n"": 30, ""exit_n"": 5}",115.30750230102117,10.62283568993565,-84.06962831689046,1.045579718687837,0.4563443366280971,37.95918367346939,245,0,21530750.230102118,LINKUSDT
10,9,1051.86474596068,37.134000826612535,-62.86479248115437,1.251524804395824,0.9479460685185853,2263,0,donchian,4h,1.0,"{""entry_n"": 30, ""exit_n"": 5}",-43.6775117402842,-6.392932211011226,-59.4695159318005,0.9052425651542706,0.07599944753551678,36.40167364016737,239,0,5632248.825971579,LTCUSDT
10,9,1051.86474596068,37.134000826612535,-62.86479248115437,1.251524804395824,0.9479460685185853,2263,0,donchian,4h,1.0,"{""entry_n"": 30, ""exit_n"": 5}",911.4017385696854,46.79472544636825,-49.50978867162522,1.3764732140061557,0.926351383621139,45.21276595744681,188,0,101140173.85696855,SOLUSDT
10,9,1051.86474596068,37.134000826612535,-62.86479248115437,1.251524804395824,0.9479460685185853,2263,0,donchian,4h,1.0,"{""entry_n"": 30, ""exit_n"": 5}",532.184728442465,36.59619951123021,-63.883462157708216,1.157053597066335,0.8068046164583116,37.5,176,0,63218472.8442465,AVAXUSDT
10,9,1438.7836721511353,43.65593340170432,-62.96226994121581,1.3089252122804358,0.968778149096018,1972,0,donchian,4h,1.0,"{""entry_n"": 30, ""exit_n"": 8}",1333.91375148085,34.377792554626694,-46.98943748427414,1.540993496589253,1.0236107570829405,43.69369369369369,222,0,143391375.148085,BTCUSDT
10,9,1438.7836721511353,43.65593340170432,-62.96226994121581,1.3089252122804358,0.968778149096018,1972,0,donchian,4h,1.0,"{""entry_n"": 30, ""exit_n"": 8}",3159.5353056910967,47.19714012367868,-51.375028558858006,1.323178555914862,1.0828484599541697,38.666666666666664,225,0,325953530.5691097,ETHUSDT
10,9,1438.7836721511353,43.65593340170432,-62.96226994121581,1.3089252122804358,0.968778149096018,1972,0,donchian,4h,1.0,"{""entry_n"": 30, ""exit_n"": 8}",4959.814673365114,56.2610470115527,-53.33579684624819,1.3367539824033077,1.0993332085430412,44.166666666666664,240,0,505981467.3365113,BNBUSDT
10,9,1438.7836721511353,43.65593340170432,-62.96226994121581,1.3089252122804358,0.968778149096018,1972,0,donchian,4h,1.0,"{""entry_n"": 30, ""exit_n"": 8}",1543.653592821421,40.11472667972995,-59.86383977460731,1.4355212261358228,0.8728072808903158,34.806629834254146,181,0,164365359.2821421,XRPUSDT
10,9,1438.7836721511353,43.65593340170432,-62.96226994121581,1.3089252122804358,0.968778149096018,1972,0,donchian,4h,1.0,"{""entry_n"": 30, ""exit_n"": 8}",327.8598725843635,19.02342952227316,-70.44459581357904,1.1642733361720248,0.5902213784490777,38.862559241706165,211,0,42785987.258436345,ADAUSDT
10,9,1438.7836721511353,43.65593340170432,-62.96226994121581,1.3089252122804358,0.968778149096018,1972,0,donchian,4h,1.0,"{""entry_n"": 30, ""exit_n"": 8}",11382.10340161609,94.49388264546425,-74.46971901156994,1.2946718686460097,1.108834810810197,37.74834437086093,151,0,1148210340.161609,DOGEUSDT
10,9,1438.7836721511353,43.65593340170432,-62.96226994121581,1.3089252122804358,0.968778149096018,1972,0,donchian,4h,1.0,"{""entry_n"": 30, ""exit_n"": 8}",94.36632361859935,9.142735008228797,-86.60465301697504,1.0338209238350773,0.4462283615282905,34.90566037735849,212,0,19436632.361859936,LINKUSDT
10,9,1438.7836721511353,43.65593340170432,-62.96226994121581,1.3089252122804358,0.968778149096018,1972,0,donchian,4h,1.0,"{""entry_n"": 30, ""exit_n"": 8}",-64.49950927799699,-11.235096113989885,-75.87123048452622,0.8503565228129458,0.002147053245681506,35.77981651376147,218,0,3550049.0722003016,LTCUSDT
10,9,1438.7836721511353,43.65593340170432,-62.96226994121581,1.3089252122804358,0.968778149096018,1972,0,donchian,4h,1.0,"{""entry_n"": 30, ""exit_n"": 8}",2450.182248369927,71.13593855856229,-48.624882705220685,1.405854688731113,1.1241998179323573,43.75,160,0,255018224.8369927,SOLUSDT
10,9,1438.7836721511353,43.65593340170432,-62.96226994121581,1.3089252122804358,0.968778149096018,1972,0,donchian,4h,1.0,"{""entry_n"": 30, ""exit_n"": 8}",911.909049575852,47.90722024001253,-66.06070010782432,1.136793282379045,0.9139455411090955,36.84210526315789,152,0,101190904.9575852,AVAXUSDT
10,9,2042.6136824934222,44.05958450075184,-64.44805175614539,1.2534168260642193,1.0425343077356848,1847,0,donchian,4h,1.0,"{""entry_n"": 30, ""exit_n"": 10}",2299.61104675039,42.27876264333281,-48.521232079134954,1.5006698625063013,1.1508773735159958,41.34615384615385,208,0,239961104.675039,BTCUSDT
10,9,2042.6136824934222,44.05958450075184,-64.44805175614539,1.2534168260642193,1.0425343077356848,1847,0,donchian,4h,1.0,"{""entry_n"": 30, ""exit_n"": 10}",2898.560101761548,45.84040635817086,-59.80914500487429,1.2509308061326325,1.0349642643186574,35.51401869158878,214,0,299856010.1761548,ETHUSDT
10,9,2042.6136824934222,44.05958450075184,-64.44805175614539,1.2534168260642193,1.0425343077356848,1847,0,donchian,4h,1.0,"{""entry_n"": 30, ""exit_n"": 10}",6636.257701819679,61.431558477574136,-66.40815858366413,1.3849993444482545,1.1340423301751825,44.44444444444444,216,0,673625770.1819679,BNBUSDT
10,9,2042.6136824934222,44.05958450075184,-64.44805175614539,1.2534168260642193,1.0425343077356848,1847,0,donchian,4h,1.0,"{""entry_n"": 30, ""exit_n"": 10}",1695.8547199712943,41.617736164434426,-61.23152832898114,1.4017700680317522,0.882307058993905,33.91812865497076,171,0,179585471.99712944,XRPUSDT
10,9,2042.6136824934222,44.05958450075184,-64.44805175614539,1.2534168260642193,1.0425343077356848,1847,0,donchian,4h,1.0,"{""entry_n"": 30, ""exit_n"": 10}",264.79758253533026,16.7712903109021,-73.19096000577332,1.1342149873114276,0.5563439251944177,38.91625615763547,203,0,36479758.25353303,ADAUSDT
10,9,2042.6136824934222,44.05958450075184,-64.44805175614539,1.2534168260642193,1.0425343077356848,1847,0,donchian,4h,1.0,"{""entry_n"": 30, ""exit_n"": 10}",7806.660427743267,84.57905431193693,-73.39778061483989,1.2559028459958061,1.050104351152712,39.16083916083916,143,0,790666042.7743267,DOGEUSDT
10,9,2042.6136824934222,44.05958450075184,-64.44805175614539,1.2534168260642193,1.0425343077356848,1847,0,donchian,4h,1.0,"{""entry_n"": 30, ""exit_n"": 10}",151.0637537725631,12.883020813812141,-83.63688082604916,1.0506223157481103,0.506037402967484,35.858585858585855,198,0,25106375.37725631,LINKUSDT
10,9,2042.6136824934222,44.05958450075184,-64.44805175614539,1.2534168260642193,1.0425343077356848,1847,0,donchian,4h,1.0,"{""entry_n"": 30, ""exit_n"": 10}",-50.283829593986674,-7.727313364080102,-74.30764411335971,0.901076279371849,0.10269185703406994,37.93103448275862,203,0,4971617.040601333,LTCUSDT
10,9,2042.6136824934222,44.05958450075184,-64.44805175614539,1.2534168260642193,1.0425343077356848,1847,0,donchian,4h,1.0,"{""entry_n"": 30, ""exit_n"": 10}",4182.079992095631,86.50099447587358,-48.63605449612828,1.403067054361955,1.2244735694356599,44.666666666666664,150,0,428207999.2095631,SOLUSDT
10,9,2042.6136824934222,44.05958450075184,-64.44805175614539,1.2534168260642193,1.0425343077356848,1847,0,donchian,4h,1.0,"{""entry_n"": 30, ""exit_n"": 10}",1785.6163182364544,64.32531516433424,-62.48794492862664,1.2061466047349867,1.0584286079990624,38.297872340425535,141,0,188561631.82364544,AVAXUSDT
10,9,2065.1772214020802,40.610408709162115,-66.23736978545587,1.2291943987959355,0.9983940592173831,1748,0,donchian,4h,1.0,"{""entry_n"": 30, ""exit_n"": 12}",1873.4819651977389,39.22548637372793,-55.243399734391964,1.499424474453903,1.066899674760876,41.20603015075377,199,0,197348196.5197739,BTCUSDT
10,9,2065.1772214020802,40.610408709162115,-66.23736978545587,1.2291943987959355,0.9983940592173831,1748,0,donchian,4h,1.0,"{""entry_n"": 30, ""exit_n"": 12}",2256.872477606422,41.9953310445963,-64.60004729157126,1.2268146091435383,0.9572757884112431,34.97536945812808,203,0,235687247.76064217,ETHUSDT
10,9,2065.1772214020802,40.610408709162115,-66.23736978545587,1.2291943987959355,0.9983940592173831,1748,0,donchian,4h,1.0,"{""entry_n"": 30, ""exit_n"": 12}",7403.84827409234,63.42538704359939,-56.627602907571415,1.3495008913011375,1.1195933641272213,42.64705882352941,204,0,750384827.4092339,BNBUSDT
10,9,2065.1772214020802,40.610408709162115,-66.23736978545587,1.2291943987959355,0.9983940592173831,1748,0,donchian,4h,1.0,"{""entry_n"": 30, ""exit_n"": 12}",850.224522720979,31.162862199212917,-79.17985684763357,1.2415073551422333,0.7478738041554512,33.33333333333333,165,0,95022452.2720979,XRPUSDT
10,9,2065.1772214020802,40.610408709162115,-66.23736978545587,1.2291943987959355,0.9983940592173831,1748,0,donchian,4h,1.0,"{""entry_n"": 30, ""exit_n"": 12}",514.9239901589452,24.309400895871637,-67.87469227934048,1.1586339128516243,0.6618454714311232,38.21989528795812,191,0,61492399.015894525,ADAUSDT
10,9,2065.1772214020802,40.610408709162115,-66.23736978545587,1.2291943987959355,0.9983940592173831,1748,0,donchian,4h,1.0,"{""entry_n"": 30, ""exit_n"": 12}",7624.141704935309,83.97547825871727,-74.43268442114257,1.195433580153754,1.0395123300235232,37.857142857142854,140,0,772414170.4935309,DOGEUSDT
10,9,2065.1772214020802,40.610408709162115,-66.23736978545587,1.2291943987959355,0.9983940592173831,1748,0,donchian,4h,1.0,"{""entry_n"": 30, ""exit_n"": 12}",206.3489494630562,15.87955241696748,-81.71199626162498,1.0632409737313715,0.5507547967664712,34.97267759562842,183,0,30634894.94630562,LINKUSDT
10,9,2065.1772214020802,40.610408709162115,-66.23736978545587,1.2291943987959355,0.9983940592173831,1748,0,donchian,4h,1.0,"{""entry_n"": 30, ""exit_n"": 12}",-67.34867685767651,-12.085594139006107,-81.19929431843502,0.8507370206313383,0.024512158272377252,36.734693877551024,196,0,3265132.3142323494,LTCUSDT
10,9,2065.1772214020802,40.610408709162115,-66.23736978545587,1.2291943987959355,0.9983940592173831,1748,0,donchian,4h,1.0,"{""entry_n"": 30, ""exit_n"": 12}",4718.023355742873,90.18543297372655,-59.30679694055742,1.2875536090489985,1.2352622342356603,44.285714285714285,140,0,481802335.5742873,SOLUSDT
10,9,2065.1772214020802,40.610408709162115,-66.23736978545587,1.2291943987959355,0.9983940592173831,1748,0,donchian,4h,1.0,"{""entry_n"": 30, ""exit_n"": 12}",3400.801001006404,82.45230789689838,-59.69426756132459,1.2315741884483327,1.1856913461037117,37.00787401574803,127,0,350080100.1006404,AVAXUSDT
10,9,3087.114573377202,46.82680921037023,-71.20754298117538,1.2216523053464872,1.0132506282151184,1561,0,donchian,4h,1.0,"{""entry_n"": 30, ""exit_n"": 16}",3014.0377004148695,46.453190785980844,-56.65467310635094,1.6140888945111442,1.1389888109962534,40.229885057471265,174,0,311403770.041487,BTCUSDT
10,9,3087.114573377202,46.82680921037023,-71.20754298117538,1.2216523053464872,1.0132506282151184,1561,0,donchian,4h,1.0,"{""entry_n"": 30, ""exit_n"": 16}",3160.1914463395347,47.20042763475962,-59.767867133996035,1.279844393691435,1.0058716523971478,37.01657458563536,181,0,326019144.63395345,ETHUSDT
10,9,3087.114573377202,46.82680921037023,-71.20754298117538,1.2216523053464872,1.0132506282151184,1561,0,donchian,4h,1.0,"{""entry_n"": 30, ""exit_n"": 16}",4782.247946593053,55.627332839506224,-68.71884757731101,1.3521654661987224,1.0206296040330889,42.07650273224044,183,0,488224794.6593053,BNBUSDT
10,9,3087.114573377202,46.82680921037023,-71.20754298117538,1.2216523053464872,1.0132506282151184,1561,0,donchian,4h,1.0,"{""entry_n"": 30, ""exit_n"": 16}",598.7811531738237,26.394530561534868,-79.53081831900619,1.2147975540531106,0.683301616254176,29.80132450331126,151,0,69878115.31738237,XRPUSDT
10,9,3087.114573377202,46.82680921037023,-71.20754298117538,1.2216523053464872,1.0132506282151184,1561,0,donchian,4h,1.0,"{""entry_n"": 30, ""exit_n"": 16}",516.2672784765347,24.34190258899127,-72.35613607873906,1.1286675295752764,0.6600360194814883,37.714285714285715,175,0,61626727.84765346,ADAUSDT
10,9,3087.114573377202,46.82680921037023,-71.20754298117538,1.2216523053464872,1.0132506282151184,1561,0,donchian,4h,1.0,"{""entry_n"": 30, ""exit_n"": 16}",11185.004198962963,94.02216584510275,-77.6136014504084,1.242311497404799,1.0914949358942352,42.06349206349206,126,0,1128500419.8962963,DOGEUSDT
10,9,3087.114573377202,46.82680921037023,-71.20754298117538,1.2216523053464872,1.0132506282151184,1561,0,donchian,4h,1.0,"{""entry_n"": 30, ""exit_n"": 16}",257.19110678356765,18.245684219699587,-88.16750111965813,1.0612025016245128,0.5863797772998884,37.03703703703704,162,0,35719110.67835677,LINKUSDT
10,9,3087.114573377202,46.82680921037023,-71.20754298117538,1.2216523053464872,1.0132506282151184,1561,0,donchian,4h,1.0,"{""entry_n"": 30, ""exit_n"": 16}",-36.652906940018056,-5.118214775681674,-76.8135752166372,0.9453429492367633,0.18892521170119955,35.26011560693642,173,0,6334709.305998194,LTCUSDT
10,9,3087.114573377202,46.82680921037023,-71.20754298117538,1.2216523053464872,1.0132506282151184,1561,0,donchian,4h,1.0,"{""entry_n"": 30, ""exit_n"": 16}",3870.0810949905617,84.1749880429564,-70.05894988361169,1.2285070566398637,1.1681473868885388,41.12903225806452,124,0,397008109.49905616,SOLUSDT
10,9,3087.114573377202,46.82680921037023,-71.20754298117538,1.2216523053464872,1.0132506282151184,1561,0,donchian,4h,1.0,"{""entry_n"": 30, ""exit_n"": 16}",5347.775152986808,96.62064850608212,-65.92481808376618,1.2013079970356921,1.2675835023070596,35.714285714285715,112,0,544777515.2986808,AVAXUSDT
10,9,1508.370574800404,36.65346803644155,-74.87895640573744,1.2017101329168884,0.8468286562983728,1445,0,donchian,4h,1.0,"{""entry_n"": 30, ""exit_n"": 20}",2179.052637108255,41.46730481455507,-58.338364789891585,1.5670388868045448,1.0226739933620905,38.607594936708864,158,0,227905263.71082553,BTCUSDT
10,9,1508.370574800404,36.65346803644155,-74.87895640573744,1.2017101329168884,0.8468286562983728,1445,0,donchian,4h,1.0,"{""entry_n"": 30, ""exit_n"": 20}",1052.978849801122,31.165442023349765,-68.40680581898928,1.1818780222558605,0.7761850467777578,34.85714285714286,175,0,115297884.98011218,ETHUSDT
10,9,1508.370574800404,36.65346803644155,-74.87895640573744,1.2017101329168884,0.8468286562983728,1445,0,donchian,4h,1.0,"{""entry_n"": 30, ""exit_n"": 20}",2793.053162390406,46.633748968670076,-74.36828009378344,1.267162836628229,0.9174722658189878,37.278106508875744,169,0,289305316.2390406,BNBUSDT
10,9,1508.370574800404,36.65346803644155,-74.87895640573744,1.2017101329168884,0.8468286562983728,1445,0,donchian,4h,1.0,"{""entry_n"": 30, ""exit_n"": 20}",527.2000392237819,24.75944249193549,-78.32406971504479,1.2215422435779162,0.6610370303009169,28.368794326241137,141,0,62720003.92237819,XRPUSDT
10,9,1508.370574800404,36.65346803644155,-74.87895640573744,1.2017101329168884,0.8468286562983728,1445,0,donchian,4h,1.0,"{""entry_n"": 30, ""exit_n"": 20}",414.47929200858835,21.68154876424706,-75.38963271769144,1.1223131114045861,0.6257584041989446,34.96932515337423,163,0,51447929.20085884,ADAUSDT
10,9,1508.370574800404,36.65346803644155,-74.87895640573744,1.2017101329168884,0.8468286562983728,1445,0,donchian,4h,1.0,"{""entry_n"": 30, ""exit_n"": 20}",8593.382106785431,87.0509290809991,-82.23120389511647,1.2470813883099712,1.0543232558093005,39.473684210526315,114,0,869338210.6785431,DOGEUSDT
10,9,1508.370574800404,36.65346803644155,-74.87895640573744,1.2017101329168884,0.8468286562983728,1445,0,donchian,4h,1.0,"{""entry_n"": 30, ""exit_n"": 20}",716.409473181053,31.839631258328026,-82.30577457702817,1.0905053890380076,0.7339682440418024,37.67123287671233,146,0,81640947.31810531,LINKUSDT
10,9,1508.370574800404,36.65346803644155,-74.87895640573744,1.2017101329168884,0.8468286562983728,1445,0,donchian,4h,1.0,"{""entry_n"": 30, ""exit_n"": 20}",-59.15308467777219,-9.790457008855846,-80.66594385497005,0.884760968837159,0.12253987273494069,35.40372670807454,161,0,4084691.5322227804,LTCUSDT
10,9,1508.370574800404,36.65346803644155,-74.87895640573744,1.2017101329168884,0.8468286562983728,1445,0,donchian,4h,1.0,"{""entry_n"": 30, ""exit_n"": 20}",6980.7039803108155,102.72901806115841,-66.43911508460019,1.2875584729342984,1.266237052321548,45.04504504504504,111,0,708070398.0310816,SOLUSDT
10,9,1508.370574800404,36.65346803644155,-74.87895640573744,1.2017101329168884,0.8468286562983728,1445,0,donchian,4h,1.0,"{""entry_n"": 30, ""exit_n"": 20}",1963.7622997996864,66.85339406303414,-73.02666475203688,1.1569980153557966,1.0439547453167985,33.64485981308411,107,0,206376229.97996864,AVAXUSDT
10,9,1637.4480370092667,38.24797657900248,-77.20465132726909,1.2458419318755416,0.8238928252552085,1246,0,donchian,4h,1.0,"{""entry_n"": 30, ""exit_n"": 28}",822.488628041362,27.959292632024102,-68.0259450719374,1.379068994937255,0.7733661109450767,33.33333333333333,141,0,92248862.80413619,BTCUSDT
10,9,1637.4480370092667,38.24797657900248,-77.20465132726909,1.2458419318755416,0.8238928252552085,1246,0,donchian,4h,1.0,"{""entry_n"": 30, ""exit_n"": 28}",3272.2351035455818,47.75336390329807,-71.2851494481602,1.25474367809169,0.9643563881256032,41.78082191780822,146,0,337223510.35455817,ETHUSDT
10,9,1637.4480370092667,38.24797657900248,-77.20465132726909,1.2458419318755416,0.8238928252552085,1246,0,donchian,4h,1.0,"{""entry_n"": 30, ""exit_n"": 28}",2321.706153156731,43.69716995102768,-79.78298504217275,1.2369401856593933,0.8744195395653401,39.21568627450981,153,0,242170615.3156731,BNBUSDT
10,9,1637.4480370092667,38.24797657900248,-77.20465132726909,1.2458419318755416,0.8238928252552085,1246,0,donchian,4h,1.0,"{""entry_n"": 30, ""exit_n"": 28}",953.1899208618023,32.79878320697729,-78.26198170436528,1.326367143735491,0.7516824828396432,31.147540983606557,122,0,105318992.08618024,XRPUSDT
10,9,1637.4480370092667,38.24797657900248,-77.20465132726909,1.2458419318755416,0.8238928252552085,1246,0,donchian,4h,1.0,"{""entry_n"": 30, ""exit_n"": 28}",701.3119450089669,28.315482205106935,-77.358936579666,1.1010098399301171,0.7055114322384752,34.306569343065696,137,0,80131194.50089668,ADAUSDT
10,9,1637.4480370092667,38.24797657900248,-77.20465132726909,1.2458419318755416,0.8238928252552085,1246,0,donchian,4h,1.0,"{""entry_n"": 30, ""exit_n"": 28}",16641.421722161544,105.0566478561751,-76.29680194274277,1.3382899498232834,1.1397101793926698,44.565217391304344,92,0,1674142172.2161543,DOGEUSDT
10,9,1637.4480370092667,38.24797657900248,-77.20465132726909,1.2458419318755416,0.8238928252552085,1246,0,donchian,4h,1.0,"{""entry_n"": 30, ""exit_n"": 28}",500.33069200954463,26.61040129123309,-88.62182165562231,1.0655212765221105,0.6847713597892986,36.09022556390977,133,0,60033069.20095447,LINKUSDT
10,9,1637.4480370092667,38.24797657900248,-77.20465132726909,1.2458419318755416,0.8238928252552085,1246,0,donchian,4h,1.0,"{""entry_n"": 30, ""exit_n"": 28}",-47.78197469978457,-7.204487240188795,-83.97131767682224,0.9185899897539322,0.19590791950211972,33.582089552238806,134,0,5221802.530021543,LTCUSDT
10,9,1637.4480370092667,38.24797657900248,-77.20465132726909,1.2458419318755416,0.8238928252552085,1246,0,donchian,4h,1.0,"{""entry_n"": 30, ""exit_n"": 28}",9714.311553888108,114.0113869968062,-58.76716745656276,1.3623578705827346,1.312186262778447,45.36082474226804,97,0,981431155.3888109,SOLUSDT
10,9,1637.4480370092667,38.24797657900248,-77.20465132726909,1.2458419318755416,0.8238928252552085,1246,0,donchian,4h,1.0,"{""entry_n"": 30, ""exit_n"": 28}",2491.766237521898,73.40719475904424,-77.0503660748722,1.203007554654157,1.0788665016167387,39.56043956043956,91,0,259176623.75218982,AVAXUSDT
10,9,1041.5345184573666,34.6821371596935,-59.34363864057424,1.37862175896846,0.8745228122009241,2036,0,donchian,4h,1.0,"{""entry_n"": 40, ""exit_n"": 4}",1650.4729090459596,37.385281450197795,-31.209034669950654,1.6444862671502696,1.222144200108405,42.616033755274266,237,0,175047290.90459594,BTCUSDT
10,9,1041.5345184573666,34.6821371596935,-59.34363864057424,1.37862175896846,0.8745228122009241,2036,0,donchian,4h,1.0,"{""entry_n"": 40, ""exit_n"": 4}",2067.3925054354777,40.6809506048031,-34.41013311707499,1.5193823208817072,1.099929803283671,40.416666666666664,240,0,216739250.54354775,ETHUSDT
10,9,1041.5345184573666,34.6821371596935,-59.34363864057424,1.37862175896846,0.8745228122009241,2036,0,donchian,4h,1.0,"{""entry_n"": 40, ""exit_n"": 4}",2968.917298124977,47.621390721302184,-43.202433899402614,1.4038240708823175,1.0671460589297588,45.643153526970956,241,0,306891729.81249774,BNBUSDT
10,9,1041.5345184573666,34.6821371596935,-59.34363864057424,1.37862175896846,0.8745228122009241,2036,0,donchian,4h,1.0,"{""entry_n"": 40, ""exit_n"": 4}",2080.9637231917905,44.971830677039584,-61.73280649345576,1.7357137002176228,0.979360882827721,39.77272727272727,176,0,218096372.31917903,XRPUSDT
10,9,1041.5345184573666,34.6821371596935,-59.34363864057424,1.37862175896846,0.8745228122009241,2036,0,donchian,4h,1.0,"{""entry_n"": 40, ""exit_n"": 4}",388.8964667175418,20.94027451835936,-66.11172746029021,1.2643485730323296,0.6397157968241168,42.53393665158371,221,0,48889646.671754174,ADAUSDT
10,9,1041.5345184573666,34.6821371596935,-59.34363864057424,1.37862175896846,0.8745228122009241,2036,0,donchian,4h,1.0,"{""entry_n"": 40, ""exit_n"": 4}",6240.844299136423,78.95365647563406,-77.46989496939706,1.3996725750360892,1.0285035630915438,39.21568627450981,153,0,634084429.9136423,DOGEUSDT
10,9,1041.5345184573666,34.6821371596935,-59.34363864057424,1.37862175896846,0.8745228122009241,2036,0,donchian,4h,1.0,"{""entry_n"": 40, ""exit_n"": 4}",134.2150536535592,11.855429072256495,-79.81672483072725,1.0969573877899303,0.4717867192833224,38.604651162790695,215,0,23421505.36535592,LINKUSDT
10,9,1041.5345184573666,34.6821371596935,-59.34363864057424,1.37862175896846,0.8745228122009241,2036,0,donchian,4h,1.0,"{""entry_n"": 40, ""exit_n"": 4}",-26.296855900682292,-3.450421064516418,-55.52809087396512,0.9417147548200431,0.11175994934191809,38.18181818181819,220,0,7370314.4099317705,LTCUSDT
10,9,1041.5345184573666,34.6821371596935,-59.34363864057424,1.37862175896846,0.8745228122009241,2036,0,donchian,4h,1.0,"{""entry_n"": 40, ""exit_n"": 4}",432.5961278687739,31.97899286918919,-64.83958662328251,1.3575709429008305,0.769684741574127,45.40229885057471,174,0,53259612.786877386,SOLUSDT
10,9,1041.5345184573666,34.6821371596935,-59.34363864057424,1.37862175896846,0.8745228122009241,2036,0,donchian,4h,1.0,"{""entry_n"": 40, ""exit_n"": 4}",350.183462477701,28.973694245613245,-56.95447078769271,1.1456167294953734,0.7225559832248111,35.22012578616352,159,0,45018346.2477701,AVAXUSDT
10,9,1260.7231852430054,37.911004501275286,-57.61891286965108,1.3841985589947465,0.9189247871875791,1908,0,donchian,4h,1.0,"{""entry_n"": 40, ""exit_n"": 5}",1919.9002215521118,39.585104845160245,-30.14937717734324,1.722269805867885,1.2491918647908307,42.081447963800905,221,0,201990022.1552112,BTCUSDT
10,9,1260.7231852430054,37.911004501275286,-57.61891286965108,1.3841985589947465,0.9189247871875791,1908,0,donchian,4h,1.0,"{""entry_n"": 40, ""exit_n"": 5}",2986.5799397770584,46.30933944452045,-37.56329811027685,1.5492063151203979,1.1712640433474997,41.55251141552511,219,0,308657993.97770584,ETHUSDT
10,9,1260.7231852430054,37.911004501275286,-57.61891286965108,1.3841985589947465,0.9189247871875791,1908,0,donchian,4h,1.0,"{""entry_n"": 40, ""exit_n"": 5}",2722.4357419993935,46.22212773961909,-45.361070235047244,1.3766316452869438,1.0218988618408171,42.54385964912281,228,0,282243574.19993937,BNBUSDT
10,9,1260.7231852430054,37.911004501275286,-57.61891286965108,1.3841985589947465,0.9189247871875791,1908,0,donchian,4h,1.0,"{""entry_n"": 40, ""exit_n"": 5}",2971.469395043612,51.07725666505396,-54.31332182599451,1.6858896365990532,1.0454108098904724,37.5,168,0,307146939.5043612,XRPUSDT
10,9,1260.7231852430054,37.911004501275286,-57.61891286965108,1.3841985589947465,0.9189247871875791,1908,0,donchian,4h,1.0,"{""entry_n"": 40, ""exit_n"": 5}",601.5461489338993,26.287664906986464,-69.38599338266482,1.347503214764821,0.7245012678492019,44.01913875598086,209,0,70154614.89338993,ADAUSDT
10,9,1260.7231852430054,37.911004501275286,-57.61891286965108,1.3841985589947465,0.9189247871875791,1908,0,donchian,4h,1.0,"{""entry_n"": 40, ""exit_n"": 5}",10517.433787736118,92.37001544932899,-66.89072901056979,1.4536931666920645,1.1076956449885413,40.55944055944056,143,0,1061743378.7736117,DOGEUSDT
10,9,1260.7231852430054,37.911004501275286,-57.61891286965108,1.3841985589947465,0.9189247871875791,1908,0,donchian,4h,1.0,"{""entry_n"": 40, ""exit_n"": 5}",181.16848603990704,14.578505519938002,-82.1826795351639,1.0797238877395308,0.5196000150768335,38.72549019607843,204,0,28116848.603990704,LINKUSDT
10,9,1260.7231852430054,37.911004501275286,-57.61891286965108,1.3841985589947465,0.9189247871875791,1908,0,donchian,4h,1.0,"{""entry_n"": 40, ""exit_n"": 5}",-15.856418284613827,-1.967186028530965,-54.41589957177244,0.9677941567006217,0.16402575437900738,36.407766990291265,206,0,8414358.171538617,LTCUSDT
10,9,1260.7231852430054,37.911004501275286,-57.61891286965108,1.3841985589947465,0.9189247871875791,1908,0,donchian,4h,1.0,"{""entry_n"": 40, ""exit_n"": 5}",544.945905367159,36.236904157390335,-60.821926167529725,1.391765472702549,0.815950712534341,47.239263803680984,163,0,64494590.53671589,SOLUSDT
10,9,1260.7231852430054,37.911004501275286,-57.61891286965108,1.3841985589947465,0.9189247871875791,1908,0,donchian,4h,1.0,"{""entry_n"": 40, ""exit_n"": 5}",492.7402857715963,35.11598078976989,-63.575676848566786,1.1825363216664238,0.7982319787962073,36.054421768707485,147,0,59274028.57715963,AVAXUSDT
10,9,1479.4825143589442,44.58709433203738,-63.8342169762581,1.3734366036250516,0.9360485119867785,1665,0,donchian,4h,1.0,"{""entry_n"": 40, ""exit_n"": 8}",2301.7985509630234,42.293148563943284,-36.25710207244517,1.8082470647534057,1.2335289811213686,46.03174603174603,189,0,240179855.09630236,BTCUSDT
10,9,1479.4825143589442,44.58709433203738,-63.8342169762581,1.3734366036250516,0.9360485119867785,1665,0,donchian,4h,1.0,"{""entry_n"": 40, ""exit_n"": 8}",4257.111932056726,52.01452074342694,-40.70543270813264,1.476793752816078,1.20051650746817,41.05263157894737,190,0,435711193.20567256,ETHUSDT
10,9,1479.4825143589442,44.58709433203738,-63.8342169762581,1.3734366036250516,0.9360485119867785,1665,0,donchian,4h,1.0,"{""entry_n"": 40, ""exit_n"": 8}",4418.711464450734,54.263497601713006,-54.83404799353355,1.497074533016645,1.1007421252008611,43.93939393939394,198,0,451871146.4450734,BNBUSDT
10,9,1479.4825143589442,44.58709433203738,-63.8342169762581,1.3734366036250516,0.9360485119867785,1665,0,donchian,4h,1.0,"{""entry_n"": 40, ""exit_n"": 8}",1897.549724936567,43.44556212130306,-55.55832228807156,1.5146166140338582,0.9253115804553955,35.947712418300654,153,0,199754972.4936567,XRPUSDT
10,9,1479.4825143589442,44.58709433203738,-63.8342169762581,1.3734366036250516,0.9360485119867785,1665,0,donchian,4h,1.0,"{""entry_n"": 40, ""exit_n"": 8}",422.98207258073035,21.92074335746499,-67.42645694075307,1.2182549025402507,0.6369058476019853,40.44943820224719,178,0,52298207.25807303,ADAUSDT
10,9,1479.4825143589442,44.58709433203738,-63.8342169762581,1.3734366036250516,0.9360485119867785,1665,0,donchian,4h,1.0,"{""entry_n"": 40, ""exit_n"": 8}",6102.882724511191,78.40242421084768,-78.85360625057078,1.33045943151367,1.018422185574078,38.759689922480625,129,0,620288272.4511191,DOGEUSDT
10,9,1479.4825143589442,44.58709433203738,-63.8342169762581,1.3734366036250516,0.9360485119867785,1665,0,donchian,4h,1.0,"{""entry_n"": 40, ""exit_n"": 8}",187.69021807868947,14.924893602443333,-82.49922970161715,1.065596237421688,0.5287769312677244,37.142857142857146,175,0,28769021.807868946,LINKUSDT
10,9,1479.4825143589442,44.58709433203738,-63.8342169762581,1.3734366036250516,0.9360485119867785,1665,0,donchian,4h,1.0,"{""entry_n"": 40, ""exit_n"": 8}",-39.28520642159498,-5.580502099657547,-70.42079808891437,0.9206243429499259,0.10996585380308069,37.4331550802139,187,0,6071479.357840503,LTCUSDT
10,9,1479.4825143589442,44.58709433203738,-63.8342169762581,1.3734366036250516,0.9360485119867785,1665,0,donchian,4h,1.0,"{""entry_n"": 40, ""exit_n"": 8}",1061.4153037813214,50.2016354834272,-60.241977011763126,1.416413775736433,0.9467854435181615,45.714285714285715,140,0,116141530.37813213,SOLUSDT
10,9,1479.4825143589442,44.58709433203738,-63.8342169762581,1.3734366036250516,0.9360485119867785,1665,0,donchian,4h,1.0,"{""entry_n"": 40, ""exit_n"": 8}",826.905263005243,45.7286265427717,-75.64008884638686,1.1336935291051027,0.9033831687094535,35.714285714285715,126,0,92690526.3005243,AVAXUSDT
10,9,1935.3694406942154,51.386741926169854,-64.8408633870215,1.3451156533762578,0.9918861550204134,1561,0,donchian,4h,1.0,"{""entry_n"": 40, ""exit_n"": 10}",3967.4371728397646,50.858517124162425,-36.25710207244517,1.7447517126499894,1.3577123097809842,43.50282485875706,177,0,406743717.28397644,BTCUSDT
10,9,1935.3694406942154,51.386741926169854,-64.8408633870215,1.3451156533762578,0.9918861550204134,1561,0,donchian,4h,1.0,"{""entry_n"": 40, ""exit_n"": 10}",4231.463088108059,51.91496672817728,-42.76392709824526,1.4272803193506571,1.1644804284622177,38.333333333333336,180,0,433146308.81080586,ETHUSDT
10,9,1935.3694406942154,51.386741926169854,-64.8408633870215,1.3451156533762578,0.9918861550204134,1561,0,donchian,4h,1.0,"{""entry_n"": 40, ""exit_n"": 10}",5590.905954813935,58.364365674632765,-62.90330725130347,1.5549498102457604,1.126791878342043,44.19889502762431,181,0,569090595.4813935,BNBUSDT
10,9,1935.3694406942154,51.386741926169854,-64.8408633870215,1.3451156533762578,0.9918861550204134,1561,0,donchian,4h,1.0,"{""entry_n"": 40, ""exit_n"": 10}",2039.648559844025,44.638162720569326,-55.55832228807153,1.4778134185097183,0.928926119032506,34.02777777777778,144,0,213964855.9844025,XRPUSDT
10,9,1935.3694406942154,51.386741926169854,-64.8408633870215,1.3451156533762578,0.9918861550204134,1561,0,donchian,4h,1.0,"{""entry_n"": 40, ""exit_n"": 10}",465.8421309390407,23.076720335123003,-69.5476766631167,1.2094585022594209,0.6512739636629576,41.17647058823529,170,0,56584213.09390407,ADAUSDT
10,9,1935.3694406942154,51.386741926169854,-64.8408633870215,1.3451156533762578,0.9918861550204134,1561,0,donchian,4h,1.0,"{""entry_n"": 40, ""exit_n"": 10}",4278.097409927894,69.8950280190627,-78.185398312539,1.3003711869634695,0.963461083606621,40.16393442622951,122,0,437809740.9927893,DOGEUSDT
10,9,1935.3694406942154,51.386741926169854,-64.8408633870215,1.3451156533762578,0.9918861550204134,1561,0,donchian,4h,1.0,"{""entry_n"": 40, ""exit_n"": 10}",278.08351249669704,19.1338491479617,-79.66139240968519,1.0882664198224687,0.5908569634718388,39.02439024390244,164,0,37808351.2496697,LINKUSDT
10,9,1935.3694406942154,51.386741926169854,-64.8408633870215,1.3451156533762578,0.9918861550204134,1561,0,donchian,4h,1.0,"{""entry_n"": 40, ""exit_n"": 10}",-14.593580122910033,-1.7989849052260642,-71.38868197961993,0.9764621695017629,0.20730464700981188,39.42857142857143,175,0,8540641.987708997,LTCUSDT
10,9,1935.3694406942154,51.386741926169854,-64.8408633870215,1.3451156533762578,0.9918861550204134,1561,0,donchian,4h,1.0,"{""entry_n"": 40, ""exit_n"": 10}",1568.7830244834888,59.51016561840654,-55.84585218974747,1.389860119789046,1.020311226434206,45.45454545454545,132,0,166878302.44834888,SOLUSDT
10,9,1935.3694406942154,51.386741926169854,-64.8408633870215,1.3451156533762578,0.9918861550204134,1561,0,donchian,4h,1.0,"{""entry_n"": 40, ""exit_n"": 10}",1831.0903215444062,64.98890456030662,-66.77841952273954,1.227920089933995,1.0823783666146543,38.793103448275865,116,0,193109032.1544406,AVAXUSDT
10,9,2695.5622159080376,50.79544420683932,-62.497477883174625,1.3016816294047031,1.041151356363494,1480,0,donchian,4h,1.0,"{""entry_n"": 40, ""exit_n"": 12}",4624.056835011767,53.38453750779488,-36.25710207244517,1.8327646212440436,1.3775785523134922,43.786982248520715,169,0,472405683.5011767,BTCUSDT
10,9,2695.5622159080376,50.79544420683932,-62.497477883174625,1.3016816294047031,1.041151356363494,1480,0,donchian,4h,1.0,"{""entry_n"": 40, ""exit_n"": 12}",3366.56302473789,48.20635090588377,-40.52979246381073,1.420120520056886,1.0806587331772881,40.0,170,0,346656302.473789,ETHUSDT
10,9,2695.5622159080376,50.79544420683932,-62.497477883174625,1.3016816294047031,1.041151356363494,1480,0,donchian,4h,1.0,"{""entry_n"": 40, ""exit_n"": 12}",6379.204960365845,60.71867928617802,-55.96732064327852,1.5788513336609233,1.1156670342641797,43.859649122807014,171,0,647920496.0365845,BNBUSDT
10,9,2695.5622159080376,50.79544420683932,-62.497477883174625,1.3016816294047031,1.041151356363494,1480,0,donchian,4h,1.0,"{""entry_n"": 40, ""exit_n"": 12}",1122.373803768212,35.203828276248636,-69.09982020500087,1.321919501129975,0.8045469749743769,33.81294964028777,139,0,122237380.37682119,XRPUSDT
10,9,2695.5622159080376,50.79544420683932,-62.497477883174625,1.3016816294047031,1.041151356363494,1480,0,donchian,4h,1.0,"{""entry_n"": 40, ""exit_n"": 12}",889.5624360907163,31.600666830232615,-60.6780116052174,1.2344317265709643,0.7630713225026702,40.993788819875775,161,0,98956243.60907164,ADAUSDT
10,9,2695.5622159080376,50.79544420683932,-62.497477883174625,1.3016816294047031,1.041151356363494,1480,0,donchian,4h,1.0,"{""entry_n"": 40, ""exit_n"": 12}",6374.960073014792,79.47972548732594,-71.47735207403909,1.2420570549678587,1.0155322045966717,40.33613445378151,119,0,647496007.3014792,DOGEUSDT
10,9,2695.5622159080376,50.79544420683932,-62.497477883174625,1.3016816294047031,1.041151356363494,1480,0,donchian,4h,1.0,"{""entry_n"": 40, ""exit_n"": 12}",274.1048101391434,18.968051530878927,-78.70942399617252,1.0901838936689383,0.5893186945590414,38.311688311688314,154,0,37410481.01391434,LINKUSDT
10,9,2695.5622159080376,50.79544420683932,-62.497477883174625,1.3016816294047031,1.041151356363494,1480,0,donchian,4h,1.0,"{""entry_n"": 40, ""exit_n"": 12}",-41.76736104182378,-6.032965044841731,-78.61785311862124,0.928719542615439,0.12788817881878467,38.23529411764706,170,0,5823263.895817622,LTCUSDT
10,9,2695.5622159080376,50.79544420683932,-62.497477883174625,1.3016816294047031,1.041151356363494,1480,0,donchian,4h,1.0,"{""entry_n"": 40, ""exit_n"": 12}",2024.561407078185,66.0296051414268,-56.12798922130303,1.3325442713782776,1.0667705081303165,43.90243902439025,123,0,212456140.7078185,SOLUSDT
10,9,2695.5622159080376,50.79544420683932,-62.497477883174625,1.3016816294047031,1.041151356363494,1480,0,donchian,4h,1.0,"{""entry_n"": 40, ""exit_n"": 12}",3887.586131736274,86.5141760684976,-64.31694416113186,1.2814437576794313,1.2409195509650408,37.5,104,0,398758613.17362744,AVAXUSDT
10,9,2714.9434085652233,48.78112051146951,-66.60319177192162,1.2995762749298365,1.006057021850123,1333,0,donchian,4h,1.0,"{""entry_n"": 40, ""exit_n"": 16}",7111.550531949089,60.75570290535948,-34.62470763371399,1.9291839612221746,1.4239497439281321,41.61073825503356,149,0,721155053.194909,BTCUSDT
10,9,2714.9434085652233,48.78112051146951,-66.60319177192162,1.2995762749298365,1.006057021850123,1333,0,donchian,4h,1.0,"{""entry_n"": 40, ""exit_n"": 16}",3744.447413426062,49.9176517790407,-41.43788729875829,1.4733554004431255,1.0797149385935645,41.17647058823529,153,0,384444741.34260625,ETHUSDT
10,9,2714.9434085652233,48.78112051146951,-66.60319177192162,1.2995762749298365,1.006057021850123,1333,0,donchian,4h,1.0,"{""entry_n"": 40, ""exit_n"": 16}",2973.1595705282507,47.64458924389832,-67.68236890803634,1.4743641383062407,0.951472326782983,39.490445859872615,157,0,307315957.0528251,BNBUSDT
10,9,2714.9434085652233,48.78112051146951,-66.60319177192162,1.2995762749298365,1.006057021850123,1333,0,donchian,4h,1.0,"{""entry_n"": 40, ""exit_n"": 16}",917.0668403177154,32.24154651519049,-68.03587052734488,1.2936659021412875,0.7596176258230206,31.25,128,0,101706684.03177154,XRPUSDT
10,9,2714.9434085652233,48.78112051146951,-66.60319177192162,1.2995762749298365,1.006057021850123,1333,0,donchian,4h,1.0,"{""entry_n"": 40, ""exit_n"": 16}",958.2838179339802,32.66349960933583,-62.6066378393716,1.1996236205189996,0.7684025316706633,41.49659863945578,147,0,105828381.79339802,ADAUSDT
10,9,2714.9434085652233,48.78112051146951,-66.60319177192162,1.2995762749298365,1.006057021850123,1333,0,donchian,4h,1.0,"{""entry_n"": 40, ""exit_n"": 16}",8850.569317933987,87.81731419481582,-76.4161097835089,1.3054866477183855,1.060641716917263,44.03669724770643,109,0,895056931.7933987,DOGEUSDT
10,9,2714.9434085652233,48.78112051146951,-66.60319177192162,1.2995762749298365,1.006057021850123,1333,0,donchian,4h,1.0,"{""entry_n"": 40, ""exit_n"": 16}",300.00187215860626,20.020942609765456,-86.9106279334773,1.0805035305366921,0.6049032116996265,39.130434782608695,138,0,40000187.21586063,LINKUSDT
10,9,2714.9434085652233,48.78112051146951,-66.60319177192162,1.2995762749298365,1.006057021850123,1333,0,donchian,4h,1.0,"{""entry_n"": 40, ""exit_n"": 16}",-24.685108620994043,-3.2097669423271524,-77.13133678562667,0.9658142151908973,0.2029856904549002,36.12903225806451,155,0,7531489.137900596,LTCUSDT
10,9,2714.9434085652233,48.78112051146951,-66.60319177192162,1.2995762749298365,1.006057021850123,1333,0,donchian,4h,1.0,"{""entry_n"": 40, ""exit_n"": 16}",2456.727246602196,71.20872406436325,-62.64686914421538,1.33710206641517,1.0884151482487403,42.99065420560748,107,0,255672724.66021958,SOLUSDT
10,9,2714.9434085652233,48.78112051146951,-66.60319177192162,1.2995762749298365,1.006057021850123,1333,0,donchian,4h,1.0,"{""entry_n"": 40, ""exit_n"": 16}",7049.159267087339,105.86917324917518,-65.5240146358069,1.2772704330099036,1.3558545127203867,37.77777777777778,90,0,714915926.7087339,AVAXUSDT
10,9,1801.07050404502,39.200769814088666,-71.80064896935808,1.2821184283576814,0.8779575872532959,1239,0,donchian,4h,1.0,"{""entry_n"": 40, ""exit_n"": 20}",6051.140604812991,57.94361231767271,-42.97110785181506,2.016630095749952,1.3310143283855487,40.298507462686565,134,0,615114060.4812992,BTCUSDT
10,9,1801.07050404502,39.200769814088666,-71.80064896935808,1.2821184283576814,0.8779575872532959,1239,0,donchian,4h,1.0,"{""entry_n"": 40, ""exit_n"": 20}",1655.2525833983634,37.4268554714607,-45.990393825809115,1.3666798932121402,0.8895764561950265,39.189189189189186,148,0,175525258.33983633,ETHUSDT
10,9,1801.07050404502,39.200769814088666,-71.80064896935808,1.2821184283576814,0.8779575872532959,1239,0,donchian,4h,1.0,"{""entry_n"": 40, ""exit_n"": 20}",1946.8884246916766,40.974684156716634,-71.91773250262092,1.3919740078384237,0.8663387183115653,36.3013698630137,146,0,204688842.46916765,BNBUSDT
10,9,1801.07050404502,39.200769814088666,-71.80064896935808,1.2821184283576814,0.8779575872532959,1239,0,donchian,4h,1.0,"{""entry_n"": 40, ""exit_n"": 20}",616.6984459031145,26.780663206784517,-72.63441453620767,1.2561560519909474,0.6888673025029666,30.57851239669421,121,0,71669844.59031145,XRPUSDT
10,9,1801.07050404502,39.200769814088666,-71.80064896935808,1.2821184283576814,0.8779575872532959,1239,0,donchian,4h,1.0,"{""entry_n"": 40, ""exit_n"": 20}",799.7271924419575,30.108691121466613,-69.75376620574428,1.1894759257463074,0.7325346548978946,38.84892086330935,139,0,89972719.24419576,ADAUSDT
10,9,1801.07050404502,39.200769814088666,-71.80064896935808,1.2821184283576814,0.8779575872532959,1239,0,donchian,4h,1.0,"{""entry_n"": 40, ""exit_n"": 20}",7465.880277408391,83.44211038437275,-80.54815651383066,1.3080808047244152,1.0361806915463567,38.38383838383838,99,0,756588027.7408391,DOGEUSDT
10,9,1801.07050404502,39.200769814088666,-71.80064896935808,1.2821184283576814,0.8779575872532959,1239,0,donchian,4h,1.0,"{""entry_n"": 40, ""exit_n"": 20}",303.9409061817231,20.175871292642178,-85.75748444770072,1.0788953010878264,0.6096415625633286,37.79527559055118,127,0,40394090.61817231,LINKUSDT
10,9,1801.07050404502,39.200769814088666,-71.80064896935808,1.2821184283576814,0.8779575872532959,1239,0,donchian,4h,1.0,"{""entry_n"": 40, ""exit_n"": 20}",-43.141222023557404,-6.290791039456078,-78.46911914539852,0.9242595723895914,0.16230734048365306,35.41666666666667,144,0,5685877.79764426,LTCUSDT
10,9,1801.07050404502,39.200769814088666,-71.80064896935808,1.2821184283576814,0.8779575872532959,1239,0,donchian,4h,1.0,"{""entry_n"": 40, ""exit_n"": 20}",4437.151983687546,88.29978269237391,-59.88846450938677,1.440080331597651,1.1911722353881578,45.26315789473684,95,0,453715198.36875457,SOLUSDT
10,9,1801.07050404502,39.200769814088666,-71.80064896935808,1.2821184283576814,0.8779575872532959,1239,0,donchian,4h,1.0,"{""entry_n"": 40, ""exit_n"": 20}",2987.52945265041,78.61700602666986,-71.68356543609524,1.2144789254861057,1.149383330708994,33.72093023255814,86,0,308752945.265041,AVAXUSDT
10,9,2305.2445388682954,44.150052893673546,-70.99417371176735,1.3808689116699582,0.9372949444580807,1082,0,donchian,4h,1.0,"{""entry_n"": 40, ""exit_n"": 28}",2578.9623993265755,44.02796166205911,-57.40933360051215,1.7145610048174216,1.069073734445882,36.885245901639344,122,0,267896239.93265757,BTCUSDT
10,9,2305.2445388682954,44.150052893673546,-70.99417371176735,1.3808689116699582,0.9372949444580807,1082,0,donchian,4h,1.0,"{""entry_n"": 40, ""exit_n"": 28}",3313.5746849078337,47.953256267095746,-48.25981159131395,1.4250736629430791,0.9934455471367032,43.30708661417323,127,0,341357468.4907834,ETHUSDT
10,9,2305.2445388682954,44.150052893673546,-70.99417371176735,1.3808689116699582,0.9372949444580807,1082,0,donchian,4h,1.0,"{""entry_n"": 40, ""exit_n"": 28}",2027.689809188254,41.596915369971164,-79.29086325034774,1.3812258471650973,0.860240948877051,36.09022556390977,133,0,212768980.9188254,BNBUSDT
10,9,2305.2445388682954,44.150052893673546,-70.99417371176735,1.3808689116699582,0.9372949444580807,1082,0,donchian,4h,1.0,"{""entry_n"": 40, ""exit_n"": 28}",941.9721351771701,32.62756049683935,-71.73574001126137,1.3805119761748188,0.7531852530311811,33.0188679245283,106,0,104197213.517717,XRPUSDT
10,9,2305.2445388682954,44.150052893673546,-70.99417371176735,1.3808689116699582,0.9372949444580807,1082,0,donchian,4h,1.0,"{""entry_n"": 40, ""exit_n"": 28}",2031.526678410015,44.27214412528797,-68.82634245022706,1.1991235364027533,0.8811443417794583,38.983050847457626,118,0,213152667.84100148,ADAUSDT
10,9,2305.2445388682954,44.150052893673546,-70.99417371176735,1.3808689116699582,0.9372949444580807,1082,0,donchian,4h,1.0,"{""entry_n"": 40, ""exit_n"": 28}",17718.819631613478,106.8581278753995,-70.25260741227332,1.4312505612534057,1.1504406617873248,46.25,80,0,1781881963.1613479,DOGEUSDT
10,9,2305.2445388682954,44.150052893673546,-70.99417371176735,1.3808689116699582,0.9372949444580807,1082,0,donchian,4h,1.0,"{""entry_n"": 40, ""exit_n"": 28}",196.59182856097152,15.38684013230105,-91.3992280024605,1.048131992000043,0.5594392900558206,37.06896551724138,116,0,29659182.856097154,LINKUSDT
10,9,2305.2445388682954,44.150052893673546,-70.99417371176735,1.3808689116699582,0.9372949444580807,1082,0,donchian,4h,1.0,"{""entry_n"": 40, ""exit_n"": 28}",-43.498709420936585,-6.358782431465048,-84.79381433623267,0.9317622643478776,0.18786897752782625,34.146341463414636,123,0,5650129.057906342,LTCUSDT
10,9,2305.2445388682954,44.150052893673546,-70.99417371176735,1.3808689116699582,0.9372949444580807,1082,0,donchian,4h,1.0,"{""entry_n"": 40, ""exit_n"": 28}",6183.404032134008,98.75090453280457,-66.45172831306591,1.558209315941856,1.2431202022108792,42.168674698795186,83,0,628340403.2134008,SOLUSDT
10,9,2305.2445388682954,44.150052893673546,-70.99417371176735,1.3808689116699582,0.9372949444580807,1082,0,donchian,4h,1.0,"{""entry_n"": 40, ""exit_n"": 28}",4261.283409352899,89.36134253435107,-76.01051335209105,1.2539195406552182,1.205516430647955,37.83783783783784,74,0,436128340.93528986,AVAXUSDT
10,9,693.136760026073,30.54436345503215,-56.174516709284816,1.3583187229469846,0.8325400512538933,1771,0,donchian,4h,1.0,"{""entry_n"": 55, ""exit_n"": 4}",898.4992782505126,29.08844636921164,-32.21666548860418,1.588229318546248,1.0501289506281084,40.19138755980861,209,0,99849927.82505125,BTCUSDT
10,9,693.136760026073,30.54436345503215,-56.174516709284816,1.3583187229469846,0.8325400512538933,1771,0,donchian,4h,1.0,"{""entry_n"": 55, ""exit_n"": 4}",2001.322601120987,40.19852957319105,-31.01922499756471,1.5459064928323942,1.1206634542744713,41.262135922330096,206,0,210132260.1120987,ETHUSDT
10,9,693.136760026073,30.54436345503215,-56.174516709284816,1.3583187229469846,0.8325400512538933,1771,0,donchian,4h,1.0,"{""entry_n"": 55, ""exit_n"": 4}",1048.071912195635,32.000280540852664,-52.941370973626164,1.3419317709861383,0.8552426536821721,43.05555555555556,216,0,114807191.2195635,BNBUSDT
10,9,693.136760026073,30.54436345503215,-56.174516709284816,1.3583187229469846,0.8325400512538933,1771,0,donchian,4h,1.0,"{""entry_n"": 55, ""exit_n"": 4}",1317.0588942365152,37.632822805679346,-59.413939421242844,1.5752724792510806,0.8910180961036913,38.0,150,0,141705889.42365152,XRPUSDT
10,9,693.136760026073,30.54436345503215,-56.174516709284816,1.3583187229469846,0.8325400512538933,1771,0,donchian,4h,1.0,"{""entry_n"": 55, ""exit_n"": 4}",368.5116329282762,20.324756855323688,-59.40766244494347,1.275824850708001,0.6378989471753551,40.526315789473685,190,0,46851163.29282762,ADAUSDT
10,9,693.136760026073,30.54436345503215,-56.174516709284816,1.3583187229469846,0.8325400512538933,1771,0,donchian,4h,1.0,"{""entry_n"": 55, ""exit_n"": 4}",4575.573043497519,71.4685831331938,-79.16971933520246,1.3747056749078308,0.9809824911625308,35.07462686567165,134,0,467557304.34975195,DOGEUSDT
10,9,693.136760026073,30.54436345503215,-56.174516709284816,1.3583187229469846,0.8325400512538933,1771,0,donchian,4h,1.0,"{""entry_n"": 55, ""exit_n"": 4}",152.54160663735567,12.970270742494039,-81.17257793026165,1.1397226036636627,0.49246434583689525,39.89071038251366,183,0,25254160.66373557,LINKUSDT
10,9,693.136760026073,30.54436345503215,-56.174516709284816,1.3583187229469846,0.8325400512538933,1771,0,donchian,4h,1.0,"{""entry_n"": 55, ""exit_n"": 4}",-26.669758121142074,-3.5067628704946063,-52.75549244196569,0.9338463371205153,0.0952074697145662,35.1063829787234,188,0,7333024.187885793,LTCUSDT
10,9,693.136760026073,30.54436345503215,-56.174516709284816,1.3583187229469846,0.8325400512538933,1771,0,donchian,4h,1.0,"{""entry_n"": 55, ""exit_n"": 4}",487.7742418016336,34.15508505967928,-49.81738401587311,1.4125753330290916,0.8098374488256145,44.73684210526316,152,0,58777424.18016336,SOLUSDT
10,9,693.136760026073,30.54436345503215,-56.174516709284816,1.3583187229469846,0.8325400512538933,1771,0,donchian,4h,1.0,"{""entry_n"": 55, ""exit_n"": 4}",272.4446715329495,24.904440800280135,-62.05067825540923,1.1468879996578165,0.6694118312804181,31.46853146853147,143,0,37244467.15329495,AVAXUSDT
10,9,813.8450071682157,31.94908875815554,-52.189362599561456,1.3970268809743462,0.841562385408368,1660,0,donchian,4h,1.0,"{""entry_n"": 55, ""exit_n"": 5}",1037.037381786352,30.962964777125855,-31.172529562551965,1.6244723483151535,1.0790784500687705,38.97435897435898,195,0,113703738.1786352,BTCUSDT
10,9,813.8450071682157,31.94908875815554,-52.189362599561456,1.3970268809743462,0.841562385408368,1660,0,donchian,4h,1.0,"{""entry_n"": 55, ""exit_n"": 5}",2412.2422289718634,43.004752561891266,-39.838866045634866,1.562694764949237,1.1445969035574048,43.08510638297872,188,0,251224222.8971863,ETHUSDT
10,9,813.8450071682157,31.94908875815554,-52.189362599561456,1.3970268809743462,0.841562385408368,1660,0,donchian,4h,1.0,"{""entry_n"": 55, ""exit_n"": 5}",1051.2706362540237,32.042064587976135,-50.69398721780461,1.348937138911705,0.8361106201442883,40.68627450980392,204,0,115127063.62540238,BNBUSDT
10,9,813.8450071682157,31.94908875815554,-52.189362599561456,1.3970268809743462,0.841562385408368,1660,0,donchian,4h,1.0,"{""entry_n"": 55, ""exit_n"": 5}",1981.3626324171632,44.15766750823398,-53.15564109265743,1.5590574796868029,0.9711081775097843,35.91549295774648,142,0,208136263.24171633,XRPUSDT
10,9,813.8450071682157,31.94908875815554,-52.189362599561456,1.3970268809743462,0.841562385408368,1660,0,donchian,4h,1.0,"{""entry_n"": 55, ""exit_n"": 5}",511.43916767961724,24.224791182012417,-64.22351015526415,1.3492029702570503,0.7013488813314096,41.11111111111111,180,0,61143916.767961726,ADAUSDT
10,9,813.8450071682157,31.94908875815554,-52.189362599561456,1.3970268809743462,0.841562385408368,1660,0,donchian,4h,1.0,"{""entry_n"": 55, ""exit_n"": 5}",7538.047094884321,83.68650291909805,-74.52197531161175,1.45239227212853,1.0580418336263133,36.0,125,0,763804709.488432,DOGEUSDT
10,9,813.8450071682157,31.94908875815554,-52.189362599561456,1.3970268809743462,0.841562385408368,1660,0,donchian,4h,1.0,"{""entry_n"": 55, ""exit_n"": 5}",148.85366834311625,12.751705284891557,-83.02844716549112,1.0867921782926377,0.4878772132194622,39.77272727272727,176,0,24885366.834311627,LINKUSDT
10,9,813.8450071682157,31.94908875815554,-52.189362599561456,1.3970268809743462,0.841562385408368,1660,0,donchian,4h,1.0,"{""entry_n"": 55, ""exit_n"": 5}",-19.449301547039312,-2.4582545973211634,-51.22308410646548,0.9529695072512029,0.13869414871752622,34.090909090909086,176,0,8055069.845296069,LTCUSDT
10,9,813.8450071682157,31.94908875815554,-52.189362599561456,1.3970268809743462,0.841562385408368,1660,0,donchian,4h,1.0,"{""entry_n"": 55, ""exit_n"": 5}",590.6526325500796,37.79321803534634,-45.93662491176719,1.4448507916916424,0.8470141506724477,46.85314685314685,143,0,69065263.25500797,SOLUSDT
10,9,813.8450071682157,31.94908875815554,-52.189362599561456,1.3970268809743462,0.841562385408368,1660,0,donchian,4h,1.0,"{""entry_n"": 55, ""exit_n"": 5}",413.03721064583465,31.856112928334944,-68.15050469510243,1.1895339254328743,0.7617538249163376,34.35114503816794,131,0,51303721.064583465,AVAXUSDT
10,9,1028.273884666679,36.87942575725278,-65.91468940642216,1.3643793740315315,0.8885596252536192,1456,0,donchian,4h,1.0,"{""entry_n"": 55, ""exit_n"": 8}",1143.8511027910645,32.2742244974902,-42.83332046769572,1.7872536599167896,1.0469637370773233,42.26190476190476,168,0,124385110.27910644,BTCUSDT
10,9,1028.273884666679,36.87942575725278,-65.91468940642216,1.3643793740315315,0.8885596252536192,1456,0,donchian,4h,1.0,"{""entry_n"": 55, ""exit_n"": 8}",2657.3594445710546,44.48966400573748,-41.690420495669436,1.4241941946771213,1.1118571887175601,44.57831325301205,166,0,275735944.45710546,ETHUSDT
10,9,1028.273884666679,36.87942575725278,-65.91468940642216,1.3643793740315315,0.8885596252536192,1456,0,donchian,4h,1.0,"{""entry_n"": 55, ""exit_n"": 8}",1556.1711480184392,37.61858690420643,-61.85056527453221,1.4406356348710696,0.9029978487396881,41.899441340782126,179,0,165617114.80184394,BNBUSDT
10,9,1028.273884666679,36.87942575725278,-65.91468940642216,1.3643793740315315,0.8885596252536192,1456,0,donchian,4h,1.0,"{""entry_n"": 55, ""exit_n"": 8}",1402.5830434303077,38.60802182486785,-52.66016126416112,1.4392281674960286,0.8741214017675503,32.55813953488372,129,0,150258304.34303078,XRPUSDT
10,9,1028.273884666679,36.87942575725278,-65.91468940642216,1.3643793740315315,0.8885596252536192,1456,0,donchian,4h,1.0,"{""entry_n"": 55, ""exit_n"": 8}",328.8401220852814,19.056065859371007,-70.24243675881507,1.21068407506016,0.5958120298033343,37.254901960784316,153,0,42884012.20852814,ADAUSDT
10,9,1028.273884666679,36.87942575725278,-65.91468940642216,1.3643793740315315,0.8885596252536192,1456,0,donchian,4h,1.0,"{""entry_n"": 55, ""exit_n"": 8}",4254.4206611281925,69.76587222012525,-81.28862830753967,1.341162243432529,0.9647387256727946,38.05309734513274,113,0,435442066.11281925,DOGEUSDT
10,9,1028.273884666679,36.87942575725278,-65.91468940642216,1.3643793740315315,0.8885596252536192,1456,0,donchian,4h,1.0,"{""entry_n"": 55, ""exit_n"": 8}",291.5835298606822,19.685343427088455,-74.9323097375223,1.125653498285754,0.600661271792052,38.0,150,0,39158352.98606822,LINKUSDT
10,9,1028.273884666679,36.87942575725278,-65.91468940642216,1.3643793740315315,0.8885596252536192,1456,0,donchian,4h,1.0,"{""entry_n"": 55, ""exit_n"": 8}",-30.987520097092357,-4.178292447223619,-69.97881353831211,0.9344169735048449,0.1257640577358981,32.5,160,0,6901247.990290765,LTCUSDT
10,9,1028.273884666679,36.87942575725278,-65.91468940642216,1.3643793740315315,0.8885596252536192,1456,0,donchian,4h,1.0,"{""entry_n"": 55, ""exit_n"": 8}",912.6966665422935,46.82588780550168,-54.485480338676574,1.387596504630534,0.9250839307676798,43.54838709677419,124,0,101269666.65422936,SOLUSDT
10,9,1028.273884666679,36.87942575725278,-65.91468940642216,1.3643793740315315,0.8885596252536192,1456,0,donchian,4h,1.0,"{""entry_n"": 55, ""exit_n"": 8}",519.8094883489623,36.140264610299134,-74.35191869110662,1.1309626683321965,0.80135440042507,31.57894736842105,114,0,61980948.83489623,AVAXUSDT
10,10,1411.0204261851304,42.754988985060734,-64.89191869539897,1.3298284388375174,0.9331532369082292,1359,0,donchian,4h,1.0,"{""entry_n"": 55, ""exit_n"": 10}",2158.4982920271927,41.32516414343201,-37.58483480234873,1.759635898527683,1.207886011288287,40.38461538461539,156,0,225849829.20271927,BTCUSDT
10,10,1411.0204261851304,42.754988985060734,-64.89191869539897,1.3298284388375174,0.9331532369082292,1359,0,donchian,4h,1.0,"{""entry_n"": 55, ""exit_n"": 10}",2658.448802369471,44.49599691322577,-45.525406447272196,1.3983032229822807,1.07894120066833,41.40127388535032,157,0,275844880.2369471,ETHUSDT
10,10,1411.0204261851304,42.754988985060734,-64.89191869539897,1.3298284388375174,0.9331532369082292,1359,0,donchian,4h,1.0,"{""entry_n"": 55, ""exit_n"": 10}",2394.9143564995575,44.184813826689464,-69.48343139034574,1.5376274099541467,0.9759253154256151,42.331288343558285,163,0,249491435.64995578,BNBUSDT
10,10,1411.0204261851304,42.754988985060734,-64.89191869539897,1.3298284388375174,0.9331532369082292,1359,0,donchian,4h,1.0,"{""entry_n"": 55, ""exit_n"": 10}",1628.8091329881165,40.970025266889685,-50.42409366352649,1.4313399337491899,0.8943521695754741,33.33333333333333,120,0,172880913.29881164,XRPUSDT
10,10,1411.0204261851304,42.754988985060734,-64.89191869539897,1.3298284388375174,0.9331532369082292,1359,0,donchian,4h,1.0,"{""entry_n"": 55, ""exit_n"": 10}",377.59996510595624,20.602032325209542,-69.27705340583546,1.2151829753607155,0.6180186815327752,37.67123287671233,146,0,47759996.51059562,ADAUSDT
10,10,1411.0204261851304,42.754988985060734,-64.89191869539897,1.3298284388375174,0.9331532369082292,1359,0,donchian,4h,1.0,"{""entry_n"": 55, ""exit_n"": 10}",2915.210341044231,61.23734305163679,-80.69736498176796,1.3032960352820737,0.9067449270432187,38.31775700934579,107,0,301521034.1044231,DOGEUSDT
10,10,1411.0204261851304,42.754988985060734,-64.89191869539897,1.3298284388375174,0.9331532369082292,1359,0,donchian,4h,1.0,"{""entry_n"": 55, ""exit_n"": 10}",482.7423472216397,26.115758558076152,-68.84346803503823,1.180654983901174,0.6910487614891505,37.410071942446045,139,0,58274234.72216397,LINKUSDT
10,10,1411.0204261851304,42.754988985060734,-64.89191869539897,1.3298284388375174,0.9331532369082292,1359,0,donchian,4h,1.0,"{""entry_n"": 55, ""exit_n"": 10}",13.696688353430652,1.4881694614463203,-65.47138936237526,1.0227544745844064,0.2650062583148974,34.899328859060404,149,0,11369668.835343065,LTCUSDT
10,10,1411.0204261851304,42.754988985060734,-64.89191869539897,1.3298284388375174,0.9331532369082292,1359,0,donchian,4h,1.0,"{""entry_n"": 55, ""exit_n"": 10}",1126.289818209364,51.562121892453774,-49.55180246727032,1.3563608423929612,0.9595615467732395,42.73504273504273,117,0,122628981.82093641,SOLUSDT
10,10,1411.0204261851304,42.754988985060734,-64.89191869539897,1.3298284388375174,0.9331532369082292,1359,0,donchian,4h,1.0,"{""entry_n"": 55, ""exit_n"": 10}",1193.2317193821445,54.17236546870401,-64.3124480284227,1.2295523796068222,0.9897164408189509,37.142857142857146,105,0,129323171.93821445,AVAXUSDT
10,9,1801.6170980739278,40.98385532313246,-62.34243643910533,1.3123189939138218,0.9708253275951864,1289,0,donchian,4h,1.0,"{""entry_n"": 55, ""exit_n"": 12}",2025.4180411108878,40.37600883850179,-37.58483480234873,1.7558369742714075,1.1697534867988255,39.735099337748345,151,0,212541804.11108875,BTCUSDT
10,9,1801.6170980739278,40.98385532313246,-62.34243643910533,1.3123189939138218,0.9708253275951864,1289,0,donchian,4h,1.0,"{""entry_n"": 55, ""exit_n"": 12}",2197.17743010023,41.59170180776313,-44.55106055111845,1.3953523054951558,1.0061439202611,42.17687074829932,147,0,229717743.01002303,ETHUSDT
10,9,1801.6170980739278,40.98385532313246,-62.34243643910533,1.3123189939138218,0.9708253275951864,1289,0,donchian,4h,1.0,"{""entry_n"": 55, ""exit_n"": 12}",2311.434669637651,43.627708932724296,-63.7774699075784,1.5494880304999665,0.9391034839920337,42.58064516129032,155,0,241143466.9637651,BNBUSDT
10,9,1801.6170980739278,40.98385532313246,-62.34243643910533,1.3123189939138218,0.9708253275951864,1289,0,donchian,4h,1.0,"{""entry_n"": 55, ""exit_n"": 12}",1159.420000254522,35.691058547896695,-62.30276663849899,1.3470666617723315,0.8185308564381361,34.78260869565217,115,0,125942000.0254522,XRPUSDT
10,9,1801.6170980739278,40.98385532313246,-62.34243643910533,1.3123189939138218,0.9708253275951864,1289,0,donchian,4h,1.0,"{""entry_n"": 55, ""exit_n"": 12}",638.2406085053824,27.061388210736204,-60.90032519429727,1.2579843091525786,0.7095889755789057,37.410071942446045,139,0,73824060.85053824,ADAUSDT
10,9,1801.6170980739278,40.98385532313246,-62.34243643910533,1.3123189939138218,0.9708253275951864,1289,0,donchian,4h,1.0,"{""entry_n"": 55, ""exit_n"": 12}",5793.774358486098,77.12804216860161,-78.64103281114527,1.2714038227885902,1.002547171198339,38.46153846153847,104,0,589377435.8486098,DOGEUSDT
10,9,1801.6170980739278,40.98385532313246,-62.34243643910533,1.3123189939138218,0.9708253275951864,1289,0,donchian,4h,1.0,"{""entry_n"": 55, ""exit_n"": 12}",448.25030265390194,25.106861545182557,-66.57223216753339,1.1761591795625546,0.6740817594308393,37.121212121212125,132,0,54825030.265390195,LINKUSDT
10,9,1801.6170980739278,40.98385532313246,-62.34243643910533,1.3123189939138218,0.9708253275951864,1289,0,donchian,4h,1.0,"{""entry_n"": 55, ""exit_n"": 12}",-15.695252705997586,-1.9455960510249448,-72.79030824317351,0.9733302424377641,0.19814885574619606,34.72222222222222,144,0,8430474.729400242,LTCUSDT
10,9,1801.6170980739278,40.98385532313246,-62.34243643910533,1.3123189939138218,0.9708253275951864,1289,0,donchian,4h,1.0,"{""entry_n"": 55, ""exit_n"": 12}",1577.8161550369678,59.65308075405365,-55.32653105340661,1.3107845855031022,1.0268376422427166,41.66666666666667,108,0,167781615.50369677,SOLUSDT
10,9,1801.6170980739278,40.98385532313246,-62.34243643910533,1.3123189939138218,0.9708253275951864,1289,0,donchian,4h,1.0,"{""entry_n"": 55, ""exit_n"": 12}",2997.509777064195,78.7145203658512,-62.382106239711675,1.3138534023245414,1.1931750906220575,36.17021276595745,94,0,309750977.7064195,AVAXUSDT
10,10,1502.2281353004919,39.03498781331844,-63.354842030568335,1.314564340212558,0.9014475641870949,1166,0,donchian,4h,1.0,"{""entry_n"": 55, ""exit_n"": 16}",2912.657200114513,45.916326049189315,-37.76466741450438,1.8506641781206679,1.209155650797666,41.04477611940299,134,0,301265720.0114513,BTCUSDT
10,10,1502.2281353004919,39.03498781331844,-63.354842030568335,1.314564340212558,0.9014475641870949,1166,0,donchian,4h,1.0,"{""entry_n"": 55, ""exit_n"": 16}",2192.2427372277084,41.55791991985372,-45.56153881063013,1.4279907163639274,0.9839278534455758,43.609022556390975,133,0,229224273.72277084,ETHUSDT
10,10,1502.2281353004919,39.03498781331844,-63.354842030568335,1.314564340212558,0.9014475641870949,1166,0,donchian,4h,1.0,"{""entry_n"": 55, ""exit_n"": 16}",888.7963247932564,29.776652380011082,-73.4149341341681,1.3435656238384288,0.7424548651704675,36.11111111111111,144,0,98879632.47932564,BNBUSDT
10,10,1502.2281353004919,39.03498781331844,-63.354842030568335,1.314564340212558,0.9014475641870949,1166,0,donchian,4h,1.0,"{""entry_n"": 55, ""exit_n"": 16}",1224.081253032146,36.51205570678315,-63.04571290351847,1.3321791725957508,0.8189672749286142,30.8411214953271,107,0,132408125.3032146,XRPUSDT
10,10,1502.2281353004919,39.03498781331844,-63.354842030568335,1.314564340212558,0.9014475641870949,1166,0,donchian,4h,1.0,"{""entry_n"": 55, ""exit_n"": 16}",703.9296448453052,28.365629221357857,-61.63683007603624,1.225441254918216,0.7203262737094155,36.22047244094488,127,0,80392964.48453052,ADAUSDT
10,10,1502.2281353004919,39.03498781331844,-63.354842030568335,1.314564340212558,0.9014475641870949,1166,0,donchian,4h,1.0,"{""entry_n"": 55, ""exit_n"": 16}",6586.367145200599,80.29024989783164,-82.33940895383276,1.289892207169791,1.0195786145277448,43.15789473684211,95,0,668636714.5200598,DOGEUSDT
10,10,1502.2281353004919,39.03498781331844,-63.354842030568335,1.314564340212558,0.9014475641870949,1166,0,donchian,4h,1.0,"{""entry_n"": 55, ""exit_n"": 16}",434.32299342059366,24.683797394537677,-79.67784413582004,1.153097394976525,0.6638988693543906,36.666666666666664,120,0,53432299.34205937,LINKUSDT
10,10,1502.2281353004919,39.03498781331844,-63.354842030568335,1.314564340212558,0.9014475641870949,1166,0,donchian,4h,1.0,"{""entry_n"": 55, ""exit_n"": 16}",9.984287715590767,1.1011979619070855,-77.99206683932887,1.0112112149009858,0.27321715609682307,34.84848484848485,132,0,10998428.771559076,LTCUSDT
10,10,1502.2281353004919,39.03498781331844,-63.354842030568335,1.314564340212558,0.9014475641870949,1166,0,donchian,4h,1.0,"{""entry_n"": 55, ""exit_n"": 16}",1780.3750175688378,62.70056283574781,-63.66397115761819,1.3127093797344795,1.032912887643664,43.61702127659575,94,0,188037501.7568838,SOLUSDT
10,10,1502.2281353004919,39.03498781331844,-63.354842030568335,1.314564340212558,0.9014475641870949,1166,0,donchian,4h,1.0,"{""entry_n"": 55, ""exit_n"": 16}",6069.293350642753,100.80029370093885,-62.527392919462685,1.3164193006906366,1.3372059139499262,36.25,80,0,616929335.0642753,AVAXUSDT
10,9,1118.4582483148265,33.5197223574318,-68.45896528866886,1.2975392346606611,0.8106480744761235,1088,0,donchian,4h,1.0,"{""entry_n"": 55, ""exit_n"": 20}",2297.535785213194,42.26510409517616,-52.17596955569586,1.7464563203331664,1.1031368737263607,39.66942148760331,121,0,239753578.5213194,BTCUSDT
10,9,1118.4582483148265,33.5197223574318,-68.45896528866886,1.2975392346606611,0.8106480744761235,1088,0,donchian,4h,1.0,"{""entry_n"": 55, ""exit_n"": 20}",1165.6124886448476,32.52902787181397,-49.18739706386286,1.3541147591187146,0.8319128041471293,41.86046511627907,129,0,126561248.86448476,ETHUSDT
10,9,1118.4582483148265,33.5197223574318,-68.45896528866886,1.2975392346606611,0.8106480744761235,1088,0,donchian,4h,1.0,"{""entry_n"": 55, ""exit_n"": 20}",686.0817733778216,26.433540877993078,-76.58165491579864,1.2868404404121574,0.6922684840947118,35.82089552238806,134,0,78608177.33778216,BNBUSDT
10,9,1118.4582483148265,33.5197223574318,-68.45896528866886,1.2975392346606611,0.8106480744761235,1088,0,donchian,4h,1.0,"{""entry_n"": 55, ""exit_n"": 20}",1071.3040079848051,34.510416843049626,-64.88501040895576,1.3133529273646163,0.7893833448051176,31.683168316831683,101,0,117130400.79848051,XRPUSDT
10,9,1118.4582483148265,33.5197223574318,-68.45896528866886,1.2975392346606611,0.8106480744761235,1088,0,donchian,4h,1.0,"{""entry_n"": 55, ""exit_n"": 20}",520.6205140704039,24.446805046950427,-64.26997971998551,1.2004018672408348,0.6640204785858165,33.057851239669425,121,0,62062051.407040395,ADAUSDT
10,9,1118.4582483148265,33.5197223574318,-68.45896528866886,1.2975392346606611,0.8106480744761235,1088,0,donchian,4h,1.0,"{""entry_n"": 55, ""exit_n"": 20}",6197.662038582713,78.78223764229662,-84.7668190805905,1.308238028909165,1.0106069399009125,40.229885057471265,87,0,629766203.8582712,DOGEUSDT
10,9,1118.4582483148265,33.5197223574318,-68.45896528866886,1.2975392346606611,0.8106480744761235,1088,0,donchian,4h,1.0,"{""entry_n"": 55, ""exit_n"": 20}",461.7255278225991,25.50740149375452,-77.74955908900037,1.1552037821489358,0.6730388172912569,36.36363636363637,110,0,56172552.78225991,LINKUSDT
10,9,1118.4582483148265,33.5197223574318,-68.45896528866886,1.2975392346606611,0.8106480744761235,1088,0,donchian,4h,1.0,"{""entry_n"": 55, ""exit_n"": 20}",-2.442350287272077,-0.2841486913028657,-78.62244083189516,0.9967149389455118,0.26071714544177405,36.0655737704918,122,0,9755764.971272793,LTCUSDT
10,9,1118.4582483148265,33.5197223574318,-68.45896528866886,1.2975392346606611,0.8106480744761235,1088,0,donchian,4h,1.0,"{""entry_n"": 55, ""exit_n"": 20}",2146.2611567801173,67.5709228093706,-66.43862282788925,1.4491741573747188,1.0586642520611518,44.70588235294118,85,0,224626115.67801172,SOLUSDT
10,9,1118.4582483148265,33.5197223574318,-68.45896528866886,1.2975392346606611,0.8106480744761235,1088,0,donchian,4h,1.0,"{""entry_n"": 55, ""exit_n"": 20}",2750.7983055021355,76.22345555702373,-70.47930774944848,1.2253000489693084,1.1432652501974252,33.33333333333333,78,0,285079830.5502136,AVAXUSDT
10,10,1575.074506990295,38.03695638397119,-73.03720075540315,1.2983277941896456,0.8942183613201657,959,0,donchian,4h,1.0,"{""entry_n"": 55, ""exit_n"": 28}",1216.9539629166134,33.11508371367644,-63.560277184869165,1.573955126578084,0.9048888550099855,38.18181818181819,110,0,131695396.29166135,BTCUSDT
10,10,1575.074506990295,38.03695638397119,-73.03720075540315,1.2983277941896456,0.8942183613201657,959,0,donchian,4h,1.0,"{""entry_n"": 55, ""exit_n"": 28}",2404.980801990353,42.958829054265934,-54.32131822584773,1.4169974202521292,0.9452274985807964,46.017699115044245,113,0,250498080.19903532,ETHUSDT
10,10,1575.074506990295,38.03695638397119,-73.03720075540315,1.2983277941896456,0.8942183613201657,959,0,donchian,4h,1.0,"{""entry_n"": 55, ""exit_n"": 28}",1075.41467991382,32.35417378204368,-81.31402701563674,1.288225799881277,0.7590948374001505,36.0655737704918,122,0,117541467.991382,BNBUSDT
10,10,1575.074506990295,38.03695638397119,-73.03720075540315,1.2983277941896456,0.8942183613201657,959,0,donchian,4h,1.0,"{""entry_n"": 55, ""exit_n"": 28}",717.6245758321724,28.80915163025879,-64.10209034915854,1.308429788498014,0.7107138418050858,32.25806451612903,93,0,81762457.58321723,XRPUSDT
10,10,1575.074506990295,38.03695638397119,-73.03720075540315,1.2983277941896456,0.8942183613201657,959,0,donchian,4h,1.0,"{""entry_n"": 55, ""exit_n"": 28}",1933.1950510639765,43.45810797840659,-68.04759335822799,1.2580084290720308,0.8835478676303459,36.27450980392157,102,0,203319505.10639766,ADAUSDT
10,10,1575.074506990295,38.03695638397119,-73.03720075540315,1.2983277941896456,0.8942183613201657,959,0,donchian,4h,1.0,"{""entry_n"": 55, ""exit_n"": 28}",9776.058319505602,90.4270663126538,-80.61635324520931,1.391319339403623,1.070452826921985,44.5945945945946,74,0,987605831.9505603,DOGEUSDT
10,10,1575.074506990295,38.03695638397119,-73.03720075540315,1.2983277941896456,0.8942183613201657,959,0,donchian,4h,1.0,"{""entry_n"": 55, ""exit_n"": 28}",506.836502420092,26.79018167268179,-79.68860452214159,1.1328674978788311,0.6874744443481645,36.36363636363637,99,0,60683650.24200921,LINKUSDT
10,10,1575.074506990295,38.03695638397119,-73.03720075540315,1.2983277941896456,0.8942183613201657,959,0,donchian,4h,1.0,"{""entry_n"": 55, ""exit_n"": 28}",8.305649077578735,0.9224128846133217,-85.54297114815319,1.0087283776956508,0.30047193325012084,34.285714285714285,105,0,10830564.907757875,LTCUSDT
10,10,1575.074506990295,38.03695638397119,-73.03720075540315,1.2983277941896456,0.8942183613201657,959,0,donchian,4h,1.0,"{""entry_n"": 55, ""exit_n"": 28}",3692.856100668361,82.7849691452502,-71.71453673429127,1.7255492924606637,1.1586885572707208,43.24324324324324,74,0,379285610.0668361,SOLUSDT
10,10,1575.074506990295,38.03695638397119,-73.03720075540315,1.2983277941896456,0.8942183613201657,959,0,donchian,4h,1.0,"{""entry_n"": 55, ""exit_n"": 28}",3484.361472600984,83.1816171027814,-74.35986477651504,1.2767774265247565,1.1743620179692762,37.3134328358209,67,0,358436147.2600984,AVAXUSDT
10,9,1532.924121168297,41.17328259484772,-76.24107067320075,1.1358858978473858,0.8341025406489577,3832,0,supertrend,4h,1.0,"{""mult"": 1.8, ""period"": 7}",864.7895614240028,28.597460279221277,-64.27633780873745,1.1293209343345998,0.7867924749656474,36.87782805429865,442,0,96478956.14240028,BTCUSDT
10,9,1532.924121168297,41.17328259484772,-76.24107067320075,1.1358858978473858,0.8341025406489577,3832,0,supertrend,4h,1.0,"{""mult"": 1.8, ""period"": 7}",1290.859180485225,33.92399936542239,-74.52299533378064,1.218359160345651,0.8035328344492894,38.63636363636363,440,0,139085918.0485225,ETHUSDT
10,9,1532.924121168297,41.17328259484772,-76.24107067320075,1.1358858978473858,0.8341025406489577,3832,0,supertrend,4h,1.0,"{""mult"": 1.8, ""period"": 7}",26832.254819625086,88.9954061229447,-70.56361908636445,1.275774098701798,1.3084759393168492,41.88235294117647,425,0,2693225481.9625087,BNBUSDT
10,9,1532.924121168297,41.17328259484772,-76.24107067320075,1.1358858978473858,0.8341025406489577,3832,0,supertrend,4h,1.0,"{""mult"": 1.8, ""period"": 7}",1856.7947464063006,43.08974797810055,-77.99157188303279,1.2261869305008524,0.8620371187186532,35.35620052770449,379,0,195679474.64063007,XRPUSDT
10,9,1532.924121168297,41.17328259484772,-76.24107067320075,1.1358858978473858,0.8341025406489577,3832,0,supertrend,4h,1.0,"{""mult"": 1.8, ""period"": 7}",1774.989061851369,42.072609380338456,-73.58884592328103,1.0988607116186258,0.853505760425877,36.907730673316706,401,0,187498906.18513688,ADAUSDT
10,9,1532.924121168297,41.17328259484772,-76.24107067320075,1.1358858978473858,0.8341025406489577,3832,0,supertrend,4h,1.0,"{""mult"": 1.8, ""period"": 7}",5411.582507469002,75.47037598278192,-80.35401920784977,1.1424508613601718,0.992946514638071,32.69230769230769,312,0,551158250.7469002,DOGEUSDT
10,9,1532.924121168297,41.17328259484772,-76.24107067320075,1.1358858978473858,0.8341025406489577,3832,0,supertrend,4h,1.0,"{""mult"": 1.8, ""period"": 7}",1207.6306827113833,40.27395580935698,-79.14941920569619,1.075836123146087,0.8146993208720383,39.48051948051948,385,0,130763068.27113833,LINKUSDT
10,9,1532.924121168297,41.17328259484772,-76.24107067320075,1.1358858978473858,0.8341025406489577,3832,0,supertrend,4h,1.0,"{""mult"": 1.8, ""period"": 7}",-56.36559264229315,-9.10253219819972,-87.81273091845154,0.9473472619094628,0.1504453405702304,38.74709976798144,431,0,4363440.735770686,LTCUSDT
10,9,1532.924121168297,41.17328259484772,-76.24107067320075,1.1358858978473858,0.8341025406489577,3832,0,supertrend,4h,1.0,"{""mult"": 1.8, ""period"": 7}",2498.113178499028,71.66540306530287,-71.19631992403151,1.2657181208332513,1.0597285083570878,40.390879478827365,307,0,259811317.84990278,SOLUSDT
10,9,1532.924121168297,41.17328259484772,-76.24107067320075,1.1358858978473858,0.8341025406489577,3832,0,supertrend,4h,1.0,"{""mult"": 1.8, ""period"": 7}",333.84914184268297,28.170073029658994,-77.95914601262086,1.0495446955953949,0.7038690569796595,35.16129032258065,310,0,43384914.184268296,AVAXUSDT
10,9,1564.8673097567926,47.65604153218895,-79.54228310978452,1.0960777070602998,0.8609403156927651,2901,0,supertrend,4h,1.0,"{""mult"": 2.2, ""period"": 7}",3225.580293416844,47.525136665229596,-50.799945569019464,1.301724580418426,1.1047096559135787,43.51851851851852,324,0,332558029.3416844,BTCUSDT
10,9,1564.8673097567926,47.65604153218895,-79.54228310978452,1.0960777070602998,0.8609403156927651,2901,0,supertrend,4h,1.0,"{""mult"": 2.2, ""period"": 7}",4016.298800024736,51.05853762789621,-59.0800141285783,1.4024338122298656,1.015669254696249,36.58536585365854,328,0,411629880.0024736,ETHUSDT
10,9,1564.8673097567926,47.65604153218895,-79.54228310978452,1.0960777070602998,0.8609403156927651,2901,0,supertrend,4h,1.0,"{""mult"": 2.2, ""period"": 7}",43645.58650311275,99.71683116052704,-68.49052585142165,1.3358469064546161,1.375407424010037,42.63322884012539,319,0,4374558650.311275,BNBUSDT
10,9,1564.8673097567926,47.65604153218895,-79.54228310978452,1.0960777070602998,0.8609403156927651,2901,0,supertrend,4h,1.0,"{""mult"": 2.2, ""period"": 7}",123.96675048637107,10.202378111635824,-84.0067522725418,1.0795315721513352,0.4774251479768611,34.78260869565217,299,0,22396675.048637107,XRPUSDT
10,9,1564.8673097567926,47.65604153218895,-79.54228310978452,1.0960777070602998,0.8609403156927651,2901,0,supertrend,4h,1.0,"{""mult"": 2.2, ""period"": 7}",420.8723076500416,21.86171393301597,-85.03980091666486,1.0820407249140886,0.6280060383460804,34.78260869565217,322,0,52087230.76500416,ADAUSDT
10,9,1564.8673097567926,47.65604153218895,-79.54228310978452,1.0960777070602998,0.8609403156927651,2901,0,supertrend,4h,1.0,"{""mult"": 2.2, ""period"": 7}",1723.944508923608,50.26211446982038,-88.36343659699729,1.1048394126864052,0.8418537029788902,34.04255319148936,235,0,182394450.8923608,DOGEUSDT
10,9,1564.8673097567926,47.65604153218895,-79.54228310978452,1.0960777070602998,0.8609403156927651,2901,0,supertrend,4h,1.0,"{""mult"": 2.2, ""period"": 7}",1405.790110589977,42.90387925423757,-85.725424343289,1.0873160014341947,0.8394706386092607,36.986301369863014,292,0,150579011.05899772,LINKUSDT
10,9,1564.8673097567926,47.65604153218895,-79.54228310978452,1.0960777070602998,0.8609403156927651,2901,0,supertrend,4h,1.0,"{""mult"": 2.2, ""period"": 7}",-40.44441503911184,-5.789731933211007,-86.71113594254163,0.9601705719589275,0.20676900175909882,37.0253164556962,316,0,5955558.496088816,LTCUSDT
10,9,1564.8673097567926,47.65604153218895,-79.54228310978452,1.0960777070602998,0.8609403156927651,2901,0,supertrend,4h,1.0,"{""mult"": 2.2, ""period"": 7}",2028.5380039601346,66.08111837297417,-75.07781394702724,1.1969080467365476,1.0158481075066261,36.016949152542374,236,0,212853800.39601347,SOLUSDT
10,9,1564.8673097567926,47.65604153218895,-79.54228310978452,1.0960777070602998,0.8609403156927651,2901,0,supertrend,4h,1.0,"{""mult"": 2.2, ""period"": 7}",907.0532445941872,47.78694639914831,-73.23758241248024,1.0795602194797675,0.88002692840664,33.04347826086956,230,0,100705324.45941871,AVAXUSDT
10,9,2329.767116509819,48.45863751196926,-77.59511957274096,1.1538021229502349,0.9709720717419292,2306,0,supertrend,4h,1.0,"{""mult"": 2.6, ""period"": 7}",3609.295565506155,49.32350691402374,-43.791019577524104,1.327656155856353,1.1324309555340863,41.132075471698116,265,0,370929556.5506155,BTCUSDT
10,9,2329.767116509819,48.45863751196926,-77.59511957274096,1.1538021229502349,0.9709720717419292,2306,0,supertrend,4h,1.0,"{""mult"": 2.6, ""period"": 7}",3239.5493999565565,47.59376810991478,-65.58707205317369,1.3441794356173924,0.977393478170815,37.21804511278196,266,0,333954939.99565566,ETHUSDT
10,9,2329.767116509819,48.45863751196926,-77.59511957274096,1.1538021229502349,0.9709720717419292,2306,0,supertrend,4h,1.0,"{""mult"": 2.6, ""period"": 7}",11823.228537892432,72.26474439868622,-66.79439988115743,1.2887769693381335,1.1531445048304496,41.221374045801525,262,0,1192322853.7892432,BNBUSDT
10,9,2329.767116509819,48.45863751196926,-77.59511957274096,1.1538021229502349,0.9709720717419292,2306,0,supertrend,4h,1.0,"{""mult"": 2.6, ""period"": 7}",80.83483658364739,7.398440093703629,-83.46785147887523,1.0502981897023362,0.43957360161881454,32.61802575107296,233,0,18083483.65836474,XRPUSDT
10,9,2329.767116509819,48.45863751196926,-77.59511957274096,1.1538021229502349,0.9709720717419292,2306,0,supertrend,4h,1.0,"{""mult"": 2.6, ""period"": 7}",377.01918860958267,20.584452956523315,-81.09040764311422,1.089047310276414,0.6126869757692814,34.78260869565217,253,0,47701918.86095826,ADAUSDT
10,9,2329.767116509819,48.45863751196926,-77.59511957274096,1.1538021229502349,0.9709720717419292,2306,0,supertrend,4h,1.0,"{""mult"": 2.6, ""period"": 7}",8333.526420565817,86.25653257204723,-88.89587793828915,1.2477485169269757,1.0497837719845888,36.26373626373626,182,0,843352642.0565816,DOGEUSDT
10,9,2329.767116509819,48.45863751196926,-77.59511957274096,1.1538021229502349,0.9709720717419292,2306,0,supertrend,4h,1.0,"{""mult"": 2.6, ""period"": 7}",1145.2976626637155,39.37492611387634,-78.51266188931282,1.0988187107740397,0.8061604635592723,36.440677966101696,236,0,124529766.26637155,LINKUSDT
10,9,2329.767116509819,48.45863751196926,-77.59511957274096,1.1538021229502349,0.9709720717419292,2306,0,supertrend,4h,1.0,"{""mult"": 2.6, ""period"": 7}",-26.529214694958835,-3.485498453247615,-84.29106800368513,0.974570622715705,0.24427668130248556,35.77235772357724,246,0,7347078.530504116,LTCUSDT
10,9,2329.767116509819,48.45863751196926,-77.59511957274096,1.1538021229502349,0.9709720717419292,2306,0,supertrend,4h,1.0,"{""mult"": 2.6, ""period"": 7}",3808.4329676461452,83.69744647597011,-72.45533710446146,1.20878553512643,1.1315720607477189,38.79781420765027,183,0,390843296.7646145,SOLUSDT
10,9,2329.767116509819,48.45863751196926,-77.59511957274096,1.1538021229502349,0.9709720717419292,2306,0,supertrend,4h,1.0,"{""mult"": 2.6, ""period"": 7}",1419.9848330630819,58.44278806898162,-76.67757725616909,1.0953403658563416,0.9645506653130433,35.0,180,0,151998483.30630818,AVAXUSDT
10,10,1146.2741090375607,36.74040563914393,-76.96689007677311,1.1619160729118971,0.847354231228552,1876,0,supertrend,4h,1.0,"{""mult"": 3.0, ""period"": 7}",1921.3593243867056,39.59628946186342,-48.483019131002216,1.3709529993342613,0.9931841090474031,38.56502242152467,223,0,202135932.43867058,BTCUSDT
10,10,1146.2741090375607,36.74040563914393,-76.96689007677311,1.1619160729118971,0.847354231228552,1876,0,supertrend,4h,1.0,"{""mult"": 3.0, ""period"": 7}",1287.168583164566,33.88452181642443,-70.93709101173043,1.1793618374238308,0.8065005540404485,33.18385650224215,223,0,138716858.3164566,ETHUSDT
10,10,1146.2741090375607,36.74040563914393,-76.96689007677311,1.1619160729118971,0.847354231228552,1876,0,supertrend,4h,1.0,"{""mult"": 3.0, ""period"": 7}",6721.338851261624,61.662205785522794,-75.7908448569921,1.2491459708182406,1.0486811505156715,42.465753424657535,219,0,682133885.1261624,BNBUSDT
10,10,1146.2741090375607,36.74040563914393,-76.96689007677311,1.1619160729118971,0.847354231228552,1876,0,supertrend,4h,1.0,"{""mult"": 3.0, ""period"": 7}",411.27683643436814,21.725232908021486,-82.51297631987727,1.1444703083999637,0.624022528315781,30.481283422459892,187,0,51127683.64343681,XRPUSDT
10,10,1146.2741090375607,36.74040563914393,-76.96689007677311,1.1619160729118971,0.847354231228552,1876,0,supertrend,4h,1.0,"{""mult"": 3.0, ""period"": 7}",630.914806486052,26.90966690454124,-74.15309770617598,1.1325859421135716,0.6896522937962635,35.858585858585855,198,0,73091480.6486052,ADAUSDT
10,10,1146.2741090375607,36.74040563914393,-76.96689007677311,1.1619160729118971,0.847354231228552,1876,0,supertrend,4h,1.0,"{""mult"": 3.0, ""period"": 7}",8055.514244560108,85.38298003860596,-82.5266808407255,1.253664966588218,1.045100904159154,37.76223776223776,143,0,815551424.4560108,DOGEUSDT
10,10,1146.2741090375607,36.74040563914393,-76.96689007677311,1.1619160729118971,0.847354231228552,1876,0,supertrend,4h,1.0,"{""mult"": 3.0, ""period"": 7}",620.0693093844191,29.67821234500676,-79.41542771862862,1.0910955828552438,0.7140121514460549,38.82978723404255,188,0,72006930.9384419,LINKUSDT
10,10,1146.2741090375607,36.74040563914393,-76.96689007677311,1.1619160729118971,0.847354231228552,1876,0,supertrend,4h,1.0,"{""mult"": 3.0, ""period"": 7}",8.693718602506761,0.9639614206272018,-81.86882991122427,1.0083758146958983,0.323661381710243,36.18090452261307,199,0,10869371.860250676,LTCUSDT
10,10,1146.2741090375607,36.74040563914393,-76.96689007677311,1.1619160729118971,0.847354231228552,1876,0,supertrend,4h,1.0,"{""mult"": 3.0, ""period"": 7}",1005.3796349105558,48.97449282017998,-77.33060797334737,1.1936665856451352,0.8882079084166555,36.075949367088604,158,0,110537963.49105558,SOLUSDT
10,10,1146.2741090375607,36.74040563914393,-76.96689007677311,1.1619160729118971,0.847354231228552,1876,0,supertrend,4h,1.0,"{""mult"": 3.0, ""period"": 7}",3031.2044219222853,79.04182225957778,-76.60317218019885,1.130378237903085,1.10969416527564,36.231884057971016,138,0,313120442.19222856,AVAXUSDT
10,9,3107.83780903681,57.16612474331417,-72.94768921293887,1.236031202056961,0.9864907045504709,1454,0,supertrend,4h,1.0,"{""mult"": 3.5, ""period"": 7}",5370.167101250994,55.90071458704096,-45.42072844560998,1.4362471351911128,1.2618595471281397,37.77777777777778,180,0,547016710.1250994,BTCUSDT
10,9,3107.83780903681,57.16612474331417,-72.94768921293887,1.236031202056961,0.9864907045504709,1454,0,supertrend,4h,1.0,"{""mult"": 3.5, ""period"": 7}",2385.5602708075503,42.83542353512435,-72.64405141301668,1.3069325710797508,0.9175359844914519,36.206896551724135,174,0,248556027.08075505,ETHUSDT
10,9,3107.83780903681,57.16612474331417,-72.94768921293887,1.236031202056961,0.9864907045504709,1454,0,supertrend,4h,1.0,"{""mult"": 3.5, ""period"": 7}",9764.03238424749,68.58931184811341,-72.04815817201352,1.4094187289766507,1.1128942202686407,43.373493975903614,166,0,986403238.424749,BNBUSDT
10,9,3107.83780903681,57.16612474331417,-72.94768921293887,1.236031202056961,0.9864907045504709,1454,0,supertrend,4h,1.0,"{""mult"": 3.5, ""period"": 7}",397.7462873301159,21.332521810779447,-78.84229058006036,1.1863768461556443,0.6213593505437971,30.82191780821918,146,0,49774628.73301159,XRPUSDT
10,9,3107.83780903681,57.16612474331417,-72.94768921293887,1.236031202056961,0.9864907045504709,1454,0,supertrend,4h,1.0,"{""mult"": 3.5, ""period"": 7}",1083.346266668325,34.45071158525166,-72.62330299341215,1.2162021763865067,0.7733148885712937,34.868421052631575,152,0,118334626.66683248,ADAUSDT
10,9,3107.83780903681,57.16612474331417,-72.94768921293887,1.236031202056961,0.9864907045504709,1454,0,supertrend,4h,1.0,"{""mult"": 3.5, ""period"": 7}",6015.960533652935,78.04968501000238,-79.1125313108358,1.2558602277274151,1.0061759201629599,40.869565217391305,115,0,611596053.3652935,DOGEUSDT
10,9,3107.83780903681,57.16612474331417,-72.94768921293887,1.236031202056961,0.9864907045504709,1454,0,supertrend,4h,1.0,"{""mult"": 3.5, ""period"": 7}",3196.564415312586,58.43153489958739,-64.27938811445502,1.2109433527020286,0.9668054889379819,37.857142857142854,140,0,329656441.5312586,LINKUSDT
10,9,3107.83780903681,57.16612474331417,-72.94768921293887,1.236031202056961,0.9864907045504709,1454,0,supertrend,4h,1.0,"{""mult"": 3.5, ""period"": 7}",-39.39620628408095,-5.600383105954521,-83.66675230321215,0.9385628568346693,0.22387239618111052,35.44303797468354,158,0,6060379.371591905,LTCUSDT
10,9,3107.83780903681,57.16612474331417,-72.94768921293887,1.236031202056961,0.9864907045504709,1454,0,supertrend,4h,1.0,"{""mult"": 3.5, ""period"": 7}",6747.790811572044,101.6072536168616,-73.25132701286105,1.3395053386087628,1.2365856939909003,38.59649122807017,114,0,684779081.1572044,SOLUSDT
10,9,3107.83780903681,57.16612474331417,-72.94768921293887,1.236031202056961,0.9864907045504709,1454,0,supertrend,4h,1.0,"{""mult"": 3.5, ""period"": 7}",3019.1112027610343,78.92468974065201,-81.34814712587163,1.143271398096647,1.109100926709822,33.94495412844037,109,0,311911120.27610344,AVAXUSDT
10,9,936.7187926158866,31.720222142083465,-82.88028529841685,1.1352881063293807,0.7557395608026403,3878,0,supertrend,4h,1.0,"{""mult"": 1.8, ""period"": 10}",1363.5932270659646,34.68361094307908,-64.70067687899792,1.160632037094669,0.8880805538171181,37.67123287671233,438,0,146359322.70659646,BTCUSDT
10,9,936.7187926158866,31.720222142083465,-82.88028529841685,1.1352881063293807,0.7557395608026403,3878,0,supertrend,4h,1.0,"{""mult"": 1.8, ""period"": 10}",1248.998074242167,33.47064864286049,-72.2076931247085,1.1914149112589971,0.7961604847472245,38.81278538812785,438,0,134899807.4242167,ETHUSDT
10,9,936.7187926158866,31.720222142083465,-82.88028529841685,1.1352881063293807,0.7557395608026403,3878,0,supertrend,4h,1.0,"{""mult"": 1.8, ""period"": 10}",27952.736390228376,89.87376646471859,-68.81931973652856,1.2815597844038256,1.3195386548553023,43.63207547169811,424,0,2805273639.0228376,BNBUSDT
10,9,936.7187926158866,31.720222142083465,-82.88028529841685,1.1352881063293807,0.7557395608026403,3878,0,supertrend,4h,1.0,"{""mult"": 1.8, ""period"": 10}",596.7810088386658,26.350887071921548,-80.96708158690042,1.1744330764381932,0.6789867174629084,34.183673469387756,392,0,69678100.88386658,XRPUSDT
10,9,936.7187926158866,31.720222142083465,-82.88028529841685,1.1352881063293807,0.7557395608026403,3878,0,supertrend,4h,1.0,"{""mult"": 1.8, ""period"": 10}",539.0754679605847,24.884454049465976,-85.35282928235088,1.0699440428326676,0.6637985028567488,36.56174334140436,413,0,63907546.79605847,ADAUSDT
10,9,936.7187926158866,31.720222142083465,-82.88028529841685,1.1352881063293807,0.7557395608026403,3878,0,supertrend,4h,1.0,"{""mult"": 1.8, ""period"": 10}",2641.91525564892,59.103105529021846,-84.79348900993328,1.1099441755640924,0.8953903454636383,33.85093167701863,322,0,274191525.564892,DOGEUSDT
10,9,936.7187926158866,31.720222142083465,-82.88028529841685,1.1352881063293807,0.7557395608026403,3878,0,supertrend,4h,1.0,"{""mult"": 1.8, ""period"": 10}",632.4600031028519,29.96979564130644,-85.53352325968592,1.0776328544474265,0.715318636858056,40.87403598971722,389,0,73246000.3102852,LINKUSDT
10,9,936.7187926158866,31.720222142083465,-82.88028529841685,1.1352881063293807,0.7557395608026403,3878,0,supertrend,4h,1.0,"{""mult"": 1.8, ""period"": 10}",-72.86321232803247,-13.937431224552377,-86.91486377175882,0.913600657406307,0.0664112001796438,38.85057471264368,435,0,2713678.767196752,LTCUSDT
10,9,936.7187926158866,31.720222142083465,-82.88028529841685,1.1352881063293807,0.7557395608026403,3878,0,supertrend,4h,1.0,"{""mult"": 1.8, ""period"": 10}",1240.9775821289213,53.826819488291065,-70.18255473442355,1.2144618062815529,0.9289892812330347,40.1294498381877,309,0,134097758.21289213,SOLUSDT
10,9,936.7187926158866,31.720222142083465,-82.88028529841685,1.1352881063293807,0.7557395608026403,3878,0,supertrend,4h,1.0,"{""mult"": 1.8, ""period"": 10}",24.409497752282803,3.7627840620361397,-92.68476252586879,1.0056894862279822,0.442422327556758,33.64779874213836,318,0,12440949.77522828,AVAXUSDT
10,9,1266.6678900160553,38.66251597529077,-82.46171049920267,1.1067765396643465,0.8221928895244746,2942,0,supertrend,4h,1.0,"{""mult"": 2.2, ""period"": 10}",2459.2468289119056,43.299201474052666,-54.14359182325283,1.250087815113098,1.0342073429530199,42.64264264264264,333,0,255924682.8911906,BTCUSDT
10,9,1266.6678900160553,38.66251597529077,-82.46171049920267,1.1067765396643465,0.8221928895244746,2942,0,supertrend,4h,1.0,"{""mult"": 2.2, ""period"": 10}",1850.5096129591993,39.044721321889384,-60.05917623965189,1.28719935320987,0.8663754080893152,37.53753753753754,333,0,195050961.29591992,ETHUSDT
10,9,1266.6678900160553,38.66251597529077,-82.46171049920267,1.1067765396643465,0.8221928895244746,2942,0,supertrend,4h,1.0,"{""mult"": 2.2, ""period"": 10}",44370.71759283433,100.0906763622762,-60.67700633757005,1.3831381756699481,1.3858415148203655,43.125,320,0,4447071759.283433,BNBUSDT
10,9,1266.6678900160553,38.66251597529077,-82.46171049920267,1.1067765396643465,0.8221928895244746,2942,0,supertrend,4h,1.0,"{""mult"": 2.2, ""period"": 10}",186.8468527232063,13.537361355632171,-82.60701439162544,1.093936046292007,0.5208328207803616,36.303630363036305,303,0,28684685.27232063,XRPUSDT
10,9,1266.6678900160553,38.66251597529077,-82.46171049920267,1.1067765396643465,0.8221928895244746,2942,0,supertrend,4h,1.0,"{""mult"": 2.2, ""period"": 10}",705.2477032757922,28.390824756209533,-82.75728737523877,1.1134236841154665,0.704650768592066,35.23809523809524,315,0,80524770.32757922,ADAUSDT
10,9,1266.6678900160553,38.66251597529077,-82.46171049920267,1.1067765396643465,0.8221928895244746,2942,0,supertrend,4h,1.0,"{""mult"": 2.2, ""period"": 10}",1828.0880767563183,51.4368328278451,-83.29586171922648,1.1001293952132267,0.8468090918062892,35.0,240,0,192808807.67563182,DOGEUSDT
10,9,1266.6678900160553,38.66251597529077,-82.46171049920267,1.1067765396643465,0.8221928895244746,2942,0,supertrend,4h,1.0,"{""mult"": 2.2, ""period"": 10}",671.124575916728,30.85291913117627,-84.00559624128684,1.069214228571501,0.724511389914267,37.666666666666664,300,0,77112457.5916728,LINKUSDT
10,9,1266.6678900160553,38.66251597529077,-82.46171049920267,1.1067765396643465,0.8221928895244746,2942,0,supertrend,4h,1.0,"{""mult"": 2.2, ""period"": 10}",-42.76538929916297,-6.219717198765851,-86.30423345792806,0.9591914176643954,0.20510052379157093,37.03703703703704,324,0,5723461.070083703,LTCUSDT
10,9,1266.6678900160553,38.66251597529077,-82.46171049920267,1.1067765396643465,0.8221928895244746,2942,0,supertrend,4h,1.0,"{""mult"": 2.2, ""period"": 10}",1841.4173825565906,63.56513516850082,-73.82843262683974,1.1998328237535658,0.9998793128395448,36.82008368200837,239,0,194141738.25565907,SOLUSDT
10,9,1266.6678900160553,38.66251597529077,-82.46171049920267,1.1067765396643465,0.8221928895244746,2942,0,supertrend,4h,1.0,"{""mult"": 2.2, ""period"": 10}",579.6905206550817,38.28031062869217,-82.3164066067799,1.0529723968749416,0.79757668724266,33.61702127659574,235,0,67969052.06550817,AVAXUSDT
10,10,1573.6737401342414,39.30439568545889,-78.57305599735254,1.1676831827386598,0.8426760562388789,2310,0,supertrend,4h,1.0,"{""mult"": 2.6, ""period"": 10}",2649.2219352431034,44.44228665450489,-56.06802785582221,1.317702554873969,1.050978310375744,40.6015037593985,266,0,274922193.52431035,BTCUSDT
10,10,1573.6737401342414,39.30439568545889,-78.57305599735254,1.1676831827386598,0.8426760562388789,2310,0,supertrend,4h,1.0,"{""mult"": 2.6, ""period"": 10}",2120.901148443242,41.06216411565402,-63.93753100093416,1.2707259914257707,0.8961360432220531,38.113207547169814,265,0,222090114.84432423,ETHUSDT
10,10,1573.6737401342414,39.30439568545889,-78.57305599735254,1.1676831827386598,0.8426760562388789,2310,0,supertrend,4h,1.0,"{""mult"": 2.6, ""period"": 10}",11623.449101345857,71.93394583916057,-75.79017629360185,1.3040606607839798,1.151723908751461,40.68441064638783,263,0,1172344910.1345859,BNBUSDT
10,10,1573.6737401342414,39.30439568545889,-78.57305599735254,1.1676831827386598,0.8426760562388789,2310,0,supertrend,4h,1.0,"{""mult"": 2.6, ""period"": 10}",213.8673683514712,14.775498416630262,-82.32827653824043,1.1023883792921294,0.537001607359884,33.90557939914164,233,0,31386736.83514712,XRPUSDT
10,10,1573.6737401342414,39.30439568545889,-78.57305599735254,1.1676831827386598,0.8426760562388789,2310,0,supertrend,4h,1.0,"{""mult"": 2.6, ""period"": 10}",201.63794429589785,14.141701831964815,-90.972687843161,1.0459820254994745,0.5323557433247091,35.546875,256,0,30163794.429589786,ADAUSDT
10,10,1573.6737401342414,39.30439568545889,-78.57305599735254,1.1676831827386598,0.8426760562388789,2310,0,supertrend,4h,1.0,"{""mult"": 2.6, ""period"": 10}",9557.929377653847,89.83153601017604,-79.61135890187866,1.2776405323409294,1.0738405484265394,37.91208791208791,182,0,965792937.7653848,DOGEUSDT
10,10,1573.6737401342414,39.30439568545889,-78.57305599735254,1.1676831827386598,0.8426760562388789,2310,0,supertrend,4h,1.0,"{""mult"": 2.6, ""period"": 10}",1026.4463318252406,37.546627255263765,-85.06157412652833,1.0721720115251738,0.7892160692557046,36.681222707423586,229,0,112644633.18252407,LINKUSDT
10,10,1573.6737401342414,39.30439568545889,-78.57305599735254,1.1676831827386598,0.8426760562388789,2310,0,supertrend,4h,1.0,"{""mult"": 2.6, ""period"": 10}",16.78075865570845,1.8012336164853204,-82.20182129471068,1.0113076444934057,0.33439141268564454,38.95582329317269,249,0,11678075.865570845,LTCUSDT
10,10,1573.6737401342414,39.30439568545889,-78.57305599735254,1.1676831827386598,0.8426760562388789,2310,0,supertrend,4h,1.0,"{""mult"": 2.6, ""period"": 10}",4782.336154884213,90.60425613448082,-71.61529365352474,1.2329779861851902,1.176974811914819,39.226519337016576,181,0,488233615.48842126,SOLUSDT
10,10,1573.6737401342414,39.30439568545889,-78.57305599735254,1.1676831827386598,0.8426760562388789,2310,0,supertrend,4h,1.0,"{""mult"": 2.6, ""period"": 10}",444.98216807686254,33.21001030307278,-77.53475309282642,1.0621296784070142,0.753159951446564,35.483870967741936,186,0,54498216.807686254,AVAXUSDT
10,9,1670.2056653364957,39.99532065836195,-79.01973994925092,1.1726222577716428,0.8790508676927322,1868,0,supertrend,4h,1.0,"{""mult"": 3.0, ""period"": 10}",2738.333399808153,44.95444847400394,-46.33104732623241,1.4386064094390045,1.0714928582960395,40.45454545454545,220,0,283833339.9808153,BTCUSDT
10,9,1670.2056653364957,39.99532065836195,-79.01973994925092,1.1726222577716428,0.8790508676927322,1868,0,supertrend,4h,1.0,"{""mult"": 3.0, ""period"": 10}",1398.4878751127044,35.03619284271995,-68.47719887164001,1.2443243348018875,0.8223548117714566,33.93665158371041,221,0,149848787.51127043,ETHUSDT
10,9,1670.2056653364957,39.99532065836195,-79.01973994925092,1.1726222577716428,0.8790508676927322,1868,0,supertrend,4h,1.0,"{""mult"": 3.0, ""period"": 10}",6246.063972192494,60.33953193978485,-75.92795010900116,1.280710406573012,1.0381929054150074,43.05555555555556,216,0,634606397.2192494,BNBUSDT
10,9,1670.2056653364957,39.99532065836195,-79.01973994925092,1.1726222577716428,0.8790508676927322,1868,0,supertrend,4h,1.0,"{""mult"": 3.0, ""period"": 10}",487.5029159085969,23.780490720214754,-83.3212131892371,1.1152789769966127,0.6493246561028755,31.351351351351354,185,0,58750291.59085969,XRPUSDT
10,9,1670.2056653364957,39.99532065836195,-79.01973994925092,1.1726222577716428,0.8790508676927322,1868,0,supertrend,4h,1.0,"{""mult"": 3.0, ""period"": 10}",353.87470620513193,19.868084844166646,-81.92016345084402,1.0793363037211663,0.604310589102719,36.633663366336634,202,0,45387470.62051319,ADAUSDT
10,9,1670.2056653364957,39.99532065836195,-79.01973994925092,1.1726222577716428,0.8790508676927322,1868,0,supertrend,4h,1.0,"{""mult"": 3.0, ""period"": 10}",3477.950284080013,65.15362604210462,-83.13566679451263,1.2746202372666577,0.9357469236140079,38.62068965517241,145,0,357795028.40800124,DOGEUSDT
10,9,1670.2056653364957,39.99532065836195,-79.01973994925092,1.1726222577716428,0.8790508676927322,1868,0,supertrend,4h,1.0,"{""mult"": 3.0, ""period"": 10}",493.7896186526124,26.427932707965596,-84.11110034157404,1.063472598638633,0.6816864384228174,37.17277486910995,191,0,59378961.865261234,LINKUSDT
10,9,1670.2056653364957,39.99532065836195,-79.01973994925092,1.1726222577716428,0.8790508676927322,1868,0,supertrend,4h,1.0,"{""mult"": 3.0, ""period"": 10}",-1.078495504046384,-0.12470880049459954,-84.13471396115489,0.998796852690715,0.30930143620696193,36.18090452261307,199,0,9892150.449595362,LTCUSDT
10,9,1670.2056653364957,39.99532065836195,-79.01973994925092,1.1726222577716428,0.8790508676927322,1868,0,supertrend,4h,1.0,"{""mult"": 3.0, ""period"": 10}",1941.9234555602873,64.94046544460818,-76.11931644765781,1.2127350606524345,1.0062379905199348,39.473684210526315,152,0,204192345.55602872,SOLUSDT
10,9,1670.2056653364957,39.99532065836195,-79.01973994925092,1.1726222577716428,0.8790508676927322,1868,0,supertrend,4h,1.0,"{""mult"": 3.0, ""period"": 10}",3480.083755557598,83.14462643671663,-73.80399108063,1.132509454890851,1.1388516525816648,36.496350364963504,137,0,358008375.5557598,AVAXUSDT
10,9,3268.3008740184723,53.28339750268758,-75.22788617271775,1.2675048875393755,1.005623308442353,1441,0,supertrend,4h,1.0,"{""mult"": 3.5, ""period"": 10}",2081.178659041866,40.779961164574054,-52.4222098585311,1.347164855251324,1.0323234326747897,38.20224719101123,178,0,218117865.90418658,BTCUSDT
10,9,3268.3008740184723,53.28339750268758,-75.22788617271775,1.2675048875393755,1.005623308442353,1441,0,supertrend,4h,1.0,"{""mult"": 3.5, ""period"": 10}",3303.1787369226577,47.90319136846517,-67.78768378698773,1.342728156415622,0.9789231842099163,38.69047619047619,168,0,340317873.6922658,ETHUSDT
10,9,3268.3008740184723,53.28339750268758,-75.22788617271775,1.2675048875393755,1.005623308442353,1441,0,supertrend,4h,1.0,"{""mult"": 3.5, ""period"": 10}",6974.470443415728,62.33365463539799,-76.94203535488778,1.3628981100331967,1.0580106344198934,40.93567251461988,171,0,707447044.3415729,BNBUSDT
10,9,3268.3008740184723,53.28339750268758,-75.22788617271775,1.2675048875393755,1.005623308442353,1441,0,supertrend,4h,1.0,"{""mult"": 3.5, ""period"": 10}",371.5717655091671,20.545409883905897,-85.86489882815607,1.205462196941151,0.6107987186965536,29.86111111111111,144,0,47157176.55091672,XRPUSDT
10,9,3268.3008740184723,53.28339750268758,-75.22788617271775,1.2675048875393755,1.005623308442353,1441,0,supertrend,4h,1.0,"{""mult"": 3.5, ""period"": 10}",1228.7788635149993,36.33085012609496,-73.61945861884259,1.240925980964719,0.7951195923656919,36.0,150,0,132877886.35149994,ADAUSDT
10,9,3268.3008740184723,53.28339750268758,-75.22788617271775,1.2675048875393755,1.005623308442353,1441,0,supertrend,4h,1.0,"{""mult"": 3.5, ""period"": 10}",10776.453565374422,93.02138180398019,-76.83631372659292,1.2940837941140322,1.0842492178443197,39.63963963963964,111,0,1087645356.5374422,DOGEUSDT
10,9,3268.3008740184723,53.28339750268758,-75.22788617271775,1.2675048875393755,1.005623308442353,1441,0,supertrend,4h,1.0,"{""mult"": 3.5, ""period"": 10}",3233.4230111142865,58.66360363690999,-71.5448789001005,1.2050111360081477,0.9687790348671808,38.84892086330935,139,0,333342301.1114286,LINKUSDT
10,9,3268.3008740184723,53.28339750268758,-75.22788617271775,1.2675048875393755,1.005623308442353,1441,0,supertrend,4h,1.0,"{""mult"": 3.5, ""period"": 10}",-73.50940474411063,-14.175792473062588,-88.4784467266628,0.8719123577428333,0.07060852199388643,35.36585365853659,164,0,2649059.5255889366,LTCUSDT
10,9,3268.3008740184723,53.28339750268758,-75.22788617271775,1.2675048875393755,1.005623308442353,1441,0,supertrend,4h,1.0,"{""mult"": 3.5, ""period"": 10}",11006.46368728313,118.44797236531078,-69.29764345982845,1.4142725147858979,1.3314464815389295,40.909090909090914,110,0,1110646368.728313,SOLUSDT
10,9,3268.3008740184723,53.28339750268758,-75.22788617271775,1.2675048875393755,1.005623308442353,1441,0,supertrend,4h,1.0,"{""mult"": 3.5, ""period"": 10}",5099.27146500563,95.07424509563207,-76.9679164147521,1.1810765456612469,1.2143137684608503,34.90566037735849,106,0,519927146.5005629,AVAXUSDT
10,8,489.80521314985026,26.762425640932353,-82.34343792065452,1.1130222408591925,0.6913339306291173,3934,0,supertrend,4h,1.0,"{""mult"": 1.8, ""period"": 14}",1344.4409496053204,34.48690383083473,-70.06811318868782,1.1600146275370395,0.8785910520560178,38.724373576309794,439,0,144444094.96053204,BTCUSDT
10,8,489.80521314985026,26.762425640932353,-82.34343792065452,1.1130222408591925,0.6913339306291173,3934,0,supertrend,4h,1.0,"{""mult"": 1.8, ""period"": 14}",977.281258255811,30.180811986731705,-77.8196523697193,1.1617544487647609,0.7532226323812488,39.189189189189186,444,0,107728125.8255811,ETHUSDT
10,8,489.80521314985026,26.762425640932353,-82.34343792065452,1.1130222408591925,0.6913339306291173,3934,0,supertrend,4h,1.0,"{""mult"": 1.8, ""period"": 14}",17381.798832248354,79.92905578501781,-61.94811911170406,1.1916287011837343,1.227334805170059,42.298850574712645,435,0,1748179883.2248356,BNBUSDT
10,8,489.80521314985026,26.762425640932353,-82.34343792065452,1.1130222408591925,0.6913339306291173,3934,0,supertrend,4h,1.0,"{""mult"": 1.8, ""period"": 14}",176.72340261974034,13.046927942290697,-81.81944985179277,1.0953694098072368,0.5121990720761783,35.73200992555831,403,0,27672340.261974037,XRPUSDT
10,8,489.80521314985026,26.762425640932353,-82.34343792065452,1.1130222408591925,0.6913339306291173,3934,0,supertrend,4h,1.0,"{""mult"": 1.8, ""period"": 14}",686.472048680837,28.028439641002613,-83.49338189104132,1.1076390386401787,0.7004639836509291,36.86746987951807,415,0,78647204.8680837,ADAUSDT
10,8,489.80521314985026,26.762425640932353,-82.34343792065452,1.1130222408591925,0.6913339306291173,3934,0,supertrend,4h,1.0,"{""mult"": 1.8, ""period"": 14}",3390.9086781786946,64.58418000050091,-82.86742598951628,1.1184054430782062,0.9293611761306093,35.80246913580247,324,0,349090867.8178695,DOGEUSDT
10,8,489.80521314985026,26.762425640932353,-82.34343792065452,1.1130222408591925,0.6913339306291173,3934,0,supertrend,4h,1.0,"{""mult"": 1.8, ""period"": 14}",103.06603359766528,9.773670001828382,-89.74218264525821,1.026963204394011,0.4994825768490247,40.0,400,0,20306603.359766528,LINKUSDT
10,8,489.80521314985026,26.762425640932353,-82.34343792065452,1.1130222408591925,0.6913339306291173,3934,0,supertrend,4h,1.0,"{""mult"": 1.8, ""period"": 14}",-83.2102728030887,-18.56359960215216,-88.7611915937375,0.8474395236003054,-0.0315506937556864,37.87528868360277,433,0,1678972.7196911299,LTCUSDT
10,8,489.80521314985026,26.762425640932353,-82.34343792065452,1.1130222408591925,0.6913339306291173,3934,0,supertrend,4h,1.0,"{""mult"": 1.8, ""period"": 14}",293.1383776188635,25.496411640862092,-75.9842813103188,1.1511008758397971,0.6822038776073056,38.557993730407524,319,0,39313837.76188635,SOLUSDT
10,8,489.80521314985026,26.762425640932353,-82.34343792065452,1.1130222408591925,0.6913339306291173,3934,0,supertrend,4h,1.0,"{""mult"": 1.8, ""period"": 14}",-12.84695829915714,-2.298643470495765,-92.07521678541781,0.9958762187519044,0.36925070593168213,34.78260869565217,322,0,8715304.170084286,AVAXUSDT
10,9,554.4488911801775,32.40406459929979,-80.49928140150578,1.085464115260622,0.7454243423608115,2971,0,supertrend,4h,1.0,"{""mult"": 2.2, ""period"": 14}",1852.6475908954164,39.06162431343263,-57.45728715817733,1.2664457913220304,0.9568186240258372,41.14114114114114,333,0,195264759.08954164,BTCUSDT
10,9,554.4488911801775,32.40406459929979,-80.49928140150578,1.085464115260622,0.7454243423608115,2971,0,supertrend,4h,1.0,"{""mult"": 2.2, ""period"": 14}",1595.9133065497547,36.9034263317094,-59.35789916514831,1.2967391215200332,0.8388486596057754,38.32335329341318,334,0,169591330.65497547,ETHUSDT
10,9,554.4488911801775,32.40406459929979,-80.49928140150578,1.085464115260622,0.7454243423608115,2971,0,supertrend,4h,1.0,"{""mult"": 2.2, ""period"": 14}",31200.79843358216,92.25487578406835,-69.09923774412215,1.3562890757343689,1.3274358678353246,45.06172839506173,324,0,3130079843.3582163,BNBUSDT
10,9,554.4488911801775,32.40406459929979,-80.49928140150578,1.085464115260622,0.7454243423608115,2971,0,supertrend,4h,1.0,"{""mult"": 2.2, ""period"": 14}",115.87106310467692,9.714633966033137,-90.19305499804375,1.0823900542590326,0.46933767778180674,35.73770491803279,305,0,21587106.31046769,XRPUSDT
10,9,554.4488911801775,32.40406459929979,-80.49928140150578,1.085464115260622,0.7454243423608115,2971,0,supertrend,4h,1.0,"{""mult"": 2.2, ""period"": 14}",590.3677830028956,26.044881066143045,-83.31682988317678,1.0885381762622115,0.6774006878602972,35.51401869158878,321,0,69036778.30028957,ADAUSDT
10,9,554.4488911801775,32.40406459929979,-80.49928140150578,1.085464115260622,0.7454243423608115,2971,0,supertrend,4h,1.0,"{""mult"": 2.2, ""period"": 14}",1280.6635627845296,44.50758624131099,-88.12660354582287,1.0770937667059797,0.7973002997524714,34.959349593495936,246,0,138066356.27845296,DOGEUSDT
10,9,554.4488911801775,32.40406459929979,-80.49928140150578,1.085464115260622,0.7454243423608115,2971,0,supertrend,4h,1.0,"{""mult"": 2.2, ""period"": 14}",219.44102741781904,16.519690316847637,-86.28036920265791,1.046067500689741,0.5742388824121443,38.63636363636363,308,0,31944102.741781905,LINKUSDT
10,9,554.4488911801775,32.40406459929979,-80.49928140150578,1.085464115260622,0.7454243423608115,2971,0,supertrend,4h,1.0,"{""mult"": 2.2, ""period"": 14}",-44.551246661535195,-6.561201032683495,-79.12108719959032,0.9469165672268448,0.20183843397950765,39.0625,320,0,5544875.333846481,LTCUSDT
10,9,554.4488911801775,32.40406459929979,-80.49928140150578,1.085464115260622,0.7454243423608115,2971,0,supertrend,4h,1.0,"{""mult"": 2.2, ""period"": 14}",518.5299993574592,35.29499138367842,-78.86290976521308,1.1503424675311715,0.7747624596122418,37.86008230452675,243,0,61852999.93574592,SOLUSDT
10,9,554.4488911801775,32.40406459929979,-80.49928140150578,1.085464115260622,0.7454243423608115,2971,0,supertrend,4h,1.0,"{""mult"": 2.2, ""period"": 14}",361.43218943428303,29.51313781492115,-81.87747560342125,1.0445355503993756,0.7160862251093811,34.59915611814346,237,0,46143218.9434283,AVAXUSDT
10,9,783.4794985646679,29.53008127737794,-79.96049549760806,1.149087417271969,0.7304662819360386,2331,0,supertrend,4h,1.0,"{""mult"": 2.6, ""period"": 14}",2741.912129517707,44.97471686200021,-51.71032975917218,1.3008038743054329,1.0597754375566533,40.67164179104478,268,0,284191212.95177066,BTCUSDT
10,9,783.4794985646679,29.53008127737794,-79.96049549760806,1.149087417271969,0.7304662819360386,2331,0,supertrend,4h,1.0,"{""mult"": 2.6, ""period"": 14}",983.0022368786684,30.25734179854025,-65.65945456313861,1.1813949044124772,0.7568300789270708,38.28996282527881,269,0,108300223.68786684,ETHUSDT
10,9,783.4794985646679,29.53008127737794,-79.96049549760806,1.149087417271969,0.7304662819360386,2331,0,supertrend,4h,1.0,"{""mult"": 2.6, ""period"": 14}",15457.929952426008,77.55850820569714,-66.7938624257556,1.3565752758235874,1.202543670683721,43.72623574144487,263,0,1555792995.2426007,BNBUSDT
10,9,783.4794985646679,29.53008127737794,-79.96049549760806,1.149087417271969,0.7304662819360386,2331,0,supertrend,4h,1.0,"{""mult"": 2.6, ""period"": 14}",232.89539726127967,15.592302374534771,-85.83290482491536,1.1167799301314607,0.5465734804303201,36.324786324786324,234,0,33289539.726127967,XRPUSDT
10,9,783.4794985646679,29.53008127737794,-79.96049549760806,1.149087417271969,0.7304662819360386,2331,0,supertrend,4h,1.0,"{""mult"": 2.6, ""period"": 14}",255.59652946775745,16.414458118881736,-86.34442593857028,1.0733503162358793,0.5616523184809975,35.826771653543304,254,0,35559652.94677574,ADAUSDT
10,9,783.4794985646679,29.53008127737794,-79.96049549760806,1.149087417271969,0.7304662819360386,2331,0,supertrend,4h,1.0,"{""mult"": 2.6, ""period"": 14}",3959.764529819947,68.10584913797022,-75.64294464349052,1.1828866787001935,0.9515272723926188,38.095238095238095,189,0,405976452.9819947,DOGEUSDT
10,9,783.4794985646679,29.53008127737794,-79.96049549760806,1.149087417271969,0.7304662819360386,2331,0,supertrend,4h,1.0,"{""mult"": 2.6, ""period"": 14}",583.9567602506672,28.80282075621563,-84.85373181321101,1.0623134063655824,0.7041024849450064,37.06896551724138,232,0,68395676.02506672,LINKUSDT
10,9,783.4794985646679,29.53008127737794,-79.96049549760806,1.149087417271969,0.7304662819360386,2331,0,supertrend,4h,1.0,"{""mult"": 2.6, ""period"": 14}",-6.0394396512019615,-0.7143236761842586,-84.2780463517256,0.9955760841923542,0.28745981133929127,40.16064257028113,249,0,9396056.034879804,LTCUSDT
10,9,783.4794985646679,29.53008127737794,-79.96049549760806,1.149087417271969,0.7304662819360386,2331,0,supertrend,4h,1.0,"{""mult"": 2.6, ""period"": 14}",1424.0935564237502,57.12818948380629,-75.38922413735823,1.197536534307892,0.9513587910633353,39.45945945945946,185,0,152409355.64237502,SOLUSDT
10,9,783.4794985646679,29.53008127737794,-79.96049549760806,1.149087417271969,0.7304662819360386,2331,0,supertrend,4h,1.0,"{""mult"": 2.6, ""period"": 14}",226.840388723737,22.175571412268646,-84.72905830460009,1.0370590980440832,0.6456712130198956,36.17021276595745,188,0,32684038.8723737,AVAXUSDT
10,9,1765.1791196381757,42.371332340402965,-80.31424404611235,1.1619442424582722,0.902800608398203,1878,0,supertrend,4h,1.0,"{""mult"": 3.0, ""period"": 14}",3130.7051317474807,47.05210602708036,-45.93198603109096,1.4741807585756017,1.1004452601881807,43.31797235023041,217,0,323070513.17474806,BTCUSDT
10,9,1765.1791196381757,42.371332340402965,-80.31424404611235,1.1619442424582722,0.902800608398203,1878,0,supertrend,4h,1.0,"{""mult"": 3.0, ""period"": 14}",1685.8411116298812,37.69055865372557,-65.18803683955558,1.2894379629015895,0.854130433011103,36.86635944700461,217,0,178584111.1629881,ETHUSDT
10,9,1765.1791196381757,42.371332340402965,-80.31424404611235,1.1619442424582722,0.902800608398203,1878,0,supertrend,4h,1.0,"{""mult"": 3.0, ""period"": 14}",8125.533183472756,65.14141467664967,-77.84047415357843,1.3483994860012505,1.0941749173612727,45.370370370370374,216,0,822553318.3472756,BNBUSDT
10,9,1765.1791196381757,42.371332340402965,-80.31424404611235,1.1619442424582722,0.902800608398203,1878,0,supertrend,4h,1.0,"{""mult"": 3.0, ""period"": 14}",311.8562968680366,18.594912699452593,-83.20954572959432,1.0960229654987694,0.5860745823816107,35.1063829787234,188,0,41185629.68680366,XRPUSDT
10,9,1765.1791196381757,42.371332340402965,-80.31424404611235,1.1619442424582722,0.902800608398203,1878,0,supertrend,4h,1.0,"{""mult"": 3.0, ""period"": 14}",306.33152024696597,18.289536126704053,-86.45782001730616,1.0614119818605818,0.5845124160430717,37.5,200,0,40633152.0246966,ADAUSDT
10,9,1765.1791196381757,42.371332340402965,-80.31424404611235,1.1619442424582722,0.902800608398203,1878,0,supertrend,4h,1.0,"{""mult"": 3.0, ""period"": 14}",3933.016789529669,67.95007794729004,-83.19381708058455,1.2110728283186434,0.9514707837853029,39.59731543624161,149,0,403301678.95296687,DOGEUSDT
10,9,1765.1791196381757,42.371332340402965,-80.31424404611235,1.1619442424582722,0.902800608398203,1878,0,supertrend,4h,1.0,"{""mult"": 3.0, ""period"": 14}",221.79003088859415,16.6321265791048,-92.11709394238554,1.0317091550620765,0.5780810319157279,36.36363636363637,198,0,32179003.088859417,LINKUSDT
10,9,1765.1791196381757,42.371332340402965,-80.31424404611235,1.1619442424582722,0.902800608398203,1878,0,supertrend,4h,1.0,"{""mult"": 3.0, ""period"": 14}",-47.44321092964219,-7.135406443845493,-82.78801393864629,0.9286212698188708,0.18741346880279564,36.633663366336634,202,0,5255678.907035781,LTCUSDT
10,9,1765.1791196381757,42.371332340402965,-80.31424404611235,1.1619442424582722,0.902800608398203,1878,0,supertrend,4h,1.0,"{""mult"": 3.0, ""period"": 14}",2404.278360349504,70.62102612292243,-74.20403964532174,1.2259892710586746,1.0439244199856157,38.92617449664429,149,0,250427836.03495038,SOLUSDT
10,9,1765.1791196381757,42.371332340402965,-80.31424404611235,1.1619442424582722,0.902800608398203,1878,0,supertrend,4h,1.0,"{""mult"": 3.0, ""period"": 14}",1844.5171276464703,65.18235444288042,-74.93175954276435,1.112815656597901,1.0141736054599764,35.2112676056338,142,0,194451712.764647,AVAXUSDT
10,9,2725.9424938310517,50.17559731384043,-73.9887428174144,1.1812887627068525,0.9683208609452394,1466,0,supertrend,4h,1.0,"{""mult"": 3.5, ""period"": 14}",1852.247091793259,39.05845919451676,-53.3526871531001,1.3906363684990657,0.9959822948439356,38.764044943820224,178,0,195224709.1793259,BTCUSDT
10,9,2725.9424938310517,50.17559731384043,-73.9887428174144,1.1812887627068525,0.9683208609452394,1466,0,supertrend,4h,1.0,"{""mult"": 3.5, ""period"": 14}",2145.5281455499367,41.234877950803764,-62.97732723543439,1.2920354251043413,0.9014397262098344,38.01169590643275,171,0,224552814.55499366,ETHUSDT
10,9,2725.9424938310517,50.17559731384043,-73.9887428174144,1.1812887627068525,0.9683208609452394,1466,0,supertrend,4h,1.0,"{""mult"": 3.5, ""period"": 14}",14836.195495535434,76.73668770270305,-73.20984063017532,1.4435720120961135,1.1898367097034186,44.31137724550898,167,0,1493619549.5535436,BNBUSDT
10,9,2725.9424938310517,50.17559731384043,-73.9887428174144,1.1812887627068525,0.9683208609452394,1466,0,supertrend,4h,1.0,"{""mult"": 3.5, ""period"": 14}",297.44416184975717,18.087042573820188,-88.34106185521554,1.1536167751314232,0.5772274117763365,31.756756756756754,148,0,39744416.18497571,XRPUSDT
10,9,2725.9424938310517,50.17559731384043,-73.9887428174144,1.1812887627068525,0.9683208609452394,1466,0,supertrend,4h,1.0,"{""mult"": 3.5, ""period"": 14}",653.7778310625661,27.37883563205279,-74.76764500465349,1.1396477812838623,0.6953928978180572,37.17948717948718,156,0,75377783.1062566,ADAUSDT
10,9,2725.9424938310517,50.17559731384043,-73.9887428174144,1.1812887627068525,0.9683208609452394,1466,0,supertrend,4h,1.0,"{""mult"": 3.5, ""period"": 14}",4241.074974639282,69.6928056764905,-76.71581436941723,1.195259053549107,0.9611758755603503,38.01652892561984,121,0,434107497.4639282,DOGEUSDT
10,9,2725.9424938310517,50.17559731384043,-73.9887428174144,1.1812887627068525,0.9683208609452394,1466,0,supertrend,4h,1.0,"{""mult"": 3.5, ""period"": 14}",3306.3568421121668,59.11631667687709,-71.12487467148566,1.1502994482049438,0.9754658463301284,39.86013986013986,143,0,340635684.2112166,LINKUSDT
10,9,2725.9424938310517,50.17559731384043,-73.9887428174144,1.1812887627068525,0.9683208609452394,1466,0,supertrend,4h,1.0,"{""mult"": 3.5, ""period"": 14}",-62.224391816791226,-10.598296564453392,-88.77260466566004,0.9181144448776501,0.12278465717991936,37.03703703703704,162,0,3777560.818320878,LTCUSDT
10,9,2725.9424938310517,50.17559731384043,-73.9887428174144,1.1812887627068525,0.9683208609452394,1466,0,supertrend,4h,1.0,"{""mult"": 3.5, ""period"": 14}",6696.171329828957,101.35434213480022,-67.93860215414846,1.3176853235433796,1.2405253447116675,41.5929203539823,113,0,679617132.9828957,SOLUSDT
10,9,2725.9424938310517,50.17559731384043,-73.9887428174144,1.1812887627068525,0.9683208609452394,1466,0,supertrend,4h,1.0,"{""mult"": 3.5, ""period"": 14}",4129.847000168874,88.38389855560771,-77.70173364224375,1.167318471864598,1.1768441346761358,36.44859813084112,107,0,422984700.01688737,AVAXUSDT
10,8,448.4563233172284,24.390350041269105,-81.93940106248229,1.0917285735841198,0.6740286918891127,3997,0,supertrend,4h,1.0,"{""mult"": 1.8, ""period"": 20}",933.7389789316476,29.586206283002483,-68.15710938846719,1.157398407179788,0.7947948959892941,39.26940639269406,438,0,103373897.89316475,BTCUSDT
10,8,448.4563233172284,24.390350041269105,-81.93940106248229,1.0917285735841198,0.6740286918891127,3997,0,supertrend,4h,1.0,"{""mult"": 1.8, ""period"": 20}",629.0783573719583,24.661746642422756,-77.44252643672489,1.1198626190158625,0.678892186047847,38.93805309734513,452,0,72907835.73719583,ETHUSDT
10,8,448.4563233172284,24.390350041269105,-81.93940106248229,1.0917285735841198,0.6740286918891127,3997,0,supertrend,4h,1.0,"{""mult"": 1.8, ""period"": 20}",12349.156781669217,73.112659702556,-63.85651842139233,1.1978860453383369,1.170151431214764,42.5,440,0,1244915678.1669216,BNBUSDT
10,8,448.4563233172284,24.390350041269105,-81.93940106248229,1.0917285735841198,0.6740286918891127,3997,0,supertrend,4h,1.0,"{""mult"": 1.8, ""period"": 20}",67.20288946473512,6.389055634988949,-82.46281900185988,1.0418430314483316,0.4201118310578016,36.626506024096386,415,0,16720288.946473511,XRPUSDT
10,8,448.4563233172284,24.390350041269105,-81.93940106248229,1.0917285735841198,0.6740286918891127,3997,0,supertrend,4h,1.0,"{""mult"": 1.8, ""period"": 20}",649.2295989393731,27.286509633138035,-83.08407496204894,1.1447581098949435,0.691939615461123,36.72985781990521,422,0,74922959.8939373,ADAUSDT
10,8,448.4563233172284,24.390350041269105,-81.93940106248229,1.0917285735841198,0.6740286918891127,3997,0,supertrend,4h,1.0,"{""mult"": 1.8, ""period"": 20}",1006.0978836649348,40.08316158232213,-92.4823982665336,1.063594528152377,0.759564218477841,34.21052631578947,342,0,110609788.36649348,DOGEUSDT
10,8,448.4563233172284,24.390350041269105,-81.93940106248229,1.0917285735841198,0.6740286918891127,3997,0,supertrend,4h,1.0,"{""mult"": 1.8, ""period"": 20}",-38.78793107924358,-6.257038824879135,-96.10266488467143,0.9876054041587332,0.29367751013044013,40.33816425120773,414,0,6121206.892075643,LINKUSDT
10,8,448.4563233172284,24.390350041269105,-81.93940106248229,1.0917285735841198,0.6740286918891127,3997,0,supertrend,4h,1.0,"{""mult"": 1.8, ""period"": 20}",-76.91277691118792,-15.523236926315054,-81.41598312310468,0.8532414640870684,0.04257165280079836,39.120370370370374,432,0,2308722.3088812088,LTCUSDT
10,8,448.4563233172284,24.390350041269105,-81.93940106248229,1.0917285735841198,0.6740286918891127,3997,0,supertrend,4h,1.0,"{""mult"": 1.8, ""period"": 20}",267.8342892624985,24.118953440115455,-74.32797264951459,1.1346271552588358,0.6691651977303784,39.81481481481482,324,0,36783428.92624985,SOLUSDT
10,8,448.4563233172284,24.390350041269105,-81.93940106248229,1.0917285735841198,0.6740286918891127,3997,0,supertrend,4h,1.0,"{""mult"": 1.8, ""period"": 20}",27.664301436002425,4.216972616763415,-85.24441230695203,1.0095321916135735,0.4439475287133989,36.477987421383645,318,0,12766430.143600242,AVAXUSDT
10,9,307.888103908704,21.87310325243297,-78.34795219334902,1.1006186082089924,0.6351142165979775,2995,0,supertrend,4h,1.0,"{""mult"": 2.2, ""period"": 20}",2179.8156967650625,41.47255967329468,-59.21514682037778,1.3054046458437796,0.9904166190986219,42.04204204204204,333,0,227981569.67650622,BTCUSDT
10,9,307.888103908704,21.87310325243297,-78.34795219334902,1.1006186082089924,0.6351142165979775,2995,0,supertrend,4h,1.0,"{""mult"": 2.2, ""period"": 20}",1338.7590569956253,34.428100855858986,-61.897630140512426,1.267013680230811,0.8053679451811239,38.392857142857146,336,0,143875905.69956252,ETHUSDT
10,9,307.888103908704,21.87310325243297,-78.34795219334902,1.1006186082089924,0.6351142165979775,2995,0,supertrend,4h,1.0,"{""mult"": 2.2, ""period"": 20}",11084.269456352207,71.01556131618594,-68.20380200324215,1.2061083118359075,1.1516495950444179,44.047619047619044,336,0,1118426945.6352208,BNBUSDT
10,9,307.888103908704,21.87310325243297,-78.34795219334902,1.1006186082089924,0.6351142165979775,2995,0,supertrend,4h,1.0,"{""mult"": 2.2, ""period"": 20}",146.04127247290677,11.457575418438903,-86.71900099042344,1.0950969602445693,0.4932044716696665,36.156351791530945,307,0,24604127.24729068,XRPUSDT
10,9,307.888103908704,21.87310325243297,-78.34795219334902,1.1006186082089924,0.6351142165979775,2995,0,supertrend,4h,1.0,"{""mult"": 2.2, ""period"": 20}",350.09420448378626,19.74802830363509,-79.62023164900107,1.1007348573661944,0.6022672976600547,36.7601246105919,321,0,45009420.44837862,ADAUSDT
10,9,307.888103908704,21.87310325243297,-78.34795219334902,1.1006186082089924,0.6351142165979775,2995,0,supertrend,4h,1.0,"{""mult"": 2.2, ""period"": 20}",4413.357698073459,70.62155763229727,-83.61446990178662,1.1143968066533665,0.9643584012825933,38.05668016194332,247,0,451335769.80734587,DOGEUSDT
10,9,307.888103908704,21.87310325243297,-78.34795219334902,1.1006186082089924,0.6351142165979775,2995,0,supertrend,4h,1.0,"{""mult"": 2.2, ""period"": 20}",69.94723950372648,7.230704104926811,-86.6027256706376,1.026739329470786,0.4637625316642138,37.98701298701299,308,0,16994723.950372647,LINKUSDT
10,9,307.888103908704,21.87310325243297,-78.34795219334902,1.1006186082089924,0.6351142165979775,2995,0,supertrend,4h,1.0,"{""mult"": 2.2, ""period"": 20}",-35.223456210090134,-4.874250785985835,-77.07567273769695,0.9631261135717337,0.2290312664146579,40.25157232704403,318,0,6477654.378990986,LTCUSDT
10,9,307.888103908704,21.87310325243297,-78.34795219334902,1.1006186082089924,0.6351142165979775,2995,0,supertrend,4h,1.0,"{""mult"": 2.2, ""period"": 20}",265.68200333362176,23.998178201230846,-69.14979823875936,1.1005023590517902,0.6679611355359004,37.80487804878049,246,0,36568200.33336218,SOLUSDT
10,9,307.888103908704,21.87310325243297,-78.34795219334902,1.1006186082089924,0.6351142165979775,2995,0,supertrend,4h,1.0,"{""mult"": 2.2, ""period"": 20}",84.39312097168137,10.902849784351055,-89.07925072109755,1.0180733759643665,0.5187301344936206,34.5679012345679,243,0,18439312.097168136,AVAXUSDT
10,10,758.0388710993134,30.5886467480154,-78.00652394260405,1.1605631141568287,0.7660645787815741,2360,0,supertrend,4h,1.0,"{""mult"": 2.6, ""period"": 20}",1174.7139039739577,32.63444238306343,-65.78803334048456,1.2245338353678923,0.8512235760528721,40.0,275,0,127471390.39739577,BTCUSDT
10,10,758.0388710993134,30.5886467480154,-78.00652394260405,1.1605631141568287,0.7660645787815741,2360,0,supertrend,4h,1.0,"{""mult"": 2.6, ""period"": 20}",1494.6399431541404,35.97126621220572,-65.16323735892031,1.2481585727384321,0.8260988836359194,38.20224719101123,267,0,159463994.31541404,ETHUSDT
10,10,758.0388710993134,30.5886467480154,-78.00652394260405,1.1605631141568287,0.7660645787815741,2360,0,supertrend,4h,1.0,"{""mult"": 2.6, ""period"": 20}",16344.138570430723,78.6809740300396,-61.600097214560144,1.3281319972448478,1.2174568416389069,45.07575757575758,264,0,1644413857.0430725,BNBUSDT
10,10,758.0388710993134,30.5886467480154,-78.00652394260405,1.1605631141568287,0.7660645787815741,2360,0,supertrend,4h,1.0,"{""mult"": 2.6, ""period"": 20}",295.09648936296054,18.00278320129596,-84.75941392353324,1.1317774791424173,0.5767674508970047,35.98326359832636,239,0,39509648.93629605,XRPUSDT
10,10,758.0388710993134,30.5886467480154,-78.00652394260405,1.1605631141568287,0.7660645787815741,2360,0,supertrend,4h,1.0,"{""mult"": 2.6, ""period"": 20}",118.80894183802849,9.835102452029298,-89.49231819388608,1.0439169732367706,0.4754525951937998,36.293436293436294,259,0,21880894.183802847,ADAUSDT
10,10,758.0388710993134,30.5886467480154,-78.00652394260405,1.1605631141568287,0.7660645787815741,2360,0,supertrend,4h,1.0,"{""mult"": 2.6, ""period"": 20}",4562.847729920913,71.40305744052435,-78.16137813120503,1.2459217300850636,0.9713897641987965,39.473684210526315,190,0,466284772.99209124,DOGEUSDT
10,10,758.0388710993134,30.5886467480154,-78.00652394260405,1.1605631141568287,0.7660645787815741,2360,0,supertrend,4h,1.0,"{""mult"": 2.6, ""period"": 20}",83.006623605398,8.280891597992124,-88.98395151326835,1.0253430328639654,0.48055807713712934,37.4485596707819,243,0,18300662.3605398,LINKUSDT
10,10,758.0388710993134,30.5886467480154,-78.00652394260405,1.1605631141568287,0.7660645787815741,2360,0,supertrend,4h,1.0,"{""mult"": 2.6, ""period"": 20}",3.4931790304424837,0.39591242841758856,-77.85166975400307,1.002617008814935,0.30917594097751183,40.0,250,0,10349317.903044248,LTCUSDT
10,10,758.0388710993134,30.5886467480154,-78.00652394260405,1.1605631141568287,0.7660645787815741,2360,0,supertrend,4h,1.0,"{""mult"": 2.6, ""period"": 20}",2362.9874939567126,70.15108861653079,-76.69462668905538,1.18934874917124,1.0450747778204856,40.54054054054054,185,0,246298749.39567125,SOLUSDT
10,10,758.0388710993134,30.5886467480154,-78.00652394260405,1.1605631141568287,0.7660645787815741,2360,0,supertrend,4h,1.0,"{""mult"": 2.6, ""period"": 20}",341.363838224669,28.54285111296737,-83.55150410244777,1.0418559798383897,0.7060302739272288,36.17021276595745,188,0,44136383.8224669,AVAXUSDT
10,9,1507.1460759757292,40.419728211634045,-78.51512141128728,1.12365253956031,0.8247512241969123,1889,0,supertrend,4h,1.0,"{""mult"": 3.0, ""period"": 20}",2524.842586447496,43.70217414849669,-45.728562945047344,1.4217756463309474,1.0486145786791532,43.57798165137615,218,0,262484258.64474964,BTCUSDT
10,9,1507.1460759757292,40.419728211634045,-78.51512141128728,1.12365253956031,0.8247512241969123,1889,0,supertrend,4h,1.0,"{""mult"": 3.0, ""period"": 20}",1622.2006044682373,37.1372822747714,-66.55877161570791,1.2933766605345414,0.8414419187275333,36.23853211009174,218,0,172220060.44682375,ETHUSDT
10,9,1507.1460759757292,40.419728211634045,-78.51512141128728,1.12365253956031,0.8247512241969123,1889,0,supertrend,4h,1.0,"{""mult"": 3.0, ""period"": 20}",9144.238931280057,67.34937504214165,-78.09199150986625,1.544014891172116,1.1142616943092132,43.72093023255814,215,0,924423893.1280057,BNBUSDT
10,9,1507.1460759757292,40.419728211634045,-78.51512141128728,1.12365253956031,0.8247512241969123,1889,0,supertrend,4h,1.0,"{""mult"": 3.0, ""period"": 20}",396.11360599533407,21.2845018664251,-80.67672048414606,1.1335207936193223,0.6188508772188687,35.78947368421053,190,0,49611360.59953341,XRPUSDT
10,9,1507.1460759757292,40.419728211634045,-78.51512141128728,1.12365253956031,0.8247512241969123,1889,0,supertrend,4h,1.0,"{""mult"": 3.0, ""period"": 20}",515.1550097252953,24.314995004178684,-77.83324642646265,1.107638222214494,0.6576810086034778,37.878787878787875,198,0,61515500.97252953,ADAUSDT
10,9,1507.1460759757292,40.419728211634045,-78.51512141128728,1.12365253956031,0.8247512241969123,1889,0,supertrend,4h,1.0,"{""mult"": 3.0, ""period"": 20}",1392.0915474832213,46.08914299624729,-81.42312325006796,1.113784285501298,0.8080605296662913,39.130434782608695,161,0,149209154.74832213,DOGEUSDT
10,9,1507.1460759757292,40.419728211634045,-78.51512141128728,1.12365253956031,0.8247512241969123,1889,0,supertrend,4h,1.0,"{""mult"": 3.0, ""period"": 20}",505.73916322980585,26.75997571427866,-89.68633302660405,1.0540077963714052,0.6840045950572597,39.0625,192,0,60573916.32298058,LINKUSDT
10,9,1507.1460759757292,40.419728211634045,-78.51512141128728,1.12365253956031,0.8247512241969123,1889,0,supertrend,4h,1.0,"{""mult"": 3.0, ""period"": 20}",-27.336946783214433,-3.608204087198996,-84.3924039649997,0.9754130365897504,0.24367023840410576,39.02439024390244,205,0,7266305.3216785565,LTCUSDT
10,9,1507.1460759757292,40.419728211634045,-78.51512141128728,1.12365253956031,0.8247512241969123,1889,0,supertrend,4h,1.0,"{""mult"": 3.0, ""period"": 20}",2126.025464008788,67.31954678212048,-76.88428092265104,1.1820021597666979,1.02218307066317,38.666666666666664,150,0,222602546.4008788,SOLUSDT
10,9,1507.1460759757292,40.419728211634045,-78.51512141128728,1.12365253956031,0.8247512241969123,1889,0,supertrend,4h,1.0,"{""mult"": 3.0, ""period"": 20}",2181.0807611193964,69.70261840746856,-78.93825131270833,1.0789901450426975,1.0514947063498283,38.028169014084504,142,0,228108076.11193967,AVAXUSDT
10,9,2184.756852340877,41.990671048971166,-74.89334587905222,1.199325865602233,0.9307636270130042,1480,0,supertrend,4h,1.0,"{""mult"": 3.5, ""period"": 20}",1970.3374953622022,39.96762470896233,-50.39956944274036,1.3209814397852637,0.9977625532409824,38.857142857142854,175,0,207033749.5362202,BTCUSDT
10,9,2184.756852340877,41.990671048971166,-74.89334587905222,1.199325865602233,0.9307636270130042,1480,0,supertrend,4h,1.0,"{""mult"": 3.5, ""period"": 20}",2399.176209319551,42.92203382144739,-57.583509894657226,1.3630845052900888,0.9184045790104028,38.92215568862276,167,0,249917620.93195513,ETHUSDT
10,9,2184.756852340877,41.990671048971166,-74.89334587905222,1.199325865602233,0.9307636270130042,1480,0,supertrend,4h,1.0,"{""mult"": 3.5, ""period"": 20}",4104.011379931147,53.00193695056448,-79.86953592680969,1.4007328417392426,0.9817935961972601,43.93063583815029,173,0,420401137.9931147,BNBUSDT
10,9,2184.756852340877,41.990671048971166,-74.89334587905222,1.199325865602233,0.9307636270130042,1480,0,supertrend,4h,1.0,"{""mult"": 3.5, ""period"": 20}",1151.6359945641193,35.589739545035016,-66.6834290773946,1.2553363152797448,0.7867176043376154,31.724137931034484,145,0,125163599.45641193,XRPUSDT
10,9,2184.756852340877,41.990671048971166,-74.89334587905222,1.199325865602233,0.9307636270130042,1480,0,supertrend,4h,1.0,"{""mult"": 3.5, ""period"": 20}",479.99294912946436,23.441475580421667,-74.62992286152316,1.1175851257670686,0.6482610728092383,40.25157232704403,159,0,57999294.91294644,ADAUSDT
10,9,2184.756852340877,41.990671048971166,-74.89334587905222,1.199325865602233,0.9307636270130042,1480,0,supertrend,4h,1.0,"{""mult"": 3.5, ""period"": 20}",1062.2447572802068,41.05930827649493,-79.81427976233726,1.1171136693195844,0.773322534931189,39.53488372093023,129,0,116224475.72802068,DOGEUSDT
10,9,2184.756852340877,41.990671048971166,-74.89334587905222,1.199325865602233,0.9307636270130042,1480,0,supertrend,4h,1.0,"{""mult"": 3.5, ""period"": 20}",2683.1637105668456,54.939764881608255,-75.15676889658128,1.127749480879858,0.9431226750156054,39.58333333333333,144,0,278316371.05668455,LINKUSDT
10,9,2184.756852340877,41.990671048971166,-74.89334587905222,1.199325865602233,0.9307636270130042,1480,0,supertrend,4h,1.0,"{""mult"": 3.5, ""period"": 20}",-69.40221483618515,-12.740329815856233,-90.28066693196644,0.9032408147395331,0.08022165627823663,37.95180722891566,166,0,3059778.516381485,LTCUSDT
10,9,2184.756852340877,41.990671048971166,-74.89334587905222,1.199325865602233,0.9307636270130042,1480,0,supertrend,4h,1.0,"{""mult"": 3.5, ""period"": 20}",6266.1328985791515,99.18265097736435,-72.81050828744816,1.3303744553257062,1.2331104482588917,42.98245614035088,114,0,636613289.8579152,SOLUSDT
10,9,2184.756852340877,41.990671048971166,-74.89334587905222,1.199325865602233,0.9307636270130042,1480,0,supertrend,4h,1.0,"{""mult"": 3.5, ""period"": 20}",3367.000529945503,82.15318608683614,-80.44122937053244,1.143315415924721,1.1401299063388808,37.96296296296296,108,0,346700052.9945503,AVAXUSDT
10,7,163.10167840656575,13.373470545602018,-86.25222623105549,1.0619963259291274,0.5437768372594025,4047,0,supertrend,4h,1.0,"{""mult"": 1.8, ""period"": 30}",1373.8733057835968,34.78825248894282,-61.36741286067486,1.1789450245145798,0.8760344079556134,39.455782312925166,441,0,147387330.5783597,BTCUSDT
10,7,163.10167840656575,13.373470545602018,-86.25222623105549,1.0619963259291274,0.5437768372594025,4047,0,supertrend,4h,1.0,"{""mult"": 1.8, ""period"": 30}",1356.1675297268328,34.607617072356845,-76.3068350316972,1.1528884689999535,0.8002716516938166,39.38053097345133,452,0,145616752.97268328,ETHUSDT
10,7,163.10167840656575,13.373470545602018,-86.25222623105549,1.0619963259291274,0.5437768372594025,4047,0,supertrend,4h,1.0,"{""mult"": 1.8, ""period"": 30}",8475.60535683137,65.92621865072164,-68.02922453697818,1.2531953598460068,1.1020046485914246,44.0,450,0,857560535.6831369,BNBUSDT
10,7,163.10167840656575,13.373470545602018,-86.25222623105549,1.0619963259291274,0.5437768372594025,4047,0,supertrend,4h,1.0,"{""mult"": 1.8, ""period"": 30}",-23.233469968086517,-3.1353681481963824,-76.81457810826207,0.9742621584648504,0.27868168763449647,35.79952267303103,419,0,7676653.003191348,XRPUSDT
10,7,163.10167840656575,13.373470545602018,-86.25222623105549,1.0619963259291274,0.5437768372594025,4047,0,supertrend,4h,1.0,"{""mult"": 1.8, ""period"": 30}",238.3890303846994,15.724734809828345,-86.19703777053019,1.062863610742178,0.5502452779880918,34.25925925925926,432,0,33838903.03846994,ADAUSDT
10,7,163.10167840656575,13.373470545602018,-86.25222623105549,1.0619963259291274,0.5437768372594025,4047,0,supertrend,4h,1.0,"{""mult"": 1.8, ""period"": 30}",2002.0288602494709,53.28241324215119,-92.35810198017545,1.0941855494435775,0.8532878561573669,36.17647058823529,340,0,210202886.0249471,DOGEUSDT
10,7,163.10167840656575,13.373470545602018,-86.25222623105549,1.0619963259291274,0.5437768372594025,4047,0,supertrend,4h,1.0,"{""mult"": 1.8, ""period"": 30}",-56.571678769832715,-10.398457217335078,-97.35775676314239,0.9822453818014067,0.2362941587830102,39.71631205673759,423,0,4342832.123016729,LINKUSDT
10,7,163.10167840656575,13.373470545602018,-86.25222623105549,1.0619963259291274,0.5437768372594025,4047,0,supertrend,4h,1.0,"{""mult"": 1.8, ""period"": 30}",-94.30737849027763,-28.09448203401911,-95.40808776095324,0.744945746210454,-0.21239459687475087,38.20224719101123,445,0,569262.1509722372,LTCUSDT
10,7,163.10167840656575,13.373470545602018,-86.25222623105549,1.0619963259291274,0.5437768372594025,4047,0,supertrend,4h,1.0,"{""mult"": 1.8, ""period"": 30}",87.81432642843212,11.022206281375691,-86.70930206617525,1.0611290411160765,0.5373083965307132,39.87915407854985,331,0,18781432.642843213,SOLUSDT
10,7,163.10167840656575,13.373470545602018,-86.25222623105549,1.0619963259291274,0.5437768372594025,4047,0,supertrend,4h,1.0,"{""mult"": 1.8, ""period"": 30}",22.91855143063959,3.551426690005699,-86.30741469158079,1.0102111273979932,0.43058697861426926,37.57961783439491,314,0,12291855.143063959,AVAXUSDT
10,8,121.63360774307867,12.113067957999725,-80.59138352121481,1.0562164173420159,0.5228598009060034,3060,0,supertrend,4h,1.0,"{""mult"": 2.2, ""period"": 30}",1795.9645377542465,38.60781474431572,-61.95002393418726,1.2744865186164276,0.9402262965327903,42.08955223880597,335,0,189596453.77542466,BTCUSDT
10,8,121.63360774307867,12.113067957999725,-80.59138352121481,1.0562164173420159,0.5228598009060034,3060,0,supertrend,4h,1.0,"{""mult"": 2.2, ""period"": 30}",1320.4129247498288,34.23681337889801,-78.6399257959175,1.1819862962669212,0.7987492778079556,37.75811209439528,339,0,142041292.4749829,ETHUSDT
10,8,121.63360774307867,12.113067957999725,-80.59138352121481,1.0562164173420159,0.5228598009060034,3060,0,supertrend,4h,1.0,"{""mult"": 2.2, ""period"": 30}",8509.154171382212,65.99993083421028,-63.88582533186711,1.1500122429733344,1.103693852914306,42.5287356321839,348,0,860915417.1382211,BNBUSDT
10,8,121.63360774307867,12.113067957999725,-80.59138352121481,1.0562164173420159,0.5228598009060034,3060,0,supertrend,4h,1.0,"{""mult"": 2.2, ""period"": 30}",51.990721398497655,5.173363709974099,-89.55198094239122,1.0268179398552828,0.4021656469091403,38.46153846153847,312,0,15199072.139849765,XRPUSDT
10,8,121.63360774307867,12.113067957999725,-80.59138352121481,1.0562164173420159,0.5228598009060034,3060,0,supertrend,4h,1.0,"{""mult"": 2.2, ""period"": 30}",117.2604709411293,9.741689516168762,-82.54284124651211,1.0500475518496768,0.47384648846474936,35.8433734939759,332,0,21726047.09411293,ADAUSDT
10,8,121.63360774307867,12.113067957999725,-80.59138352121481,1.0562164173420159,0.5228598009060034,3060,0,supertrend,4h,1.0,"{""mult"": 2.2, ""period"": 30}",11747.605310165896,95.35050853793419,-77.09465264248661,1.1680000332987377,1.108913302707383,38.4,250,0,1184760531.0165896,DOGEUSDT
10,8,121.63360774307867,12.113067957999725,-80.59138352121481,1.0562164173420159,0.5228598009060034,3060,0,supertrend,4h,1.0,"{""mult"": 2.2, ""period"": 30}",5.2044978566258004,0.6701357896841564,-86.77521262524324,1.002820544748335,0.38659387494097264,36.90851735015773,317,0,10520449.78566258,LINKUSDT
10,8,121.63360774307867,12.113067957999725,-80.59138352121481,1.0562164173420159,0.5228598009060034,3060,0,supertrend,4h,1.0,"{""mult"": 2.2, ""period"": 30}",-84.538381413982,-19.332233503371164,-88.96321905011672,0.8206306901097957,-0.03703232585896368,38.53211009174312,327,0,1546161.8586018009,LTCUSDT
10,8,121.63360774307867,12.113067957999725,-80.59138352121481,1.0562164173420159,0.5228598009060034,3060,0,supertrend,4h,1.0,"{""mult"": 2.2, ""period"": 30}",126.00674454502806,14.484446399830686,-75.32650310474938,1.062385282834355,0.5718731133472573,37.54940711462451,253,0,22600674.454502806,SOLUSDT
10,8,121.63360774307867,12.113067957999725,-80.59138352121481,1.0562164173420159,0.5228598009060034,3060,0,supertrend,4h,1.0,"{""mult"": 2.2, ""period"": 30}",-10.595522071517427,-1.8763064738136714,-90.37860889614979,0.9958391882623011,0.3628948933833717,36.032388663967616,247,0,8940447.792848257,AVAXUSDT
10,9,733.7435231760239,27.293039216936787,-78.59477014813365,1.183172486366785,0.7296383711593919,2402,0,supertrend,4h,1.0,"{""mult"": 2.6, ""period"": 30}",925.0055550691175,29.46426956432804,-70.27205545621975,1.2027743967626858,0.7939790063181732,41.007194244604314,278,0,102500555.50691174,BTCUSDT
10,9,733.7435231760239,27.293039216936787,-78.59477014813365,1.183172486366785,0.7296383711593919,2402,0,supertrend,4h,1.0,"{""mult"": 2.6, ""period"": 30}",2489.0723127528995,43.48355240018758,-62.25670054876849,1.2711041685334836,0.9163920149627959,39.17910447761194,268,0,258907231.27528995,ETHUSDT
10,9,733.7435231760239,27.293039216936787,-78.59477014813365,1.183172486366785,0.7296383711593919,2402,0,supertrend,4h,1.0,"{""mult"": 2.6, ""period"": 30}",15941.174942621055,78.17740360690395,-66.33334786999332,1.2358930138410078,1.2073408818932247,45.78754578754579,273,0,1604117494.2621055,BNBUSDT
10,9,733.7435231760239,27.293039216936787,-78.59477014813365,1.183172486366785,0.7296383711593919,2402,0,supertrend,4h,1.0,"{""mult"": 2.6, ""period"": 30}",542.4814912829305,25.121808869545536,-82.9925508751882,1.1720230000159704,0.6652977360006107,37.916666666666664,240,0,64248149.12829305,XRPUSDT
10,9,733.7435231760239,27.293039216936787,-78.59477014813365,1.183172486366785,0.7296383711593919,2402,0,supertrend,4h,1.0,"{""mult"": 2.6, ""period"": 30}",8.414237816490665,0.9725866879573442,-91.22801525123533,1.0049379603620041,0.3509911106868052,36.70411985018727,267,0,10841423.781649066,ADAUSDT
10,9,733.7435231760239,27.293039216936787,-78.59477014813365,1.183172486366785,0.7296383711593919,2402,0,supertrend,4h,1.0,"{""mult"": 2.6, ""period"": 30}",14493.743004111639,101.14614158775792,-79.75734222824032,1.2297082389404959,1.1366306274876945,42.70833333333333,192,0,1459374300.4111638,DOGEUSDT
10,9,733.7435231760239,27.293039216936787,-78.59477014813365,1.183172486366785,0.7296383711593919,2402,0,supertrend,4h,1.0,"{""mult"": 2.6, ""period"": 30}",-39.23732653450236,-6.347928667108804,-93.30582128431882,0.9782438302814996,0.2981679318154731,37.05179282868526,251,0,6076267.346549764,LINKUSDT
10,9,733.7435231760239,27.293039216936787,-78.59477014813365,1.183172486366785,0.7296383711593919,2402,0,supertrend,4h,1.0,"{""mult"": 2.6, ""period"": 30}",22.391318475298448,2.3524584517127023,-77.43219806802699,1.0138973240902611,0.34182506047229344,39.91935483870967,248,0,12239131.847529845,LTCUSDT
10,9,733.7435231760239,27.293039216936787,-78.59477014813365,1.183172486366785,0.7296383711593919,2402,0,supertrend,4h,1.0,"{""mult"": 2.6, ""period"": 30}",1009.6617854543196,49.07007821991407,-69.23868166958457,1.1943219727175998,0.8941457177613447,40.74074074074074,189,0,110966178.54543196,SOLUSDT
10,9,733.7435231760239,27.293039216936787,-78.59477014813365,1.183172486366785,0.7296383711593919,2402,0,supertrend,4h,1.0,"{""mult"": 2.6, ""period"": 30}",66.44645532275229,8.99885066408368,-91.22791976050043,1.0133184000488937,0.4939110690585098,36.734693877551024,196,0,16644645.532275228,AVAXUSDT
10,9,1428.5115371025397,35.11528903586138,-81.97331595547539,1.1466690613783637,0.8486368715574275,1920,0,supertrend,4h,1.0,"{""mult"": 3.0, ""period"": 30}",1154.03206589734,32.3939223202816,-64.66839640841752,1.3013928994030368,0.8531053039426542,40.625,224,0,125403206.589734,BTCUSDT
10,9,1428.5115371025397,35.11528903586138,-81.97331595547539,1.1466690613783637,0.8486368715574275,1920,0,supertrend,4h,1.0,"{""mult"": 3.0, ""period"": 30}",1702.9910083077393,37.83665575144117,-62.4327753865652,1.2174678336709592,0.8441684391722007,37.77777777777778,225,0,180299100.83077392,ETHUSDT
10,9,1428.5115371025397,35.11528903586138,-81.97331595547539,1.1466690613783637,0.8486368715574275,1920,0,supertrend,4h,1.0,"{""mult"": 3.0, ""period"": 30}",11071.791073484586,70.99384607435368,-73.42531655633466,1.5175345890351641,1.1579386675211871,44.23963133640553,217,0,1117179107.3484585,BNBUSDT
10,9,1428.5115371025397,35.11528903586138,-81.97331595547539,1.1466690613783637,0.8486368715574275,1920,0,supertrend,4h,1.0,"{""mult"": 3.0, ""period"": 30}",510.1571006925515,24.3460301105894,-82.54554657368006,1.1668793102263155,0.6562246464424258,36.507936507936506,189,0,61015710.06925515,XRPUSDT
10,9,1428.5115371025397,35.11528903586138,-81.97331595547539,1.1466690613783637,0.8486368715574275,1920,0,supertrend,4h,1.0,"{""mult"": 3.0, ""period"": 30}",241.32056468537488,15.844388542039667,-82.72759490172889,1.0765585094607721,0.5536471252658097,37.5,208,0,34132056.46853749,ADAUSDT
10,9,1428.5115371025397,35.11528903586138,-81.97331595547539,1.1466690613783637,0.8486368715574275,1920,0,supertrend,4h,1.0,"{""mult"": 3.0, ""period"": 30}",2717.867089815444,59.71395366307617,-81.40108533727073,1.1264588125304118,0.8963738311309994,37.95180722891566,166,0,281786708.98154444,DOGEUSDT
10,9,1428.5115371025397,35.11528903586138,-81.97331595547539,1.1466690613783637,0.8486368715574275,1920,0,supertrend,4h,1.0,"{""mult"": 3.0, ""period"": 30}",213.12433520749568,16.213737934912942,-85.6538338476663,1.0473681376806334,0.5716572466435502,38.578680203045685,197,0,31312433.520749565,LINKUSDT
10,9,1428.5115371025397,35.11528903586138,-81.97331595547539,1.1466690613783637,0.8486368715574275,1920,0,supertrend,4h,1.0,"{""mult"": 3.0, ""period"": 30}",-1.0868437347008486,-0.12567880821836575,-84.70661589652536,0.9992476239117003,0.3017244496586174,39.90147783251231,203,0,9891315.626529915,LTCUSDT
10,9,1428.5115371025397,35.11528903586138,-81.97331595547539,1.1466690613783637,0.8486368715574275,1920,0,supertrend,4h,1.0,"{""mult"": 3.0, ""period"": 30}",2705.7026115347567,73.86849689902128,-77.04982814797225,1.2094143083062892,1.0716905574856697,37.16216216216216,148,0,280570261.1534757,SOLUSDT
10,9,1428.5115371025397,35.11528903586138,-81.97331595547539,1.1466690613783637,0.8486368715574275,1920,0,supertrend,4h,1.0,"{""mult"": 3.0, ""period"": 30}",1859.3636435787657,65.39497129342709,-84.15733658651968,1.0782400722858845,1.0221192123773324,37.76223776223776,143,0,195936364.3578766,AVAXUSDT
10,9,1684.974305947052,44.03918009253863,-79.71010874988049,1.1605266073151244,0.9133348002041164,1502,0,supertrend,4h,1.0,"{""mult"": 3.5, ""period"": 30}",1907.1756349486955,39.48726008140162,-51.05524993639654,1.334954484914333,0.9814580099157197,38.764044943820224,178,0,200717563.49486953,BTCUSDT
10,9,1684.974305947052,44.03918009253863,-79.71010874988049,1.1605266073151244,0.9133348002041164,1502,0,supertrend,4h,1.0,"{""mult"": 3.5, ""period"": 30}",4434.840895635962,52.69039063785399,-55.58406350051583,1.385251093856101,1.0373922119084908,39.88095238095239,168,0,453484089.5635962,ETHUSDT
10,9,1684.974305947052,44.03918009253863,-79.71010874988049,1.1605266073151244,0.9133348002041164,1502,0,supertrend,4h,1.0,"{""mult"": 3.5, ""period"": 30}",5728.310086912202,58.79473164030349,-79.92470317089844,1.483616533866249,1.0470594265997664,42.285714285714285,175,0,582831008.6912202,BNBUSDT
10,9,1684.974305947052,44.03918009253863,-79.71010874988049,1.1605266073151244,0.9133348002041164,1502,0,supertrend,4h,1.0,"{""mult"": 3.5, ""period"": 30}",645.8394548903026,27.390909025822662,-78.64614939952084,1.202292972701363,0.6955341359689251,32.432432432432435,148,0,74583945.48903026,XRPUSDT
10,9,1684.974305947052,44.03918009253863,-79.71010874988049,1.1605266073151244,0.9133348002041164,1502,0,supertrend,4h,1.0,"{""mult"": 3.5, ""period"": 30}",323.87824730704426,18.890185394405123,-79.68279208066966,1.0873183452024715,0.5926023747757544,40.88050314465409,159,0,42387824.73070443,ADAUSDT
10,9,1684.974305947052,44.03918009253863,-79.71010874988049,1.1605266073151244,0.9133348002041164,1502,0,supertrend,4h,1.0,"{""mult"": 3.5, ""period"": 30}",1278.3775738800903,44.47400699392132,-84.17287759835898,1.0792567331911516,0.7957584998175182,37.59398496240601,133,0,137837757.388009,DOGEUSDT
10,9,1684.974305947052,44.03918009253863,-79.71010874988049,1.1605266073151244,0.9133348002041164,1502,0,supertrend,4h,1.0,"{""mult"": 3.5, ""period"": 30}",1462.7729769454083,43.604353191155944,-79.90431156073919,1.0965819604181317,0.8452115904925129,36.054421768707485,147,0,156277297.69454083,LINKUSDT
10,9,1684.974305947052,44.03918009253863,-79.71010874988049,1.1605266073151244,0.9133348002041164,1502,0,supertrend,4h,1.0,"{""mult"": 3.5, ""period"": 30}",-60.216523622076544,-10.063895472217787,-82.7387583219661,0.8975503947957754,0.12563578143131524,39.39393939393939,165,0,3978347.637792345,LTCUSDT
10,9,1684.974305947052,44.03918009253863,-79.71010874988049,1.1605266073151244,0.9133348002041164,1502,0,supertrend,4h,1.0,"{""mult"": 3.5, ""period"": 30}",3171.964847353757,78.35985851899103,-78.13066002341257,1.2325686093231079,1.104352342504097,41.02564102564102,117,0,327196484.7353757,SOLUSDT
10,9,1684.974305947052,44.03918009253863,-79.71010874988049,1.1605266073151244,0.9133348002041164,1502,0,supertrend,4h,1.0,"{""mult"": 3.5, ""period"": 30}",2606.377712932149,74.68085580198046,-79.73742541909132,1.1187602419288858,1.0894070100562798,36.607142857142854,112,0,270637771.29321486,AVAXUSDT
10,9,308.21615387043494,22.791588717342503,-70.25293140317424,1.1195096266609101,0.6382827237375231,4886,0,donchian,1h,1.0,"{""entry_n"": 48, ""exit_n"": 17}",237.35187456832963,14.444188784320055,-53.98913928704276,1.1328780587434404,0.5482049582285826,35.776614310645726,573,0,33735187.45683296,BTCUSDT
10,9,308.21615387043494,22.791588717342503,-70.25293140317424,1.1195096266609101,0.6382827237375231,4886,0,donchian,1h,1.0,"{""entry_n"": 48, ""exit_n"": 17}",1277.9158586129809,33.78365663184708,-58.56579834293867,1.213150605762192,0.8466368190747594,36.77758318739055,571,0,137791585.86129808,ETHUSDT
10,9,308.21615387043494,22.791588717342503,-70.25293140317424,1.1195096266609101,0.6382827237375231,4886,0,donchian,1h,1.0,"{""entry_n"": 48, ""exit_n"": 17}",8178.595106303665,65.26225177043676,-71.23358964986039,1.1318232652260807,1.173043362397519,36.952714535901926,571,0,827859510.6303664,BNBUSDT
10,9,308.21615387043494,22.791588717342503,-70.25293140317424,1.1195096266609101,0.6382827237375231,4886,0,donchian,1h,1.0,"{""entry_n"": 48, ""exit_n"": 17}",172.5976623467862,12.841955216276823,-89.59554019740817,1.1005934253984324,0.5051522359267834,31.35593220338983,472,0,27259766.23467862,XRPUSDT
10,9,308.21615387043494,22.791588717342503,-70.25293140317424,1.1195096266609101,0.6382827237375231,4886,0,donchian,1h,1.0,"{""entry_n"": 48, ""exit_n"": 17}",552.2566411689384,25.189125320876048,-62.3770838213609,1.1305651032570154,0.6732530658376532,35.785288270377734,503,0,65225664.116893835,ADAUSDT
10,9,308.21615387043494,22.791588717342503,-70.25293140317424,1.1195096266609101,0.6382827237375231,4886,0,donchian,1h,1.0,"{""entry_n"": 48, ""exit_n"": 17}",3710.259322763121,66.61303465972495,-80.82430212149315,1.1759808574287987,1.0071982127724384,35.1010101010101,396,0,381025932.2763121,DOGEUSDT
10,9,308.21615387043494,22.791588717342503,-70.25293140317424,1.1195096266609101,0.6382827237375231,4886,0,donchian,1h,1.0,"{""entry_n"": 48, ""exit_n"": 17}",309.553886475603,20.394052113808957,-71.22850294370511,1.0596309888573365,0.6033123816373931,39.01437371663244,487,0,40955388.6475603,LINKUSDT
10,9,308.21615387043494,22.791588717342503,-70.25293140317424,1.1195096266609101,0.6382827237375231,4886,0,donchian,1h,1.0,"{""entry_n"": 48, ""exit_n"": 17}",-88.48661927553688,-22.02347296572935,-91.02753399419954,0.7990605641129733,-0.1884918429657245,36.52802893309223,553,0,1151338.0724463114,LTCUSDT
10,9,308.21615387043494,22.791588717342503,-70.25293140317424,1.1195096266609101,0.6382827237375231,4886,0,donchian,1h,1.0,"{""entry_n"": 48, ""exit_n"": 17}",306.87842126526687,26.213089533263666,-66.54538901635377,1.108454150064805,0.681139485472724,36.103896103896105,385,0,40687842.12652669,SOLUSDT
10,9,308.21615387043494,22.791588717342503,-70.25293140317424,1.1195096266609101,0.6382827237375231,4886,0,donchian,1h,1.0,"{""entry_n"": 48, ""exit_n"": 17}",156.78333210256164,17.290960844620074,-69.2773598626434,1.0684621939178922,0.5713773821535961,38.93333333333333,375,0,25678333.210256167,AVAXUSDT
10,9,720.6797924454797,30.075340517795322,-78.86944919322335,1.1202213892777952,0.7433757748314533,4304,0,donchian,1h,1.0,"{""entry_n"": 48, ""exit_n"": 24}",485.9491100711463,21.674145410448343,-55.000429507390166,1.1776517332019973,0.6919625182220839,36.199999999999996,500,0,58594911.007114634,BTCUSDT
10,9,720.6797924454797,30.075340517795322,-78.86944919322335,1.1202213892777952,0.7433757748314533,4304,0,donchian,1h,1.0,"{""entry_n"": 48, ""exit_n"": 24}",981.441512527074,30.23519312514442,-66.11374236795866,1.2226717213734741,0.7745793576609624,36.86354378818738,491,0,108144151.25270739,ETHUSDT
10,9,720.6797924454797,30.075340517795322,-78.86944919322335,1.1202213892777952,0.7433757748314533,4304,0,donchian,1h,1.0,"{""entry_n"": 48, ""exit_n"": 24}",7586.7973795119,63.87380527519997,-79.49806481776476,1.1287890159599172,1.1246247759091699,36.65338645418327,502,0,768679737.95119,BNBUSDT
10,9,720.6797924454797,30.075340517795322,-78.86944919322335,1.1202213892777952,0.7433757748314533,4304,0,donchian,1h,1.0,"{""entry_n"": 48, ""exit_n"": 24}",122.94187316549059,10.141058880214505,-92.36631768348654,1.078568490363672,0.47402927553635643,32.01856148491879,431,0,22294187.31654906,XRPUSDT
10,9,720.6797924454797,30.075340517795322,-78.86944919322335,1.1202213892777952,0.7433757748314533,4304,0,donchian,1h,1.0,"{""entry_n"": 48, ""exit_n"": 24}",1006.669264050406,33.37437563552819,-78.24083356868195,1.188191978953405,0.7708693034288236,35.22727272727273,440,0,110666926.4050406,ADAUSDT
10,9,720.6797924454797,30.075340517795322,-78.86944919322335,1.1202213892777952,0.7433757748314533,4304,0,donchian,1h,1.0,"{""entry_n"": 48, ""exit_n"": 24}",1939.8402729539491,52.63508692583192,-86.76123853500913,1.1116537625956733,0.9000444230476897,32.31197771587744,359,0,203984027.29539493,DOGEUSDT
10,9,720.6797924454797,30.075340517795322,-78.86944919322335,1.1202213892777952,0.7433757748314533,4304,0,donchian,1h,1.0,"{""entry_n"": 48, ""exit_n"": 24}",630.1600919082304,29.915487910446224,-72.3830506971319,1.0691519638384317,0.7158822462340829,39.018691588785046,428,0,73016009.19082303,LINKUSDT
10,9,720.6797924454797,30.075340517795322,-78.86944919322335,1.1202213892777952,0.7433757748314533,4304,0,donchian,1h,1.0,"{""entry_n"": 48, ""exit_n"": 24}",-88.83821497620355,-22.301280605898988,-91.28555054498683,0.8273717163209207,-0.13520457605500139,35.4639175257732,485,0,1116178.502379646,LTCUSDT
10,9,720.6797924454797,30.075340517795322,-78.86944919322335,1.1202213892777952,0.7433757748314533,4304,0,donchian,1h,1.0,"{""entry_n"": 48, ""exit_n"": 24}",811.199492982729,44.27489266213915,-68.79840073125091,1.1363750574794593,0.8621653092945971,37.75811209439528,339,0,91119949.29827291,SOLUSDT
10,9,720.6797924454797,30.075340517795322,-78.86944919322335,1.1202213892777952,0.7433757748314533,4304,0,donchian,1h,1.0,"{""entry_n"": 48, ""exit_n"": 24}",63.16635028692912,8.632396643084906,-83.34301237989824,1.0377852157447824,0.4770898944503942,37.99392097264438,329,0,16316635.028692912,AVAXUSDT
10,9,1353.377281118803,40.433853925138486,-72.33457414141361,1.1303046078721777,0.8550812915498955,3854,0,donchian,1h,1.0,"{""entry_n"": 48, ""exit_n"": 31}",586.9880941756616,23.840913259200704,-57.115590438878314,1.1973387204591448,0.7185776077808071,35.044642857142854,448,0,68698809.41756615,BTCUSDT
10,9,1353.377281118803,40.433853925138486,-72.33457414141361,1.1303046078721777,0.8550812915498955,3854,0,donchian,1h,1.0,"{""entry_n"": 48, ""exit_n"": 31}",2354.5611063000583,42.634731741969766,-61.32568276807977,1.2368190303067024,0.9243752643748422,37.24137931034483,435,0,245456110.6300058,ETHUSDT
10,9,1353.377281118803,40.433853925138486,-72.33457414141361,1.1303046078721777,0.8550812915498955,3854,0,donchian,1h,1.0,"{""entry_n"": 48, ""exit_n"": 31}",14550.083041756296,76.34826684788476,-72.89965517834057,1.2349090545603458,1.2189554201272783,39.77272727272727,440,0,1465008304.1756296,BNBUSDT
10,9,1353.377281118803,40.433853925138486,-72.33457414141361,1.1303046078721777,0.8550812915498955,3854,0,donchian,1h,1.0,"{""entry_n"": 48, ""exit_n"": 31}",172.3669207619436,12.830443451945062,-84.94195901820831,1.1104576132133106,0.5167112579500988,31.185567010309278,388,0,27236692.07619436,XRPUSDT
10,9,1353.377281118803,40.433853925138486,-72.33457414141361,1.1303046078721777,0.8550812915498955,3854,0,donchian,1h,1.0,"{""entry_n"": 48, ""exit_n"": 31}",1391.8626113041448,38.232976108307206,-65.64194744219603,1.1839682476955067,0.8168053056283558,36.61616161616162,396,0,149186261.1304145,ADAUSDT
10,9,1353.377281118803,40.433853925138486,-72.33457414141361,1.1303046078721777,0.8550812915498955,3854,0,donchian,1h,1.0,"{""entry_n"": 48, ""exit_n"": 31}",2000.4270222766984,53.26288525537868,-83.07130099617535,1.109992119323637,0.9041967194006514,33.84146341463415,328,0,210042702.22766984,DOGEUSDT
10,9,1353.377281118803,40.433853925138486,-72.33457414141361,1.1303046078721777,0.8550812915498955,3854,0,donchian,1h,1.0,"{""entry_n"": 48, ""exit_n"": 31}",1885.607225801359,48.2025029121999,-64.35177943764113,1.1055922923632908,0.8933572774714352,39.050131926121374,379,0,198560722.5801359,LINKUSDT
10,9,1353.377281118803,40.433853925138486,-72.33457414141361,1.1303046078721777,0.8550812915498955,3854,0,donchian,1h,1.0,"{""entry_n"": 48, ""exit_n"": 31}",-91.25300030500266,-24.45079592193761,-93.17086948345978,0.793298676855915,-0.14618077760304227,35.38812785388128,438,0,874699.9694997346,LTCUSDT
10,9,1353.377281118803,40.433853925138486,-72.33457414141361,1.1303046078721777,0.8550812915498955,3854,0,donchian,1h,1.0,"{""entry_n"": 48, ""exit_n"": 31}",1314.8919509334612,55.20083788533685,-71.76949310448666,1.1501516025310445,0.9497598615488388,38.943894389438945,303,0,141489195.09334612,SOLUSDT
10,9,1353.377281118803,40.433853925138486,-72.33457414141361,1.1303046078721777,0.8550812915498955,3854,0,donchian,1h,1.0,"{""entry_n"": 48, ""exit_n"": 31}",173.75815200377747,18.567598621901936,-78.98156686074694,1.05294323932505,0.6048066482860837,37.79264214046823,299,0,27375815.200377747,AVAXUSDT
10,9,316.1090717878675,21.688326065126297,-73.34009442665597,1.1274773919099659,0.6317163243351036,3886,0,donchian,1h,1.0,"{""entry_n"": 64, ""exit_n"": 22}",220.20654774572174,13.78375930325928,-60.29683093075291,1.152965809690868,0.5335645932678482,36.00867678958785,461,0,32020654.774572175,BTCUSDT
10,9,316.1090717878675,21.688326065126297,-73.34009442665597,1.1274773919099659,0.6317163243351036,3886,0,donchian,1h,1.0,"{""entry_n"": 64, ""exit_n"": 22}",300.1668714496235,16.633144866026495,-67.16213079852074,1.147686573959684,0.5714022702748198,37.333333333333336,450,0,40016687.14496235,ETHUSDT
10,9,316.1090717878675,21.688326065126297,-73.34009442665597,1.1274773919099659,0.6317163243351036,3886,0,donchian,1h,1.0,"{""entry_n"": 64, ""exit_n"": 22}",2840.993783245157,46.90814449011085,-76.67227454672339,1.1097509268683117,0.9620533442514274,36.44251626898048,461,0,294099378.3245157,BNBUSDT
10,9,316.1090717878675,21.688326065126297,-73.34009442665597,1.1274773919099659,0.6317163243351036,3886,0,donchian,1h,1.0,"{""entry_n"": 64, ""exit_n"": 22}",615.0149376735754,26.743507264226096,-82.28059292560135,1.2200504421849763,0.6920303783953875,32.972972972972975,370,0,71501493.76735754,XRPUSDT
10,9,316.1090717878675,21.688326065126297,-73.34009442665597,1.1274773919099659,0.6317163243351036,3886,0,donchian,1h,1.0,"{""entry_n"": 64, ""exit_n"": 22}",1220.5655903295112,36.22789231051948,-68.22325032820483,1.2062356261427847,0.8238236206694641,38.18181818181819,385,0,132056559.03295112,ADAUSDT
10,9,316.1090717878675,21.688326065126297,-73.34009442665597,1.1274773919099659,0.6317163243351036,3886,0,donchian,1h,1.0,"{""entry_n"": 64, ""exit_n"": 22}",1657.6502902031987,49.48103956647489,-90.08525903735169,1.1389852798081845,0.877774094485679,31.761006289308174,318,0,175765029.02031988,DOGEUSDT
10,9,316.1090717878675,21.688326065126297,-73.34009442665597,1.1274773919099659,0.6317163243351036,3886,0,donchian,1h,1.0,"{""entry_n"": 64, ""exit_n"": 22}",154.9985240525412,13.114137233206137,-80.96585470463116,1.0474773774449175,0.5103576184664483,36.408977556109726,401,0,25499852.40525412,LINKUSDT
10,9,316.1090717878675,21.688326065126297,-73.34009442665597,1.1274773919099659,0.6317163243351036,3886,0,donchian,1h,1.0,"{""entry_n"": 64, ""exit_n"": 22}",-94.87071902680823,-28.951614869500464,-96.05899651398772,0.6953498995225452,-0.355795452006707,34.39635535307517,439,0,512928.09731917747,LTCUSDT
10,9,316.1090717878675,21.688326065126297,-73.34009442665597,1.1274773919099659,0.6317163243351036,3886,0,donchian,1h,1.0,"{""entry_n"": 64, ""exit_n"": 22}",332.05127212611154,27.47624664253938,-66.47229038475724,1.1159695040117472,0.6955118967163076,34.516129032258064,310,0,43205127.21261115,SOLUSDT
10,9,316.1090717878675,21.688326065126297,-73.34009442665597,1.1274773919099659,0.6317163243351036,3886,0,donchian,1h,1.0,"{""entry_n"": 64, ""exit_n"": 22}",131.3054114159184,15.2364465955102,-70.00791430658855,1.061265629907611,0.5443765669801128,33.67697594501718,291,0,23130541.14159184,AVAXUSDT
10,9,999.9717827295092,37.44938762508908,-72.07621393427686,1.163938128733729,0.8239972492071127,3336,0,donchian,1h,1.0,"{""entry_n"": 64, ""exit_n"": 32}",382.7774047783518,19.087315649953716,-69.75937212574254,1.2156606289844762,0.6360836639657698,36.15384615384615,390,0,48277740.47783518,BTCUSDT
10,9,999.9717827295092,37.44938762508908,-72.07621393427686,1.163938128733729,0.8239972492071127,3336,0,donchian,1h,1.0,"{""entry_n"": 64, ""exit_n"": 32}",1205.4470544890512,32.98408334669123,-61.52913585352764,1.1961354198808118,0.8089825730751846,37.89473684210527,380,0,130544705.44890511,ETHUSDT
10,9,999.9717827295092,37.44938762508908,-72.07621393427686,1.163938128733729,0.8239972492071127,3336,0,donchian,1h,1.0,"{""entry_n"": 64, ""exit_n"": 32}",7899.400331748719,64.61857324510999,-70.44599404897855,1.2315432278508271,1.1188479315830901,40.20618556701031,388,0,799940033.1748718,BNBUSDT
10,9,999.9717827295092,37.44938762508908,-72.07621393427686,1.163938128733729,0.8239972492071127,3336,0,donchian,1h,1.0,"{""entry_n"": 64, ""exit_n"": 32}",389.2139723291687,21.079069585484156,-74.37308537742753,1.1702195177050039,0.6184279674351542,31.1178247734139,331,0,48921397.23291687,XRPUSDT
10,9,999.9717827295092,37.44938762508908,-72.07621393427686,1.163938128733729,0.8239972492071127,3336,0,donchian,1h,1.0,"{""entry_n"": 64, ""exit_n"": 32}",1959.6486372872996,43.6783184615465,-68.58202024777414,1.1852663412029538,0.8888497755593826,37.014925373134325,335,0,205964863.72872996,ADAUSDT
10,9,999.9717827295092,37.44938762508908,-72.07621393427686,1.163938128733729,0.8239972492071127,3336,0,donchian,1h,1.0,"{""entry_n"": 64, ""exit_n"": 32}",3286.6910235467076,63.88219417311729,-73.70643381957518,1.134151529549257,0.9804740272759987,31.899641577060933,279,0,338669102.35467076,DOGEUSDT
10,9,999.9717827295092,37.44938762508908,-72.07621393427686,1.163938128733729,0.8239972492071127,3336,0,donchian,1h,1.0,"{""entry_n"": 64, ""exit_n"": 32}",1328.4540122611747,41.91469190348693,-74.73970407099688,1.1312290278456743,0.8390119253390408,36.63663663663664,333,0,142845401.22611746,LINKUSDT
10,9,999.9717827295092,37.44938762508908,-72.07621393427686,1.163938128733729,0.8239972492071127,3336,0,donchian,1h,1.0,"{""entry_n"": 64, ""exit_n"": 32}",-94.44930391863218,-28.303097953824352,-95.7154979650983,0.7148529931382283,-0.2736042694307307,33.76623376623377,385,0,555069.6081367821,LTCUSDT
10,9,999.9717827295092,37.44938762508908,-72.07621393427686,1.163938128733729,0.8239972492071127,3336,0,donchian,1h,1.0,"{""entry_n"": 64, ""exit_n"": 32}",794.4965109699672,43.83277510640931,-74.87195249365395,1.1576567397624538,0.8563605286127801,35.338345864661655,266,0,89449651.09699671,SOLUSDT
10,9,999.9717827295092,37.44938762508908,-72.07621393427686,1.163938128733729,0.8239972492071127,3336,0,donchian,1h,1.0,"{""entry_n"": 64, ""exit_n"": 32}",386.2209861560983,30.663705567464493,-69.4487596715488,1.0799702435776004,0.7286217843033238,36.144578313253014,249,0,48622098.61560983,AVAXUSDT
10,9,846.5748664925582,34.933297864503984,-73.52699020428972,1.1513660426780499,0.8015564393804309,3015,0,donchian,1h,1.0,"{""entry_n"": 64, ""exit_n"": 42}",830.9731554704608,28.08814588993198,-57.42740020955479,1.247318194143653,0.791594758682499,37.10144927536232,345,0,93097315.54704608,BTCUSDT
10,9,846.5748664925582,34.933297864503984,-73.52699020428972,1.1513660426780499,0.8015564393804309,3015,0,donchian,1h,1.0,"{""entry_n"": 64, ""exit_n"": 42}",1293.445074958911,33.95011784877573,-69.82309069991692,1.2190574175744024,0.8115181200783629,37.60932944606414,343,0,139344507.4958911,ETHUSDT
10,9,846.5748664925582,34.933297864503984,-73.52699020428972,1.1513660426780499,0.8015564393804309,3015,0,donchian,1h,1.0,"{""entry_n"": 64, ""exit_n"": 42}",14265.029032270008,75.95453881291422,-59.613768088834405,1.299064284562955,1.190900901796994,39.58333333333333,336,0,1436502903.2270007,BNBUSDT
10,9,846.5748664925582,34.933297864503984,-73.52699020428972,1.1513660426780499,0.8015564393804309,3015,0,donchian,1h,1.0,"{""entry_n"": 64, ""exit_n"": 42}",405.8991270998359,21.569278353262945,-74.69013693601154,1.1644559158182664,0.6261735858568804,29.605263157894733,304,0,50589912.70998359,XRPUSDT
10,9,846.5748664925582,34.933297864503984,-73.52699020428972,1.1513660426780499,0.8015564393804309,3015,0,donchian,1h,1.0,"{""entry_n"": 64, ""exit_n"": 42}",1135.4788378805442,35.14528186680585,-66.80693134853675,1.144784357485647,0.784447362532023,35.83061889250814,307,0,123547883.7880544,ADAUSDT
10,9,846.5748664925582,34.933297864503984,-73.52699020428972,1.1513660426780499,0.8015564393804309,3015,0,donchian,1h,1.0,"{""entry_n"": 64, ""exit_n"": 42}",7203.7818634009855,82.53204623646894,-74.32351253614837,1.1579477278704526,1.0956506742246028,33.2,250,0,730378186.3400985,DOGEUSDT
10,9,846.5748664925582,34.933297864503984,-73.52699020428972,1.1513660426780499,0.8015564393804309,3015,0,donchian,1h,1.0,"{""entry_n"": 64, ""exit_n"": 42}",862.1765775146555,34.721313862202116,-72.73046787243108,1.093708430400921,0.7655674681828677,36.96369636963696,303,0,96217657.75146554,LINKUSDT
10,9,846.5748664925582,34.933297864503984,-73.52699020428972,1.1513660426780499,0.8015564393804309,3015,0,donchian,1h,1.0,"{""entry_n"": 64, ""exit_n"": 42}",-97.3597862611163,-34.17917218044367,-97.96205719589044,0.6512473799942702,-0.374446534220625,33.05084745762712,354,0,264021.3738883705,LTCUSDT
10,9,846.5748664925582,34.933297864503984,-73.52699020428972,1.1513660426780499,0.8015564393804309,3015,0,donchian,1h,1.0,"{""entry_n"": 64, ""exit_n"": 42}",774.6658471139481,43.29883839331641,-77.61255178185168,1.1378454827456055,0.8476479552368807,36.17886178861789,246,0,87466584.71139482,SOLUSDT
10,9,846.5748664925582,34.933297864503984,-73.52699020428972,1.1513660426780499,0.8015564393804309,3015,0,donchian,1h,1.0,"{""entry_n"": 64, ""exit_n"": 42}",635.1581155318929,40.126203477569945,-80.12172050545216,1.1186197886673424,0.8204910598766904,37.00440528634361,227,0,73515811.5531893,AVAXUSDT
10,9,603.0380672781371,30.480230447322363,-70.33435785550103,1.20578665208555,0.7428446602651768,3100,0,donchian,1h,1.0,"{""entry_n"": 80, ""exit_n"": 28}",606.8036385525213,24.23226367543634,-62.370711381951494,1.3017057779600778,0.7668016507132349,36.41456582633053,357,0,70680363.85525213,BTCUSDT
10,9,603.0380672781371,30.480230447322363,-70.33435785550103,1.20578665208555,0.7428446602651768,3100,0,donchian,1h,1.0,"{""entry_n"": 80, ""exit_n"": 28}",496.24294165165344,21.909486050675,-67.03686055384101,1.204914227628528,0.6557629669829497,39.50276243093923,362,0,59624294.16516534,ETHUSDT
10,9,603.0380672781371,30.480230447322363,-70.33435785550103,1.20578665208555,0.7428446602651768,3100,0,donchian,1h,1.0,"{""entry_n"": 80, ""exit_n"": 28}",5019.806960414142,56.47070154725282,-68.94189945906783,1.218838147747224,1.0645804024457253,40.21739130434783,368,0,511980696.0414142,BNBUSDT
10,9,603.0380672781371,30.480230447322363,-70.33435785550103,1.20578665208555,0.7428446602651768,3100,0,donchian,1h,1.0,"{""entry_n"": 80, ""exit_n"": 28}",482.7006255329385,23.65706458519692,-80.47086354418487,1.2135674820042128,0.651866777169185,31.788079470198678,302,0,58270062.553293854,XRPUSDT
10,9,603.0380672781371,30.480230447322363,-70.33435785550103,1.20578665208555,0.7428446602651768,3100,0,donchian,1h,1.0,"{""entry_n"": 80, ""exit_n"": 28}",797.0690648219236,30.061178124842524,-63.127809499285206,1.2058522833415026,0.7386169241446059,34.57943925233645,321,0,89706906.48219237,ADAUSDT
10,9,603.0380672781371,30.480230447322363,-70.33435785550103,1.20578665208555,0.7428446602651768,3100,0,donchian,1h,1.0,"{""entry_n"": 80, ""exit_n"": 28}",6794.42849486122,81.0615534598281,-77.77925621216791,1.2057210208295974,1.100033580791855,34.42622950819672,244,0,689442849.4861221,DOGEUSDT
10,9,603.0380672781371,30.480230447322363,-70.33435785550103,1.20578665208555,0.7428446602651768,3100,0,donchian,1h,1.0,"{""entry_n"": 80, ""exit_n"": 28}",673.226250401457,30.899282769802205,-72.34999137348953,1.1005829454911107,0.7385290805233928,37.38019169329074,313,0,77322625.04014571,LINKUSDT
10,9,603.0380672781371,30.480230447322363,-70.33435785550103,1.20578665208555,0.7428446602651768,3100,0,donchian,1h,1.0,"{""entry_n"": 80, ""exit_n"": 28}",-93.26049486921342,-26.68390286859025,-94.82180575537863,0.6516652287111637,-0.28637364542955535,35.754189944134076,358,0,673950.5130786584,LTCUSDT
10,9,603.0380672781371,30.480230447322363,-70.33435785550103,1.20578665208555,0.7428446602651768,3100,0,donchian,1h,1.0,"{""entry_n"": 80, ""exit_n"": 28}",599.2724960037527,38.07619888965019,-67.05728416088962,1.2126819795342743,0.8067934962955565,37.1900826446281,242,0,69927249.60037528,SOLUSDT
10,9,603.0380672781371,30.480230447322363,-70.33435785550103,1.20578665208555,0.7428446602651768,3100,0,donchian,1h,1.0,"{""entry_n"": 80, ""exit_n"": 28}",420.46895100490127,32.17649986762625,-71.72681625193424,1.0986575554612226,0.7470723963857477,34.33476394849785,233,0,52046895.10049013,AVAXUSDT
10,9,1196.5370076339755,34.54219481088175,-69.80494820638808,1.2383011711280028,0.8295952778220864,2721,0,donchian,1h,1.0,"{""entry_n"": 80, ""exit_n"": 40}",1232.4398099164132,33.2864111139072,-55.82887013001159,1.3619202154817234,0.9116184872482447,39.67213114754099,305,0,133243980.99164131,BTCUSDT
10,9,1196.5370076339755,34.54219481088175,-69.80494820638808,1.2383011711280028,0.8295952778220864,2721,0,donchian,1h,1.0,"{""entry_n"": 80, ""exit_n"": 40}",1453.3984902111795,35.574941952187885,-63.972447918049255,1.2638036033302187,0.8416651383649033,38.58520900321543,311,0,155339849.02111796,ETHUSDT
10,9,1196.5370076339755,34.54219481088175,-69.80494820638808,1.2383011711280028,0.8295952778220864,2721,0,donchian,1h,1.0,"{""entry_n"": 80, ""exit_n"": 40}",8244.929110824047,65.41235145369855,-59.81240002713366,1.2952053132018984,1.1094403858750557,40.0,315,0,834492911.0824047,BNBUSDT
10,9,1196.5370076339755,34.54219481088175,-69.80494820638808,1.2383011711280028,0.8295952778220864,2721,0,donchian,1h,1.0,"{""entry_n"": 80, ""exit_n"": 40}",1001.0021503409268,33.50944766957562,-70.46404841801407,1.281588151241817,0.7693432578824336,30.855018587360593,269,0,110100215.03409268,XRPUSDT
10,9,1196.5370076339755,34.54219481088175,-69.80494820638808,1.2383011711280028,0.8295952778220864,2721,0,donchian,1h,1.0,"{""entry_n"": 80, ""exit_n"": 40}",1340.7679127506897,37.65707037758386,-69.14584799476206,1.2277947214991003,0.8175254172792695,35.35714285714286,280,0,144076791.27506897,ADAUSDT
10,9,1196.5370076339755,34.54219481088175,-69.80494820638808,1.2383011711280028,0.8295952778220864,2721,0,donchian,1h,1.0,"{""entry_n"": 80, ""exit_n"": 40}",15739.65516844425,103.46356526411809,-72.44617949510076,1.248807620756905,1.2208301188263675,35.18518518518518,216,0,1583965516.844425,DOGEUSDT
10,9,1196.5370076339755,34.54219481088175,-69.80494820638808,1.2383011711280028,0.8295952778220864,2721,0,donchian,1h,1.0,"{""entry_n"": 80, ""exit_n"": 40}",420.37305972457307,24.249930541193578,-83.08654459675124,1.0621512814963874,0.6598267559008285,37.5886524822695,282,0,52037305.972457305,LINKUSDT
10,9,1196.5370076339755,34.54219481088175,-69.80494820638808,1.2383011711280028,0.8295952778220864,2721,0,donchian,1h,1.0,"{""entry_n"": 80, ""exit_n"": 40}",-91.33050625137412,-24.52813729096387,-95.71598250522352,0.7855371127930515,-0.18886529021843787,33.22884012539185,319,0,866949.3748625884,LTCUSDT
10,9,1196.5370076339755,34.54219481088175,-69.80494820638808,1.2383011711280028,0.8295952778220864,2721,0,donchian,1h,1.0,"{""entry_n"": 80, ""exit_n"": 40}",1160.6342053515375,52.2570025834241,-67.7679976052964,1.2003737067263927,0.929037156654995,37.5,216,0,126063420.53515375,SOLUSDT
10,9,1196.5370076339755,34.54219481088175,-69.80494820638808,1.2383011711280028,0.8295952778220864,2721,0,donchian,1h,1.0,"{""entry_n"": 80, ""exit_n"": 40}",413.1711503180947,31.8612304448604,-82.76133864152236,1.081648844392238,0.7411152430935036,34.13461538461539,208,0,51317115.031809464,AVAXUSDT
10,9,1133.9535470465937,36.61264765293236,-72.2827511363201,1.1988298891992168,0.8513237769680051,2462,0,donchian,1h,1.0,"{""entry_n"": 80, ""exit_n"": 52}",1016.1684579324625,30.692724825050743,-65.44254374475034,1.3133956486677032,0.8394693749325653,40.35714285714286,280,0,111616845.79324625,BTCUSDT
10,9,1133.9535470465937,36.61264765293236,-72.2827511363201,1.1988298891992168,0.8513237769680051,2462,0,donchian,1h,1.0,"{""entry_n"": 80, ""exit_n"": 52}",893.011715010892,29.008285648504373,-68.73403356042441,1.2097443240497479,0.7424247062103467,36.36363636363637,286,0,99301171.5010892,ETHUSDT
10,9,1133.9535470465937,36.61264765293236,-72.2827511363201,1.1988298891992168,0.8513237769680051,2462,0,donchian,1h,1.0,"{""entry_n"": 80, ""exit_n"": 52}",16339.331544525628,78.67503160854194,-63.540894968905434,1.3385383014394838,1.2120739749351745,41.45454545454545,275,0,1643933154.452563,BNBUSDT
10,9,1133.9535470465937,36.61264765293236,-72.2827511363201,1.1988298891992168,0.8513237769680051,2462,0,donchian,1h,1.0,"{""entry_n"": 80, ""exit_n"": 52}",677.8003974399825,28.035245684369748,-75.76589407542664,1.1972338134918086,0.7035123550232284,29.918032786885245,244,0,77780039.74399824,XRPUSDT
10,9,1133.9535470465937,36.61264765293236,-72.2827511363201,1.1988298891992168,0.8513237769680051,2462,0,donchian,1h,1.0,"{""entry_n"": 80, ""exit_n"": 52}",1826.4979623560143,42.53257048081398,-66.56831201473203,1.1702597409256246,0.8631781790034447,34.25196850393701,254,0,192649796.23560145,ADAUSDT
10,9,1133.9535470465937,36.61264765293236,-72.2827511363201,1.1988298891992168,0.8513237769680051,2462,0,donchian,1h,1.0,"{""entry_n"": 80, ""exit_n"": 52}",22506.854393004465,113.87131876576237,-70.25296605024518,1.2103025932962155,1.25811327810907,33.83838383838384,198,0,2260685439.3004465,DOGEUSDT
10,9,1133.9535470465937,36.61264765293236,-72.2827511363201,1.1988298891992168,0.8513237769680051,2462,0,donchian,1h,1.0,"{""entry_n"": 80, ""exit_n"": 52}",488.9071227025865,26.29014764081372,-84.23379252718647,1.067034417022496,0.6849977878709661,35.039370078740156,254,0,58890712.27025865,LINKUSDT
10,9,1133.9535470465937,36.61264765293236,-72.2827511363201,1.1988298891992168,0.8513237769680051,2462,0,donchian,1h,1.0,"{""entry_n"": 80, ""exit_n"": 52}",-94.39186054721267,-28.218099747240398,-96.42664727082814,0.754350483204709,-0.2253326157505379,31.724137931034484,290,0,560813.9452787333,LTCUSDT
10,9,1133.9535470465937,36.61264765293236,-72.2827511363201,1.1988298891992168,0.8513237769680051,2462,0,donchian,1h,1.0,"{""entry_n"": 80, ""exit_n"": 52}",1251.738636160725,54.02966181194735,-74.31253622239502,1.200425964906625,0.9380160983695104,39.08629441624365,197,0,135173863.6160725,SOLUSDT
10,9,1133.9535470465937,36.61264765293236,-72.2827511363201,1.1988298891992168,0.8513237769680051,2462,0,donchian,1h,1.0,"{""entry_n"": 80, ""exit_n"": 52}",1953.3650487013454,66.70928815522848,-76.12340133024902,1.158281820385103,1.0428415800422735,33.69565217391305,184,0,205336504.87013453,AVAXUSDT
10,9,949.2413415062395,32.86887087960467,-71.94278884618956,1.2174433258433335,0.7747781128065758,2602,0,donchian,1h,1.0,"{""entry_n"": 96, ""exit_n"": 34}",946.267322662068,29.758254653779904,-64.7543724748431,1.3990419768397029,0.8874994163849206,41.01694915254237,295,0,104626732.2662068,BTCUSDT
10,9,949.2413415062395,32.86887087960467,-71.94278884618956,1.2174433258433335,0.7747781128065758,2602,0,donchian,1h,1.0,"{""entry_n"": 96, ""exit_n"": 34}",1076.1169591110752,31.45357677643126,-63.18401025801934,1.2491821794185596,0.8018940256825965,36.486486486486484,296,0,117611695.91110753,ETHUSDT
10,9,949.2413415062395,32.86887087960467,-71.94278884618956,1.2174433258433335,0.7747781128065758,2602,0,donchian,1h,1.0,"{""entry_n"": 96, ""exit_n"": 34}",4905.876651188485,56.07066095765661,-60.04432776627129,1.2427382748514169,1.0535417101308269,42.58064516129032,310,0,500587665.1188485,BNBUSDT
10,9,949.2413415062395,32.86887087960467,-71.94278884618956,1.2174433258433335,0.7747781128065758,2602,0,donchian,1h,1.0,"{""entry_n"": 96, ""exit_n"": 34}",952.2153603504108,32.78241935412225,-72.87492792065787,1.3036374990947317,0.768258934539745,33.46938775510204,245,0,105221536.03504108,XRPUSDT
10,9,949.2413415062395,32.86887087960467,-71.94278884618956,1.2174433258433335,0.7747781128065758,2602,0,donchian,1h,1.0,"{""entry_n"": 96, ""exit_n"": 34}",977.9777999231133,32.955322405087095,-68.12910486161388,1.2893092694144532,0.7736013088371085,37.3134328358209,268,0,107797779.99231133,ADAUSDT
10,9,949.2413415062395,32.86887087960467,-71.94278884618956,1.2174433258433335,0.7747781128065758,2602,0,donchian,1h,1.0,"{""entry_n"": 96, ""exit_n"": 34}",5126.909021233975,74.16553818305695,-72.44617949510076,1.159294649570841,1.0536179444475213,33.80281690140845,213,0,522690902.1233975,DOGEUSDT
10,9,949.2413415062395,32.86887087960467,-71.94278884618956,1.2174433258433335,0.7747781128065758,2602,0,donchian,1h,1.0,"{""entry_n"": 96, ""exit_n"": 34}",789.2055374485374,33.32981355222229,-71.43939819727834,1.11982838306538,0.7669397138875013,39.61538461538461,260,0,88920553.74485373,LINKUSDT
10,9,949.2413415062395,32.86887087960467,-71.94278884618956,1.2174433258433335,0.7747781128065758,2602,0,donchian,1h,1.0,"{""entry_n"": 96, ""exit_n"": 34}",-88.0547436163303,-21.692329163540624,-92.45486167057261,0.7671207576593512,-0.17282462331835635,32.88135593220339,295,0,1194525.6383669698,LTCUSDT
10,9,949.2413415062395,32.86887087960467,-71.94278884618956,1.2174433258433335,0.7747781128065758,2602,0,donchian,1h,1.0,"{""entry_n"": 96, ""exit_n"": 34}",512.6532502640398,35.08012332736492,-73.50069598947407,1.1921483768352503,0.775954916776043,39.719626168224295,214,0,61265325.02640398,SOLUSDT
10,9,949.2413415062395,32.86887087960467,-71.94278884618956,1.2174433258433335,0.7747781128065758,2602,0,donchian,1h,1.0,"{""entry_n"": 96, ""exit_n"": 34}",104.34473007012363,12.846373196293403,-85.48418609587513,1.0320126765765945,0.5200075391931616,33.980582524271846,206,0,20434473.007012364,AVAXUSDT
10,9,884.7159042397559,36.83517967883674,-75.30902940367449,1.175636696163118,0.8300230126494931,2312,0,donchian,1h,1.0,"{""entry_n"": 96, ""exit_n"": 48}",890.6860011827208,28.974725718105088,-61.89569945829887,1.323199982053131,0.8314436129963073,40.823970037453186,267,0,99068600.11827208,BTCUSDT
10,9,884.7159042397559,36.83517967883674,-75.30902940367449,1.175636696163118,0.8300230126494931,2312,0,donchian,1h,1.0,"{""entry_n"": 96, ""exit_n"": 48}",691.2670109939327,25.798051464554604,-70.66075448381493,1.1877179557539796,0.7066441661828965,35.05535055350554,271,0,79126701.09939326,ETHUSDT
10,9,884.7159042397559,36.83517967883674,-75.30902940367449,1.175636696163118,0.8300230126494931,2312,0,donchian,1h,1.0,"{""entry_n"": 96, ""exit_n"": 48}",6350.790554835105,60.638346610313285,-67.0636795298786,1.2507709358985115,1.0700269705374421,41.63568773234201,269,0,645079055.4835105,BNBUSDT
10,9,884.7159042397559,36.83517967883674,-75.30902940367449,1.175636696163118,0.8300230126494931,2312,0,donchian,1h,1.0,"{""entry_n"": 96, ""exit_n"": 48}",409.0295199688828,21.659661147790676,-78.4519850323769,1.167867128566428,0.626475358007134,30.80357142857143,224,0,50902951.99688829,XRPUSDT
10,9,884.7159042397559,36.83517967883674,-75.30902940367449,1.175636696163118,0.8300230126494931,2312,0,donchian,1h,1.0,"{""entry_n"": 96, ""exit_n"": 48}",1429.4727419811227,38.64590132498693,-68.0843072811106,1.2075946892864382,0.8286024123026788,35.74468085106383,235,0,152947274.19811225,ADAUSDT
10,9,884.7159042397559,36.83517967883674,-75.30902940367449,1.175636696163118,0.8300230126494931,2312,0,donchian,1h,1.0,"{""entry_n"": 96, ""exit_n"": 48}",10903.3800394897,93.329595156239,-72.34424984669789,1.183406263759808,1.1557631965879023,33.33333333333333,186,0,1100338003.94897,DOGEUSDT
10,9,884.7159042397559,36.83517967883674,-75.30902940367449,1.175636696163118,0.8300230126494931,2312,0,donchian,1h,1.0,"{""entry_n"": 96, ""exit_n"": 48}",878.7458072967909,35.024458032686546,-78.2738089606511,1.1241767289948055,0.7791670466381705,35.21739130434783,230,0,97874580.72967908,LINKUSDT
10,9,884.7159042397559,36.83517967883674,-75.30902940367449,1.175636696163118,0.8300230126494931,2312,0,donchian,1h,1.0,"{""entry_n"": 96, ""exit_n"": 48}",-89.02432754923566,-22.45148378875549,-93.7490836037164,0.7822851760477252,-0.1448131703287937,33.46153846153846,260,0,1097567.2450764338,LTCUSDT
10,9,884.7159042397559,36.83517967883674,-75.30902940367449,1.175636696163118,0.8300230126494931,2312,0,donchian,1h,1.0,"{""entry_n"": 96, ""exit_n"": 48}",716.6856667102818,41.677619294671246,-78.63270089060921,1.1567491360405606,0.8351268979503211,37.5,192,0,81668566.67102818,SOLUSDT
10,9,884.7159042397559,36.83517967883674,-75.30902940367449,1.175636696163118,0.8300230126494931,2312,0,donchian,1h,1.0,"{""entry_n"": 96, ""exit_n"": 48}",1015.5180779195414,50.36462261256085,-80.63243731445262,1.1160010805913638,0.9153480136071598,33.70786516853933,178,0,111551807.79195414,AVAXUSDT
10,9,926.768792630299,34.542061225487444,-74.89735366090721,1.1622035848825003,0.7724253055848718,2082,0,donchian,1h,1.0,"{""entry_n"": 96, ""exit_n"": 62}",2120.99900055666,41.06101088086247,-62.18271557402013,1.452399371944369,1.0217065500988602,41.201716738197426,233,0,222099900.05566603,BTCUSDT
10,9,926.768792630299,34.542061225487444,-74.89735366090721,1.1622035848825003,0.7724253055848718,2082,0,donchian,1h,1.0,"{""entry_n"": 96, ""exit_n"": 62}",761.5680228876815,26.99176323387016,-69.81254641043574,1.1817268486885018,0.715894568351188,35.9504132231405,242,0,86156802.28876816,ETHUSDT
10,9,926.768792630299,34.542061225487444,-74.89735366090721,1.1622035848825003,0.7724253055848718,2082,0,donchian,1h,1.0,"{""entry_n"": 96, ""exit_n"": 62}",3168.7746271233996,48.68464012328657,-75.97273085735529,1.2251305662510796,0.9345891351148263,41.9753086419753,243,0,326877462.71234,BNBUSDT
10,9,926.768792630299,34.542061225487444,-74.89735366090721,1.1622035848825003,0.7724253055848718,2082,0,donchian,1h,1.0,"{""entry_n"": 96, ""exit_n"": 62}",632.7428795412998,27.118037201602775,-71.1007123118392,1.2018026405370146,0.6921770995714844,32.17821782178218,202,0,73274287.95412998,XRPUSDT
10,9,926.768792630299,34.542061225487444,-74.89735366090721,1.1622035848825003,0.7724253055848718,2082,0,donchian,1h,1.0,"{""entry_n"": 96, ""exit_n"": 62}",1033.4033895916189,33.7563212770442,-67.8396621426132,1.144655024105671,0.7691138457819641,37.850467289719624,214,0,113340338.95916189,ADAUSDT
10,9,926.768792630299,34.542061225487444,-74.89735366090721,1.1622035848825003,0.7724253055848718,2082,0,donchian,1h,1.0,"{""entry_n"": 96, ""exit_n"": 62}",9889.624611184276,90.72674779341571,-73.82197646445915,1.1797521456593296,1.1366663366220355,33.72093023255814,172,0,998962461.1184276,DOGEUSDT
10,9,926.768792630299,34.542061225487444,-74.89735366090721,1.1622035848825003,0.7724253055848718,2082,0,donchian,1h,1.0,"{""entry_n"": 96, ""exit_n"": 62}",820.1341956689791,33.9312757284066,-80.89487194624564,1.1001880589682562,0.7651391460008354,36.231884057971016,207,0,92013419.56689791,LINKUSDT
10,9,926.768792630299,34.542061225487444,-74.89735366090721,1.1622035848825003,0.7724253055848718,2082,0,donchian,1h,1.0,"{""entry_n"": 96, ""exit_n"": 62}",-86.20083232657682,-20.381337466801575,-94.29654360198693,0.8211149527078325,-0.061831929977315375,31.779661016949152,236,0,1379916.7673423188,LTCUSDT
10,9,926.768792630299,34.542061225487444,-74.89735366090721,1.1622035848825003,0.7724253055848718,2082,0,donchian,1h,1.0,"{""entry_n"": 96, ""exit_n"": 62}",514.6442158738085,35.152846722568285,-84.41370093759815,1.095676303503121,0.7757367653877794,33.33333333333333,174,0,61464421.58738086,SOLUSDT
10,9,926.768792630299,34.542061225487444,-74.89735366090721,1.1622035848825003,0.7724253055848718,2082,0,donchian,1h,1.0,"{""entry_n"": 96, ""exit_n"": 62}",1232.8399844086966,54.95964668178128,-77.86758405865245,1.0939481013998802,0.9466048574232919,32.70440251572327,159,0,133283998.44086966,AVAXUSDT
10,9,1185.875276269614,35.84742289278037,-67.35765586002775,1.2684929400959615,0.8840146253240924,2112,0,donchian,1h,1.0,"{""entry_n"": 120, ""exit_n"": 42}",1300.2683156114008,34.02273671435536,-45.05799150313477,1.3756442407308036,0.967692824807508,39.91769547325103,243,0,140026831.5611401,BTCUSDT
10,9,1185.875276269614,35.84742289278037,-67.35765586002775,1.2684929400959615,0.8840146253240924,2112,0,donchian,1h,1.0,"{""entry_n"": 120, ""exit_n"": 42}",3921.645883531935,50.66677151926555,-58.182204525124284,1.4133618199105205,1.092507343197918,37.9746835443038,237,0,402164588.3531935,ETHUSDT
10,9,1185.875276269614,35.84742289278037,-67.35765586002775,1.2684929400959615,0.8840146253240924,2112,0,donchian,1h,1.0,"{""entry_n"": 120, ""exit_n"": 42}",7270.220317747094,63.09169294377504,-64.98333344622911,1.3012538863417862,1.1250943596226974,42.74193548387097,248,0,737022031.7747093,BNBUSDT
10,9,1185.875276269614,35.84742289278037,-67.35765586002775,1.2684929400959615,0.8840146253240924,2112,0,donchian,1h,1.0,"{""entry_n"": 120, ""exit_n"": 42}",732.1066078134385,29.080557160610464,-67.26551079157976,1.2650522889603284,0.7217136001190566,32.323232323232325,198,0,83210660.78134385,XRPUSDT
10,9,1185.875276269614,35.84742289278037,-67.35765586002775,1.2684929400959615,0.8840146253240924,2112,0,donchian,1h,1.0,"{""entry_n"": 120, ""exit_n"": 42}",1071.482236927827,34.28687786859834,-67.44980092847574,1.2644612698884754,0.7875600670481752,37.94642857142857,224,0,117148223.6927827,ADAUSDT
10,9,1185.875276269614,35.84742289278037,-67.35765586002775,1.2684929400959615,0.8840146253240924,2112,0,donchian,1h,1.0,"{""entry_n"": 120, ""exit_n"": 42}",24516.131186599687,116.4404754803246,-74.32351253614836,1.2719335912315946,1.3014120960786697,37.65432098765432,162,0,2461613118.6599684,DOGEUSDT
10,9,1185.875276269614,35.84742289278037,-67.35765586002775,1.2684929400959615,0.8840146253240924,2112,0,donchian,1h,1.0,"{""entry_n"": 120, ""exit_n"": 42}",343.91245361933994,21.677603781597465,-76.25531358109033,1.0939557850382253,0.6272025064555505,38.63636363636363,220,0,44391245.36193399,LINKUSDT
10,9,1185.875276269614,35.84742289278037,-67.35765586002775,1.2684929400959615,0.8840146253240924,2112,0,donchian,1h,1.0,"{""entry_n"": 120, ""exit_n"": 42}",-92.05693313265054,-25.28437726158571,-93.84967502934406,0.6973970481166084,-0.25696159803090635,33.60655737704918,244,0,794306.6867349453,LTCUSDT
10,9,1185.875276269614,35.84742289278037,-67.35765586002775,1.2684929400959615,0.8840146253240924,2112,0,donchian,1h,1.0,"{""entry_n"": 120, ""exit_n"": 42}",3048.8665323258397,77.22686721232294,-52.57104101393052,1.3768836290407083,1.1461759754689187,43.19526627218935,169,0,314886653.23258394,SOLUSDT
10,9,1185.875276269614,35.84742289278037,-67.35765586002775,1.2684929400959615,0.8840146253240924,2112,0,donchian,1h,1.0,"{""entry_n"": 120, ""exit_n"": 42}",554.7501192156741,37.40796791696241,-81.11245578400089,1.107038680542249,0.8003364258406769,36.52694610778443,167,0,65475011.92156741,AVAXUSDT
10,9,2114.8582193340717,47.03683155657404,-72.83004849571614,1.2031318900953778,1.047779548871533,1847,0,donchian,1h,1.0,"{""entry_n"": 120, ""exit_n"": 60}",2308.060355710043,42.33235648755904,-46.16713957872457,1.487041848540342,1.0761367089350589,38.57142857142858,210,0,240806035.5710043,BTCUSDT
10,9,2114.8582193340717,47.03683155657404,-72.83004849571614,1.2031318900953778,1.047779548871533,1847,0,donchian,1h,1.0,"{""entry_n"": 120, ""exit_n"": 60}",4187.654758671613,51.74130662558905,-63.09571315701417,1.3466876999883197,1.0621506361027933,39.130434782608695,207,0,428765475.86716133,ETHUSDT
10,9,2114.8582193340717,47.03683155657404,-72.83004849571614,1.2031318900953778,1.047779548871533,1847,0,donchian,1h,1.0,"{""entry_n"": 120, ""exit_n"": 60}",5550.655660749908,58.23655306111941,-76.25964467223557,1.2721229267239773,1.0484788105863037,43.66197183098591,213,0,565065566.0749907,BNBUSDT
10,9,2114.8582193340717,47.03683155657404,-72.83004849571614,1.2031318900953778,1.047779548871533,1847,0,donchian,1h,1.0,"{""entry_n"": 120, ""exit_n"": 60}",479.58012138535383,23.577094225390294,-75.77757995661226,1.1611322825865265,0.6506394410241277,31.491712707182316,181,0,57958012.13853538,XRPUSDT
10,9,2114.8582193340717,47.03683155657404,-72.83004849571614,1.2031318900953778,1.047779548871533,1847,0,donchian,1h,1.0,"{""entry_n"": 120, ""exit_n"": 60}",1208.659021136439,36.080159854095186,-69.60272591522445,1.1796484366959314,0.7998665078575918,40.20618556701031,194,0,130865902.1136439,ADAUSDT
10,9,2114.8582193340717,47.03683155657404,-72.83004849571614,1.2031318900953778,1.047779548871533,1847,0,donchian,1h,1.0,"{""entry_n"": 120, ""exit_n"": 60}",16771.93509560997,105.27300700546145,-70.25296605024518,1.2266153434948242,1.2205300394631518,36.0,150,0,1687193509.560997,DOGEUSDT
10,9,2114.8582193340717,47.03683155657404,-72.83004849571614,1.2031318900953778,1.047779548871533,1847,0,donchian,1h,1.0,"{""entry_n"": 120, ""exit_n"": 60}",427.416311855582,24.470023606539048,-79.75207611206999,1.0887677443635095,0.6626380314995803,35.978835978835974,189,0,52741631.1855582,LINKUSDT
10,9,2114.8582193340717,47.03683155657404,-72.83004849571614,1.2031318900953778,1.047779548871533,1847,0,donchian,1h,1.0,"{""entry_n"": 120, ""exit_n"": 60}",-87.46240074733262,-21.254970909102166,-92.8022449881682,0.7878258023886319,-0.11710151009743447,32.242990654205606,214,0,1253759.9252667378,LTCUSDT
10,9,2114.8582193340717,47.03683155657404,-72.83004849571614,1.2031318900953778,1.047779548871533,1847,0,donchian,1h,1.0,"{""entry_n"": 120, ""exit_n"": 60}",2950.681561977234,76.29798261408254,-68.73764155722515,1.2435548844012458,1.1178605993479782,39.189189189189186,148,0,305068156.19772345,SOLUSDT
10,9,2114.8582193340717,47.03683155657404,-72.83004849571614,1.2031318900953778,1.047779548871533,1847,0,donchian,1h,1.0,"{""entry_n"": 120, ""exit_n"": 60}",1921.6560829581003,66.27109501159597,-75.40713094118712,1.1297361825453205,1.0470802871567622,36.17021276595745,141,0,202165608.29581,AVAXUSDT
10,9,1791.2413087039333,43.17815001469234,-73.94115648863209,1.170268642558555,0.9408442973675435,1652,0,donchian,1h,1.0,"{""entry_n"": 120, ""exit_n"": 78}",2813.5230179230493,45.37352809589375,-50.34211116696805,1.5094327720398368,1.079096272697018,37.362637362637365,182,0,291352301.79230493,BTCUSDT
10,9,1791.2413087039333,43.17815001469234,-73.94115648863209,1.170268642558555,0.9408442973675435,1652,0,donchian,1h,1.0,"{""entry_n"": 120, ""exit_n"": 78}",2109.9212764428166,40.98277193349094,-70.40261324056448,1.2317064956333603,0.9055957451467648,38.860103626943,193,0,220992127.64428166,ETHUSDT
10,9,1791.2413087039333,43.17815001469234,-73.94115648863209,1.170268642558555,0.9408442973675435,1652,0,donchian,1h,1.0,"{""entry_n"": 120, ""exit_n"": 78}",7343.768348785786,63.276013294356325,-62.417938859751345,1.2261811481803142,1.0732646312585472,41.53846153846154,195,0,744376834.8785785,BNBUSDT
10,9,1791.2413087039333,43.17815001469234,-73.94115648863209,1.170268642558555,0.9408442973675435,1652,0,donchian,1h,1.0,"{""entry_n"": 120, ""exit_n"": 78}",473.3592698021834,23.41653358485707,-80.84180723076881,1.1460893763820312,0.6491890216560265,30.061349693251532,163,0,57335926.980218336,XRPUSDT
10,9,1791.2413087039333,43.17815001469234,-73.94115648863209,1.170268642558555,0.9408442973675435,1652,0,donchian,1h,1.0,"{""entry_n"": 120, ""exit_n"": 78}",1472.56134096505,39.10813041159224,-72.96949802973958,1.178323975937847,0.8283584765153182,40.909090909090914,176,0,157256134.09650502,ADAUSDT
10,9,1791.2413087039333,43.17815001469234,-73.94115648863209,1.170268642558555,0.9408442973675435,1652,0,donchian,1h,1.0,"{""entry_n"": 120, ""exit_n"": 78}",12102.736271767491,96.15499172266901,-79.76640706555878,1.1622133091792628,1.1673638891958913,36.2962962962963,135,0,1220273627.1767492,DOGEUSDT
10,9,1791.2413087039333,43.17815001469234,-73.94115648863209,1.170268642558555,0.9408442973675435,1652,0,donchian,1h,1.0,"{""entry_n"": 120, ""exit_n"": 78}",994.693815127477,37.02921623319273,-74.91281494752461,1.1253911952434439,0.7960744710718639,37.34939759036144,166,0,109469381.5127477,LINKUSDT
10,9,1791.2413087039333,43.17815001469234,-73.94115648863209,1.170268642558555,0.9408442973675435,1652,0,donchian,1h,1.0,"{""entry_n"": 120, ""exit_n"": 78}",-91.32840778217793,-24.526035233366848,-95.19337700301406,0.7804077571671718,-0.14668273219147487,34.196891191709845,193,0,867159.2217822069,LTCUSDT
10,9,1791.2413087039333,43.17815001469234,-73.94115648863209,1.170268642558555,0.9408442973675435,1652,0,donchian,1h,1.0,"{""entry_n"": 120, ""exit_n"": 78}",15582.298764723233,131.3117106608823,-67.62424370362766,1.2953563113485915,1.4395153614021607,43.80165289256198,121,0,1568229876.4723234,SOLUSDT
10,9,1791.2413087039333,43.17815001469234,-73.94115648863209,1.170268642558555,0.9408442973675435,1652,0,donchian,1h,1.0,"{""entry_n"": 120, ""exit_n"": 78}",1422.6487783887353,58.48830849351325,-77.80455882056842,1.110900459368384,0.9760928495883221,34.375,128,0,152264877.83887354,AVAXUSDT
10,9,1753.3074035256543,41.17377977916645,-66.05027410191406,1.3189891895017944,0.9541521990224981,1619,0,donchian,1h,1.0,"{""entry_n"": 160, ""exit_n"": 56}",1702.4328398418138,37.83024092472338,-41.36172461481558,1.50665368590822,1.0551502959483998,40.95744680851064,188,0,180243283.98418137,BTCUSDT
10,9,1753.3074035256543,41.17377977916645,-66.05027410191406,1.3189891895017944,0.9541521990224981,1619,0,donchian,1h,1.0,"{""entry_n"": 160, ""exit_n"": 56}",1804.1819672094948,38.67262396740247,-53.59816705701563,1.3921175222303297,0.9174833425851601,38.62433862433862,189,0,190418196.7209495,ETHUSDT
10,9,1753.3074035256543,41.17377977916645,-66.05027410191406,1.3189891895017944,0.9541521990224981,1619,0,donchian,1h,1.0,"{""entry_n"": 160, ""exit_n"": 56}",3579.12686816975,50.69833185130492,-75.38804589048814,1.3344655394298155,0.9908210554598361,43.24324324324324,185,0,367912686.816975,BNBUSDT
10,9,1753.3074035256543,41.17377977916645,-66.05027410191406,1.3189891895017944,0.9541521990224981,1619,0,donchian,1h,1.0,"{""entry_n"": 160, ""exit_n"": 56}",557.2256021555335,25.463144521376258,-67.26551079157977,1.2308910820764494,0.6755632045835053,32.91925465838509,161,0,65722560.21555335,XRPUSDT
10,9,1753.3074035256543,41.17377977916645,-66.05027410191406,1.3189891895017944,0.9541521990224981,1619,0,donchian,1h,1.0,"{""entry_n"": 160, ""exit_n"": 56}",1959.2438786102316,43.67493559093043,-57.57583135517417,1.3039170372825712,0.8961292897280759,42.51497005988024,167,0,205924387.86102316,ADAUSDT
10,9,1753.3074035256543,41.17377977916645,-66.05027410191406,1.3189891895017944,0.9541521990224981,1619,0,donchian,1h,1.0,"{""entry_n"": 160, ""exit_n"": 56}",19640.01472122475,109.84256798990853,-70.25296605024518,1.3802641465274954,1.2504740811173582,43.30708661417323,127,0,1974001472.1224751,DOGEUSDT
10,9,1753.3074035256543,41.17377977916645,-66.05027410191406,1.3189891895017944,0.9541521990224981,1619,0,donchian,1h,1.0,"{""entry_n"": 160, ""exit_n"": 56}",413.10712116093924,24.020151166490567,-77.95192845106588,1.164350982203912,0.6561482764462779,39.52095808383233,167,0,51310712.116093926,LINKUSDT
10,9,1753.3074035256543,41.17377977916645,-66.05027410191406,1.3189891895017944,0.9541521990224981,1619,0,donchian,1h,1.0,"{""entry_n"": 160, ""exit_n"": 56}",-36.77763768409022,-5.139732955076437,-82.42817494427858,0.9551365352209815,0.1659519854873239,34.5945945945946,185,0,6322236.231590977,LTCUSDT
10,9,1753.3074035256543,41.17377977916645,-66.05027410191406,1.3189891895017944,0.9541521990224981,1619,0,donchian,1h,1.0,"{""entry_n"": 160, ""exit_n"": 56}",1559.963538447162,59.36860104350543,-64.83503741224835,1.3340613417210176,1.001474998307724,41.04477611940299,134,0,165996353.8447162,SOLUSDT
10,9,1753.3074035256543,41.17377977916645,-66.05027410191406,1.3189891895017944,0.9541521990224981,1619,0,donchian,1h,1.0,"{""entry_n"": 160, ""exit_n"": 56}",3954.34881619844,87.0363973843649,-61.87380180075791,1.2746148660852255,1.2312931257127042,39.6551724137931,116,0,405434881.619844,AVAXUSDT
10,9,3537.5653855430273,51.551546160379324,-67.6816983202788,1.2828999860629375,0.9687264107322813,1397,0,donchian,1h,1.0,"{""entry_n"": 160, ""exit_n"": 80}",5275.138354322116,55.595239770830894,-45.7603639142484,1.6824231000633947,1.2924241509287495,40.52287581699346,153,0,537513835.4322116,BTCUSDT
10,9,3537.5653855430273,51.551546160379324,-67.6816983202788,1.2828999860629375,0.9687264107322813,1397,0,donchian,1h,1.0,"{""entry_n"": 160, ""exit_n"": 80}",1422.8453670260628,35.276452494007174,-55.92245059659735,1.271218638481715,0.8447800817354385,37.64705882352941,170,0,152284536.7026063,ETHUSDT
10,9,3537.5653855430273,51.551546160379324,-67.6816983202788,1.2828999860629375,0.9687264107322813,1397,0,donchian,1h,1.0,"{""entry_n"": 160, ""exit_n"": 80}",4396.363548651043,54.17652092212726,-66.83210879116248,1.3143151649825924,0.9977057713572427,37.19512195121951,164,0,449636354.8651043,BNBUSDT
10,9,3537.5653855430273,51.551546160379324,-67.6816983202788,1.2828999860629375,0.9687264107322813,1397,0,donchian,1h,1.0,"{""entry_n"": 160, ""exit_n"": 80}",501.9546905939246,24.142324228841883,-78.08070192950889,1.2034594561084209,0.6577511720883829,28.169014084507044,142,0,60195469.05939247,XRPUSDT
10,9,3537.5653855430273,51.551546160379324,-67.6816983202788,1.2828999860629375,0.9687264107322813,1397,0,donchian,1h,1.0,"{""entry_n"": 160, ""exit_n"": 80}",2678.7672224350113,48.92657139863139,-55.989563617123835,1.3258414797253866,0.93974705010732,42.857142857142854,147,0,277876722.2435011,ADAUSDT
10,9,3537.5653855430273,51.551546160379324,-67.6816983202788,1.2828999860629375,0.9687264107322813,1397,0,donchian,1h,1.0,"{""entry_n"": 160, ""exit_n"": 80}",13984.552413466588,100.14012535146732,-76.93152628142444,1.2945813336441598,1.1927196153873578,42.10526315789473,114,0,1408455241.3466587,DOGEUSDT
10,9,3537.5653855430273,51.551546160379324,-67.6816983202788,1.2828999860629375,0.9687264107322813,1397,0,donchian,1h,1.0,"{""entry_n"": 160, ""exit_n"": 80}",1311.1437827039279,41.68710340277286,-72.37995613326251,1.2225793497564326,0.8469102905295761,39.71631205673759,141,0,141114378.27039278,LINKUSDT
10,9,3537.5653855430273,51.551546160379324,-67.6816983202788,1.2828999860629375,0.9687264107322813,1397,0,donchian,1h,1.0,"{""entry_n"": 160, ""exit_n"": 80}",-54.92305481404838,-8.76167043419831,-87.867426438902,0.9308471475887417,0.1269683261960951,37.423312883435585,163,0,4507694.518595162,LTCUSDT
10,9,3537.5653855430273,51.551546160379324,-67.6816983202788,1.2828999860629375,0.9687264107322813,1397,0,donchian,1h,1.0,"{""entry_n"": 160, ""exit_n"": 80}",6671.880570842704,101.23211076272254,-63.6662730217705,1.3254308634159024,1.2843735748692142,42.857142857142854,105,0,677188057.0842705,SOLUSDT
10,9,3537.5653855430273,51.551546160379324,-67.6816983202788,1.2828999860629375,0.9687264107322813,1397,0,donchian,1h,1.0,"{""entry_n"": 160, ""exit_n"": 80}",4943.208957396627,94.06891974961931,-68.53128784939511,1.26128382497021,1.254861937946509,38.775510204081634,98,0,504320895.73966265,AVAXUSDT
10,9,2989.091087167712,48.357063419305305,-70.83545466348342,1.2383000062350829,0.9395841956172344,1266,0,donchian,1h,1.0,"{""entry_n"": 160, ""exit_n"": 104}",3355.887655665602,48.15342733130807,-46.46805946421731,1.7422497757379132,1.1381483360765385,37.68115942028986,138,0,345588765.56656015,BTCUSDT
10,9,2989.091087167712,48.357063419305305,-70.83545466348342,1.2383000062350829,0.9395841956172344,1266,0,donchian,1h,1.0,"{""entry_n"": 160, ""exit_n"": 104}",1202.8925082479407,32.95518445343184,-67.98672158232617,1.3254972282244433,0.7961016364989851,39.735099337748345,151,0,130289250.82479407,ETHUSDT
10,9,2989.091087167712,48.357063419305305,-70.83545466348342,1.2383000062350829,0.9395841956172344,1266,0,donchian,1h,1.0,"{""entry_n"": 160, ""exit_n"": 104}",3747.2451045259754,51.466236931053544,-72.49365566899493,1.3089903203350266,0.9571130946365842,33.98692810457516,153,0,384724510.4525975,BNBUSDT
10,9,2989.091087167712,48.357063419305305,-70.83545466348342,1.2383000062350829,0.9395841956172344,1266,0,donchian,1h,1.0,"{""entry_n"": 160, ""exit_n"": 104}",176.97314103683445,13.058642872378478,-85.91440349807463,1.1029718874958492,0.5223981086242204,26.515151515151516,132,0,27697314.103683442,XRPUSDT
10,9,2989.091087167712,48.357063419305305,-70.83545466348342,1.2383000062350829,0.9395841956172344,1266,0,donchian,1h,1.0,"{""entry_n"": 160, ""exit_n"": 104}",2622.294518669822,48.56069950730253,-69.1772536579719,1.2029389246964879,0.9220552965978845,41.66666666666667,132,0,272229451.8669822,ADAUSDT
10,9,2989.091087167712,48.357063419305305,-70.83545466348342,1.2383000062350829,0.9395841956172344,1266,0,donchian,1h,1.0,"{""entry_n"": 160, ""exit_n"": 104}",11197.375559358463,94.0458073889017,-77.59389875381208,1.2736610877736776,1.154991136275053,41.17647058823529,102,0,1129737555.9358463,DOGEUSDT
10,9,2989.091087167712,48.357063419305305,-70.83545466348342,1.2383000062350829,0.9395841956172344,1266,0,donchian,1h,1.0,"{""entry_n"": 160, ""exit_n"": 104}",1737.1484858679296,46.694147074971035,-64.30987831014465,1.2000631254150917,0.877072017980668,39.0625,128,0,183714848.58679295,LINKUSDT
10,9,2989.091087167712,48.357063419305305,-70.83545466348342,1.2383000062350829,0.9395841956172344,1266,0,donchian,1h,1.0,"{""entry_n"": 160, ""exit_n"": 104}",-75.57823468450682,-14.97516155478823,-85.804795374201,0.8133797036952487,0.03610560097503029,31.97278911564626,147,0,2442176.5315493173,LTCUSDT
10,9,2989.091087167712,48.357063419305305,-70.83545466348342,1.2383000062350829,0.9395841956172344,1266,0,donchian,1h,1.0,"{""entry_n"": 160, ""exit_n"": 104}",11606.66632895726,120.36033701380364,-59.82547416382855,1.504146999983399,1.3781793456486962,45.16129032258064,93,0,1170666632.895726,SOLUSDT
10,9,2989.091087167712,48.357063419305305,-70.83545466348342,1.2383000062350829,0.9395841956172344,1266,0,donchian,1h,1.0,"{""entry_n"": 160, ""exit_n"": 104}",3772.3952853917317,85.58962853581545,-81.65396072643458,1.1710544567709733,1.1764687449975633,40.0,90,0,387239528.5391732,AVAXUSDT
